0a5d999aaa7415ce47330b2b331bcbcc4a7af6142b0462266b529cdd297d6f3e	28393	data/deglitched/S0105a.deglitch.json
1ef1b4a2f9409cb42dae0d55d15a82166130eaaabb894d3e22ff9e5b502ca5e0	691200	data/deglitched/S0105a.mseed
ab428e0fc37a318dc7f4d5acdbb55a2c74999282c78091e780df885e9e349ace	26640	data/deglitched/S0173a.deglitch.json
c01aeebe0032b878758ae2c5c3a697dd6efb9a5f00c99ef681c89e69f3e8a84c	691200	data/deglitched/S0173a.mseed
0832b46ecb8124483df4d1a94104acecf911f1b7cacccc64084ace328f1dc7b3	23007	data/deglitched/S0189a.deglitch.json
f7a32c0daf05b187d88e51ebab0768efee0686899c8c55c3002f4ccd3ec6f55b	691200	data/deglitched/S0189a.mseed
27e82e9442afce12d83b66b61407f296afd4eb9326238b7dc537d540bd6f3855	22597	data/deglitched/S0235b.deglitch.json
73410b11b144b944872c7a1acfce9cb5d1141ea4e35bbde95880a56180207cff	691200	data/deglitched/S0235b.mseed
6d85398560080c0579eee9cd1ea87277217af0054a2bf5a916903df2a1ee1dbe	25441	data/deglitched/S0290b.deglitch.json
9a103a75f693822d0a928035315964c631c9256e6d18964a154af4cd39e68841	691200	data/deglitched/S0290b.mseed
156c2b1f2776d3d1239631e5ee762d7e519d5e91c584dc6d832a65debc0850a5	25150	data/deglitched/S0325a.deglitch.json
75a872fe7b83596639ad3aecd5292cfd24df30c1bc5e5555f858baf9d4619a78	691200	data/deglitched/S0325a.mseed
67593db9d5e0fa62be912005519b65ab188cff754ca778d797317c8b0d76b809	22145	data/deglitched/S0474a.deglitch.json
3c05bf4e8f1c86366b55773ae94819d1f26bdbcde01dfab218912df2099f6416	691200	data/deglitched/S0474a.mseed
7c8384f43a20ee30192c29bed37eef7df42d8b6b41b834a8234b91383f15f299	24256	data/deglitched/S0484b.deglitch.json
0c95e46f1a1de4c15ac1d28e3f97b615f561e9b7defc05b4fe1f782e5c7d4d70	691200	data/deglitched/S0484b.mseed
f596c412ad931f14acb3dca800efd04a13d12887c34f38da45fa86ac922c9c21	23942	data/deglitched/S0784a.deglitch.json
783a92ec30c92175d452d52c35fe05682f034b2a68851d034bfa97e2fec840c8	691200	data/deglitched/S0784a.mseed
83b6dfd189465b6ca0177e7df24ca88e71acfd6b168bff00c6855818641644f0	24297	data/deglitched/S0802a.deglitch.json
5c4c5067e2e52f2f1a5ad823346eb1210dea96f1fea99f66549a4a7021c6b62a	691200	data/deglitched/S0802a.mseed
dabd1066db5bba98576cb87b9d25e8fdef607928a20620ebc2db9dcd461ecf96	22431	data/deglitched/S0820a.deglitch.json
258b40b90ac70b69ddf37a9e1fc3cab1dabd87f467066fc5e59cd211b45aef23	691200	data/deglitched/S0820a.mseed
127a9f43182b88d40d36969c5fc121379cf207b1f4f2c6ddff85b100fa8bb86b	28320	data/deglitched/S0864a.deglitch.json
ceca867047b3a7a8edac1ecd61eb02d8e58cbc87bee232f99d6dadf0d891d514	691200	data/deglitched/S0864a.mseed
dd7fade4b04b05e4b451460cea8e1a75f3fcbd5ad639b836338af20494559a93	25446	data/deglitched/S0916d.deglitch.json
07bb137b03a1efb4e7951bdbb4fab29613fb6adb5766d381586e1e638614412a	691200	data/deglitched/S0916d.mseed
30eba7eec2a8152504eed8e82d0463a53f98fc74fa3108a448e7928c6e4ad622	23745	data/deglitched/S0918a.deglitch.json
94c6dbdd1e2fec359afc1a445ef3e57873a8c7fa283cc30720e3312bda723568	691200	data/deglitched/S0918a.mseed
1c7657b9b8213bb587d9e6855cb1636d5854c7d382b2c85c72d962cb84a9aadf	25142	data/deglitched/S1012d.deglitch.json
847bc7c29a880334b4f16d24928465db8139f8ccfb18682c8ae69d2b4e6c6ead	691200	data/deglitched/S1012d.mseed
41d2afe67d91cb60bf59298ca65fedf2db1c33e09db06fcac77ea780a7d564d0	25402	data/deglitched/S1015f.deglitch.json
9a11dbebe1eafe55013d9d80886890649d5a5b5fc7ad3978a745e0c8203d0a59	691200	data/deglitched/S1015f.mseed
401df5fe9f28085092089565e0a1b28204ac303729c66b5ecdf328534b000c9d	47049	data/deglitched/S1022a.deglitch.json
45928018f36765d33eb4e55f799f4ba1c9ea08b0975c4f675060b3b2d07920d1	1253376	data/deglitched/S1022a.mseed
86306939da3ec629452ae780d263f2a786a641443d4ab222c9d5a19a6a2e911e	22570	data/deglitched/S1039b.deglitch.json
dc153ab0c70ead70661f1ef7c922ea03d8d99125cd2d062f4099f1939e659ac5	691200	data/deglitched/S1039b.mseed
012aaf1c39ef03845fdf1a0db4e600f056e605a13c1486c2ec4245dfafb65fc3	23788	data/deglitched/S1048d.deglitch.json
e30ec8c0392987a016a038b693dbba842ec1645497d13e2735cd8b55b58824a8	691200	data/deglitched/S1048d.mseed
76545a2245790595c4f72f287e2113a8dcd3e0f8f29bf155c42fdcaedb0352f7	37932	data/deglitched/S1102a.deglitch.json
ddc25f9f573fc966d5f3bdeb52554e1933bfc5f65f8c74fde5e893b48c86ae21	1253376	data/deglitched/S1102a.mseed
d91f2120f48d56ad1559cb390adf5d5129a024fc416a4e061fa184c05d2a0332	27798	data/deglitched/S1133c.deglitch.json
66f6fc46db62c3ec661bd24ec68c3b6c9a5ac821e80d7756a41acdff858c2738	691200	data/deglitched/S1133c.mseed
5f01ea3ac82fe46a47e2720f59d4b791137f7e6f5a62ee0ebdddb6fc356fa471	24373	data/deglitched/S1153a.deglitch.json
1d58bc5830bf715677e95ba332f8611ac1f8ada212459864542098980338e173	691200	data/deglitched/S1153a.mseed
52c145474acc481b72b4bac0fda48531c8f961be818046d2c561a1c9136d15c3	23537	data/deglitched/S1157a.deglitch.json
84a41e0b63fbd26ee4c13c80a81f0b232f405746dbc5b2a89010ea584f6dbe7f	691200	data/deglitched/S1157a.mseed
8019079bf45c6e3f86b3fa9f686e79b2cadcefbffa0e358774b10ccb0c8aeb8f	17071	data/deglitched/S1197a.deglitch.json
b544f3d99c5d71e5272841a8586393f3e70ae2732668324382d26f622c58fea7	241664	data/deglitched/S1197a.mseed
40990e4d9bc02ebced06c047eb876694024460eab970c0efb1d574cd1309007c	14277	data/deglitched/S1222a.deglitch.json
5344fda5261c0a588565f9328ea53c6e38b6fdc24fbcb9f8e0ad70f9365f2dc5	521728	data/deglitched/S1222a.mseed
21e2c65f677b56aac5f249b0381a68aa8978ce3ad93b3a4316e3e1c4ee97dfac	24409	data/deglitched/S1415a.deglitch.json
f94e06d9925ad1a7f6bd6e041870af3e894834dd02f17b0c2424f1974c21ca0a	691200	data/deglitched/S1415a.mseed
3817409228c7bf419537c62916c4cbb49f739e6da3dcfed6da9ef653a01ef984	11561	data/deglitched/deglitch_run_summary.json
ffaac66830175871cb1284824082e8f618332930c24f53c1b4be3977259765e6	189952	data/processed/deglitch_work/S0105a/S0105a.mseed
1ef1b4a2f9409cb42dae0d55d15a82166130eaaabb894d3e22ff9e5b502ca5e0	691200	data/processed/deglitch_work/S0105a/S0105a_deglitched.mseed
4d9072eff6c97196b3d575f489ef15f2d21ace64a0329a2e29d19c92472f8ee7	1380864	data/processed/deglitch_work/S0105a/S0105a_glitches.mseed
1ef1b4a2f9409cb42dae0d55d15a82166130eaaabb894d3e22ff9e5b502ca5e0	691200	data/processed/deglitch_work/S0105a/S0105a_mps_before_ucla.mseed
4e3df8b479fb0547939259d567fb2334ec7dfb2155b25ac6548104ebe60f4a57	13297	data/processed/deglitch_work/S0105a/glitches_S0105a.txt
7ab4ad4047a34e2b087dd89641be417c44344a20f20ed6af505e7421ee807a5b	2241	data/processed/deglitch_work/S0105a/seisglitch_config.yml
812a49dcca93168d48b33192d1d2058cea0185ffbdb15bd770a55cb828abda3f	120	data/processed/deglitch_work/S0105a/ucla_runtime/UCLA_v4/._MAIN.m
812a49dcca93168d48b33192d1d2058cea0185ffbdb15bd770a55cb828abda3f	120	data/processed/deglitch_work/S0105a/ucla_runtime/UCLA_v4/._MAIN20SPSJuly26.m
812a49dcca93168d48b33192d1d2058cea0185ffbdb15bd770a55cb828abda3f	120	data/processed/deglitch_work/S0105a/ucla_runtime/UCLA_v4/._MAIN2SPS.m
812a49dcca93168d48b33192d1d2058cea0185ffbdb15bd770a55cb828abda3f	120	data/processed/deglitch_work/S0105a/ucla_runtime/UCLA_v4/._PREP08.m
812a49dcca93168d48b33192d1d2058cea0185ffbdb15bd770a55cb828abda3f	120	data/processed/deglitch_work/S0105a/ucla_runtime/UCLA_v4/._PREPmkmseedNew.m
812a49dcca93168d48b33192d1d2058cea0185ffbdb15bd770a55cb828abda3f	120	data/processed/deglitch_work/S0105a/ucla_runtime/UCLA_v4/._TruncateXcov.m
812a49dcca93168d48b33192d1d2058cea0185ffbdb15bd770a55cb828abda3f	120	data/processed/deglitch_work/S0105a/ucla_runtime/UCLA_v4/._findmaxs.m
812a49dcca93168d48b33192d1d2058cea0185ffbdb15bd770a55cb828abda3f	120	data/processed/deglitch_work/S0105a/ucla_runtime/UCLA_v4/._func.m
812a49dcca93168d48b33192d1d2058cea0185ffbdb15bd770a55cb828abda3f	120	data/processed/deglitch_work/S0105a/ucla_runtime/UCLA_v4/._testSpikes.m
dc2899a90d04a1d1642827cca701af7a8bb95c17c794e0bbfff695cb50595405	184	data/processed/deglitch_work/S0105a/ucla_runtime/UCLA_v4/Conservative.mat
88a29a4c4bc1c6a43b8172890748d123e310141074f27be8e79beaa38b44c951	1028	data/processed/deglitch_work/S0105a/ucla_runtime/UCLA_v4/FindPrecursors.m
c28425c01be4ea7600a77944ed1b06b58151ab75d05a48c957567556ccf7eedf	2876	data/processed/deglitch_work/S0105a/ucla_runtime/UCLA_v4/MAIN.m
5b4be53f17dbf968abd360eb3bc7a203a4816a49a9d77f7b6101923000142236	5852	data/processed/deglitch_work/S0105a/ucla_runtime/UCLA_v4/MAIN20SPSJuly26.m
8ba27940cfcbca3ea091ff72218d8196f9c568727646206db74ee4a5a76d707c	2811	data/processed/deglitch_work/S0105a/ucla_runtime/UCLA_v4/MAIN20SPSReconcile.m
e4cc9c3ad46f8f153fc4bb4fc16ad6ada1770be3be69718f73e0cbd79d3eecfa	2542	data/processed/deglitch_work/S0105a/ucla_runtime/UCLA_v4/MAIN20SPSReconcileNew.m
dec95e6132a0452dfdfa088c130af5ef36ba42c3fcbba6b0429116372a7e8c66	2538	data/processed/deglitch_work/S0105a/ucla_runtime/UCLA_v4/MAIN20SPSReconcileNew.m~
f1d4808322e0eca5f14cda83e962ec115f1bee52d920af00530ccdc7fa4f1ab1	2821	data/processed/deglitch_work/S0105a/ucla_runtime/UCLA_v4/MAIN2SPS.m
157dd036a546ba62631ade4ebe8a2fa61179a55b51f34fdec2605ac736f147b4	1949	data/processed/deglitch_work/S0105a/ucla_runtime/UCLA_v4/MakeGlitch.m
52f5addeda49f642dba28b8ec840197c725b506f9ddaf67c644212fa89350d8e	181	data/processed/deglitch_work/S0105a/ucla_runtime/UCLA_v4/NLIMspike.mat
04d2cf0718e7f4d888f03538216e3ea09d47d9413c0cd14993ae7effb2388ab1	511	data/processed/deglitch_work/S0105a/ucla_runtime/UCLA_v4/NSpikeFloatGreenLine.m
34d81214d8851a20a2e2489cb4b7a39fb9988bd39f7ba5130dcc1926bcc92e1c	178	data/processed/deglitch_work/S0105a/ucla_runtime/UCLA_v4/Nlevel.mat
77dade4e3e4875f9937f762dc4948903fe7336ff62aed43b23ae8bc4eb746695	1261	data/processed/deglitch_work/S0105a/ucla_runtime/UCLA_v4/PFO_div2.txt
3cd93fb164e83a6e0af241535afbcde3fb1ac7c4fb1bdb69f527521b9d68a8de	2436	data/processed/deglitch_work/S0105a/ucla_runtime/UCLA_v4/PFO_div5.txt
4332dfc92a0a5f20043845ff47147a17d70f6eefb2e3a4efb06b2fd296f6a75f	1944	data/processed/deglitch_work/S0105a/ucla_runtime/UCLA_v4/PREP03.m
04251c9e9012937fd4a1cca54c3dd19c1683300fbd8912afc3e583f666108c88	2553	data/processed/deglitch_work/S0105a/ucla_runtime/UCLA_v4/PREP08.m
9b41e10e7f72de36df8c77193dc2f3bdbaf248d84568400d94bf127be15991d3	1864	data/processed/deglitch_work/S0105a/ucla_runtime/UCLA_v4/PREP39.m
b67b43101764998deeaddb3ff57f454ae0a37182b808b310ae2945988af2fd90	1068	data/processed/deglitch_work/S0105a/ucla_runtime/UCLA_v4/PREPmkmseed.m
8c76812821b0b125644abbe5e2ae83aae9e7d6fd1d909ed720845dbfb57195ff	1392	data/processed/deglitch_work/S0105a/ucla_runtime/UCLA_v4/PREPmkmseedNew.m
9921518f8e9d4cde172edec6e08f50206f1456f10d509e8044958a1e022d23b5	1223	data/processed/deglitch_work/S0105a/ucla_runtime/UCLA_v4/PlotFinalNew.m
e2e048539122c61b800a66533394a4ffa7ffad663bc77e4220feea1f3e3261fb	1280	data/processed/deglitch_work/S0105a/ucla_runtime/UCLA_v4/PlotFinalNew2SPS.m
2c3c2cbeef099247b3271e85cbb569f1d0387388c9af84c3247131497a701570	398	data/processed/deglitch_work/S0105a/ucla_runtime/UCLA_v4/QuickClean.m
a988a011241e2919fd0307c7b9ac92e00ab2e12519905daf2440b0a7dce520a0	486	data/processed/deglitch_work/S0105a/ucla_runtime/UCLA_v4/README.m
a12273552c871602813ad807cc0e44c5c9c15bf85ac40e6546fe9790afd44450	510464	data/processed/deglitch_work/S0105a/ucla_runtime/UCLA_v4/S0235b_VBB.mseed
3339b5a792b6ce451d3ca994af140261d41567be9ff572b5e1e84cc5339e7521	610	data/processed/deglitch_work/S0105a/ucla_runtime/UCLA_v4/SampleFraction.m
8f6098dcea352194b5c896a5d46fde54c68528fd1019503b9f1c4be573aa0e1f	378	data/processed/deglitch_work/S0105a/ucla_runtime/UCLA_v4/TruncateXcov.m
cc6f80160a6579c38b91b240fb969950edd2382ee49637c2795c053a29f67153	2102	data/processed/deglitch_work/S0105a/ucla_runtime/UCLA_v4/XseedDataFDS.m
90c6bf09db4bfbc9ad32b7a276cce83c74394c08b2085e7faa26e4966d122eb7	7730	data/processed/deglitch_work/S0105a/ucla_runtime/UCLA_v4/aaout3.mat
0f29b8f216d4dfafacfb62a980c1c802e0838fc00ef9913136fe7a7da96c5439	179	data/processed/deglitch_work/S0105a/ucla_runtime/UCLA_v4/cclim.mat
a4f5bddd025e8bff941ffafbc11866f0f95948ee3b36bfdb2fc368b31276a5a5	181	data/processed/deglitch_work/S0105a/ucla_runtime/UCLA_v4/cclim2.mat
7cc4f0dadc14c5da533e46532d4090954ea1f07f552792769191c29512798647	1018199	data/processed/deglitch_work/S0105a/ucla_runtime/UCLA_v4/dc.mat
4349134d158f2f9a130cda002003852f5a401989ff3360d77e28cccd07492d1c	226	data/processed/deglitch_work/S0105a/ucla_runtime/UCLA_v4/decimeFPGA.m
f2e4440a240c7409444b6faba95f46e4a866fe12880b3d39cbe9808af4601c63	299	data/processed/deglitch_work/S0105a/ucla_runtime/UCLA_v4/deriviti.m
d03256442fcd51b630446dccd82e15f8d87b3b29ec97018745d9c11ef73b8833	192	data/processed/deglitch_work/S0105a/ucla_runtime/UCLA_v4/errors.m
2d1bfd611786fd2e70f23d1d284c0237e408099b0a38ef32603e79afe9ed35d5	175	data/processed/deglitch_work/S0105a/ucla_runtime/UCLA_v4/fetch.mat
86901dd234de26e7fcfa8c76fbdf7f4b03e95913280393648e1346bacfb62d61	475	data/processed/deglitch_work/S0105a/ucla_runtime/UCLA_v4/findI1PG1P.m
26901d09a6160a982f3ebd408c8079bc6a6b0d595e308c6128c582edc019f459	2092	data/processed/deglitch_work/S0105a/ucla_runtime/UCLA_v4/findmaxs.m
169f5ee6fe580633b465bffdee1550af46101aef46a3093db08db5ca049440a7	1903	data/processed/deglitch_work/S0105a/ucla_runtime/UCLA_v4/func.m
c34983ca96989ae643e74d20c4bc99f5c4a95ce510ede0750867bec8a4652572	938	data/processed/deglitch_work/S0105a/ucla_runtime/UCLA_v4/funcConvGaussSpikeThree.m
0996a4b2d7d7437661faac556cec16ffa42ee2773dad91661b85ee9e9b259731	3218	data/processed/deglitch_work/S0105a/ucla_runtime/UCLA_v4/funcPeaker.m
0c899e161b58e547a0c7ad3c1974bb61188fa41b57cb0d3a3dd887b8f894e02d	659	data/processed/deglitch_work/S0105a/ucla_runtime/UCLA_v4/funcadjustTimes.m
3ee00247fdf49859f4f317f084f039e1f664362ec4a5cd9040798ded8e02da0e	155199	data/processed/deglitch_work/S0105a/ucla_runtime/UCLA_v4/green20sps.mat
5f8c70eb1a3c0f850f3f6f75c6a8cea42a6e70ce42b03f2593cd9d1d0ac8669e	15639	data/processed/deglitch_work/S0105a/ucla_runtime/UCLA_v4/green2sps.mat
a7d5f244fff6c2fb5d53760cc0f6c830b36e1dc4aa619745f52bd469f007a5d2	837	data/processed/deglitch_work/S0105a/ucla_runtime/UCLA_v4/greenfitExpCSpike20SPS.m
28cb00d8ea228efd8e4576e4ab34815069791916ee5ff45ea477d4543578238e	927	data/processed/deglitch_work/S0105a/ucla_runtime/UCLA_v4/greenfitSlope.m
b215fd424deede19266682be3aa44148527e088e902c4ba4a4974136b5dd42b2	154916	data/processed/deglitch_work/S0105a/ucla_runtime/UCLA_v4/greenspike.mat
97e8ec837cb54080c9c424c10c57189c5687062f9c8e62e831c10144d3dab917	447	data/processed/deglitch_work/S0105a/ucla_runtime/UCLA_v4/junk
fc419ab9ba26bc84eebff7c7ed621e3554c8384b7f8dbc07305d1dfa470b5673	3160148	data/processed/deglitch_work/S0105a/ucla_runtime/UCLA_v4/metadata/RESP.XB.ELYSE.02.BHU
df3f74ac2730027d03d28841e3bf591ac55919de29840e30f35a64984aff58fe	3246875	data/processed/deglitch_work/S0105a/ucla_runtime/UCLA_v4/metadata/RESP.XB.ELYSE.02.BHV
54e51ce083258ef3252bd5bc4499e50de1d3b80cacda113570ae7086cea48955	3158312	data/processed/deglitch_work/S0105a/ucla_runtime/UCLA_v4/metadata/RESP.XB.ELYSE.02.BHW
110f3de4e7d5f6e9467147f77383982e6446b36bb5a3f85ed6b4776be98d7f71	784592	data/processed/deglitch_work/S0105a/ucla_runtime/UCLA_v4/metadata/RESP.XB.ELYSE.02.MHU
6605374c270b77f2bd330bfc684ba0e4b593ff46f1149def3116152615ca843b	784592	data/processed/deglitch_work/S0105a/ucla_runtime/UCLA_v4/metadata/RESP.XB.ELYSE.02.MHV
a1832e0f3aac73fc23ab402c1d8761d01b05d3d1e0b907ff8dd1cebeb07338cf	784592	data/processed/deglitch_work/S0105a/ucla_runtime/UCLA_v4/metadata/RESP.XB.ELYSE.02.MHW
0a08dc49461f0d677667f525f54861a5dc27f1aa6919ac5413c7756a2f3f74f4	17048	data/processed/deglitch_work/S0105a/ucla_runtime/UCLA_v4/mkmseed.m
3d4167bcea896854ff3170bbfd2aff5df3e9ec497ad665512c4fd30a8ff867f3	744	data/processed/deglitch_work/S0105a/ucla_runtime/UCLA_v4/mylsq.m
b14eadd66699f5ab30c262b4adf1b692a7e73b20c7eff3997f56521f72e11c50	778	data/processed/deglitch_work/S0105a/ucla_runtime/UCLA_v4/plotresultsFinal.m
606adc66abc3cee5c3ff91122d0959a0150770d88111380f230bede24c5fe8e3	34676	data/processed/deglitch_work/S0105a/ucla_runtime/UCLA_v4/rdmseed.m
38593b70a5113fccf99c57174f67b6e9a6d9b730fa3efd1ec7c492f67f9568a0	2154	data/processed/deglitch_work/S0105a/ucla_runtime/UCLA_v4/read_resp_v2.m
7bdacba195f49d202ccbb337f712d221075032aec57af96dda00225cb6b08acd	472	data/processed/deglitch_work/S0105a/ucla_runtime/UCLA_v4/rephase.m
b0627fab5f9a446d6acc3338442d98de14152a99bb70bc324d506257a8daeada	1833	data/processed/deglitch_work/S0105a/ucla_runtime/UCLA_v4/stalta.m
978c1cb7440cae89163d4398793737be45a3e57a21c9100d63bdbaa63180912a	1642	data/processed/deglitch_work/S0105a/ucla_runtime/UCLA_v4/testSpikes.m
c2a412762ba1583f9fd7d1230ef005691129af7311ccf9b625e632843241e4a7	17	data/processed/deglitch_work/S0105a/ucla_runtime/UCLA_v4/wminus
084b67b078775bf08c15ed64018d0a91eaa95b9ab4da1e24183b8b2e59788af8	833	data/processed/deglitch_work/S0105a/ucla_runtime/UCLA_v4/y
a4dd5cd1718ae40f7f3c4f94fd2afca83cd6a3d5589f74f1640bab274d5cfe19	202752	data/processed/deglitch_work/S0173a/S0173a.mseed
c01aeebe0032b878758ae2c5c3a697dd6efb9a5f00c99ef681c89e69f3e8a84c	691200	data/processed/deglitch_work/S0173a/S0173a_deglitched.mseed
8c58b4bbefc9694faa7ecbab3619e1d5203256472c614b651a83abb9635d32fd	1380864	data/processed/deglitch_work/S0173a/S0173a_glitches.mseed
c01aeebe0032b878758ae2c5c3a697dd6efb9a5f00c99ef681c89e69f3e8a84c	691200	data/processed/deglitch_work/S0173a/S0173a_mps_before_ucla.mseed
0b02e82161801d38f83131ef08559bcb8a591c28765b3fc66e8f438d78ac5282	8112	data/processed/deglitch_work/S0173a/glitches_S0173a.txt
1581eb6533aa79e8b76c6f2c378e74faa300ea9e0374a1c2e8d09305c3b0e45a	2241	data/processed/deglitch_work/S0173a/seisglitch_config.yml
812a49dcca93168d48b33192d1d2058cea0185ffbdb15bd770a55cb828abda3f	120	data/processed/deglitch_work/S0173a/ucla_runtime/UCLA_v4/._MAIN.m
812a49dcca93168d48b33192d1d2058cea0185ffbdb15bd770a55cb828abda3f	120	data/processed/deglitch_work/S0173a/ucla_runtime/UCLA_v4/._MAIN20SPSJuly26.m
812a49dcca93168d48b33192d1d2058cea0185ffbdb15bd770a55cb828abda3f	120	data/processed/deglitch_work/S0173a/ucla_runtime/UCLA_v4/._MAIN2SPS.m
812a49dcca93168d48b33192d1d2058cea0185ffbdb15bd770a55cb828abda3f	120	data/processed/deglitch_work/S0173a/ucla_runtime/UCLA_v4/._PREP08.m
812a49dcca93168d48b33192d1d2058cea0185ffbdb15bd770a55cb828abda3f	120	data/processed/deglitch_work/S0173a/ucla_runtime/UCLA_v4/._PREPmkmseedNew.m
812a49dcca93168d48b33192d1d2058cea0185ffbdb15bd770a55cb828abda3f	120	data/processed/deglitch_work/S0173a/ucla_runtime/UCLA_v4/._TruncateXcov.m
812a49dcca93168d48b33192d1d2058cea0185ffbdb15bd770a55cb828abda3f	120	data/processed/deglitch_work/S0173a/ucla_runtime/UCLA_v4/._findmaxs.m
812a49dcca93168d48b33192d1d2058cea0185ffbdb15bd770a55cb828abda3f	120	data/processed/deglitch_work/S0173a/ucla_runtime/UCLA_v4/._func.m
812a49dcca93168d48b33192d1d2058cea0185ffbdb15bd770a55cb828abda3f	120	data/processed/deglitch_work/S0173a/ucla_runtime/UCLA_v4/._testSpikes.m
dc2899a90d04a1d1642827cca701af7a8bb95c17c794e0bbfff695cb50595405	184	data/processed/deglitch_work/S0173a/ucla_runtime/UCLA_v4/Conservative.mat
88a29a4c4bc1c6a43b8172890748d123e310141074f27be8e79beaa38b44c951	1028	data/processed/deglitch_work/S0173a/ucla_runtime/UCLA_v4/FindPrecursors.m
c28425c01be4ea7600a77944ed1b06b58151ab75d05a48c957567556ccf7eedf	2876	data/processed/deglitch_work/S0173a/ucla_runtime/UCLA_v4/MAIN.m
5b4be53f17dbf968abd360eb3bc7a203a4816a49a9d77f7b6101923000142236	5852	data/processed/deglitch_work/S0173a/ucla_runtime/UCLA_v4/MAIN20SPSJuly26.m
8ba27940cfcbca3ea091ff72218d8196f9c568727646206db74ee4a5a76d707c	2811	data/processed/deglitch_work/S0173a/ucla_runtime/UCLA_v4/MAIN20SPSReconcile.m
e4cc9c3ad46f8f153fc4bb4fc16ad6ada1770be3be69718f73e0cbd79d3eecfa	2542	data/processed/deglitch_work/S0173a/ucla_runtime/UCLA_v4/MAIN20SPSReconcileNew.m
dec95e6132a0452dfdfa088c130af5ef36ba42c3fcbba6b0429116372a7e8c66	2538	data/processed/deglitch_work/S0173a/ucla_runtime/UCLA_v4/MAIN20SPSReconcileNew.m~
f1d4808322e0eca5f14cda83e962ec115f1bee52d920af00530ccdc7fa4f1ab1	2821	data/processed/deglitch_work/S0173a/ucla_runtime/UCLA_v4/MAIN2SPS.m
157dd036a546ba62631ade4ebe8a2fa61179a55b51f34fdec2605ac736f147b4	1949	data/processed/deglitch_work/S0173a/ucla_runtime/UCLA_v4/MakeGlitch.m
52f5addeda49f642dba28b8ec840197c725b506f9ddaf67c644212fa89350d8e	181	data/processed/deglitch_work/S0173a/ucla_runtime/UCLA_v4/NLIMspike.mat
04d2cf0718e7f4d888f03538216e3ea09d47d9413c0cd14993ae7effb2388ab1	511	data/processed/deglitch_work/S0173a/ucla_runtime/UCLA_v4/NSpikeFloatGreenLine.m
34d81214d8851a20a2e2489cb4b7a39fb9988bd39f7ba5130dcc1926bcc92e1c	178	data/processed/deglitch_work/S0173a/ucla_runtime/UCLA_v4/Nlevel.mat
77dade4e3e4875f9937f762dc4948903fe7336ff62aed43b23ae8bc4eb746695	1261	data/processed/deglitch_work/S0173a/ucla_runtime/UCLA_v4/PFO_div2.txt
3cd93fb164e83a6e0af241535afbcde3fb1ac7c4fb1bdb69f527521b9d68a8de	2436	data/processed/deglitch_work/S0173a/ucla_runtime/UCLA_v4/PFO_div5.txt
4332dfc92a0a5f20043845ff47147a17d70f6eefb2e3a4efb06b2fd296f6a75f	1944	data/processed/deglitch_work/S0173a/ucla_runtime/UCLA_v4/PREP03.m
04251c9e9012937fd4a1cca54c3dd19c1683300fbd8912afc3e583f666108c88	2553	data/processed/deglitch_work/S0173a/ucla_runtime/UCLA_v4/PREP08.m
9b41e10e7f72de36df8c77193dc2f3bdbaf248d84568400d94bf127be15991d3	1864	data/processed/deglitch_work/S0173a/ucla_runtime/UCLA_v4/PREP39.m
b67b43101764998deeaddb3ff57f454ae0a37182b808b310ae2945988af2fd90	1068	data/processed/deglitch_work/S0173a/ucla_runtime/UCLA_v4/PREPmkmseed.m
8c76812821b0b125644abbe5e2ae83aae9e7d6fd1d909ed720845dbfb57195ff	1392	data/processed/deglitch_work/S0173a/ucla_runtime/UCLA_v4/PREPmkmseedNew.m
9921518f8e9d4cde172edec6e08f50206f1456f10d509e8044958a1e022d23b5	1223	data/processed/deglitch_work/S0173a/ucla_runtime/UCLA_v4/PlotFinalNew.m
e2e048539122c61b800a66533394a4ffa7ffad663bc77e4220feea1f3e3261fb	1280	data/processed/deglitch_work/S0173a/ucla_runtime/UCLA_v4/PlotFinalNew2SPS.m
2c3c2cbeef099247b3271e85cbb569f1d0387388c9af84c3247131497a701570	398	data/processed/deglitch_work/S0173a/ucla_runtime/UCLA_v4/QuickClean.m
a988a011241e2919fd0307c7b9ac92e00ab2e12519905daf2440b0a7dce520a0	486	data/processed/deglitch_work/S0173a/ucla_runtime/UCLA_v4/README.m
a12273552c871602813ad807cc0e44c5c9c15bf85ac40e6546fe9790afd44450	510464	data/processed/deglitch_work/S0173a/ucla_runtime/UCLA_v4/S0235b_VBB.mseed
3339b5a792b6ce451d3ca994af140261d41567be9ff572b5e1e84cc5339e7521	610	data/processed/deglitch_work/S0173a/ucla_runtime/UCLA_v4/SampleFraction.m
8f6098dcea352194b5c896a5d46fde54c68528fd1019503b9f1c4be573aa0e1f	378	data/processed/deglitch_work/S0173a/ucla_runtime/UCLA_v4/TruncateXcov.m
cc6f80160a6579c38b91b240fb969950edd2382ee49637c2795c053a29f67153	2102	data/processed/deglitch_work/S0173a/ucla_runtime/UCLA_v4/XseedDataFDS.m
90c6bf09db4bfbc9ad32b7a276cce83c74394c08b2085e7faa26e4966d122eb7	7730	data/processed/deglitch_work/S0173a/ucla_runtime/UCLA_v4/aaout3.mat
0f29b8f216d4dfafacfb62a980c1c802e0838fc00ef9913136fe7a7da96c5439	179	data/processed/deglitch_work/S0173a/ucla_runtime/UCLA_v4/cclim.mat
a4f5bddd025e8bff941ffafbc11866f0f95948ee3b36bfdb2fc368b31276a5a5	181	data/processed/deglitch_work/S0173a/ucla_runtime/UCLA_v4/cclim2.mat
7cc4f0dadc14c5da533e46532d4090954ea1f07f552792769191c29512798647	1018199	data/processed/deglitch_work/S0173a/ucla_runtime/UCLA_v4/dc.mat
4349134d158f2f9a130cda002003852f5a401989ff3360d77e28cccd07492d1c	226	data/processed/deglitch_work/S0173a/ucla_runtime/UCLA_v4/decimeFPGA.m
f2e4440a240c7409444b6faba95f46e4a866fe12880b3d39cbe9808af4601c63	299	data/processed/deglitch_work/S0173a/ucla_runtime/UCLA_v4/deriviti.m
d03256442fcd51b630446dccd82e15f8d87b3b29ec97018745d9c11ef73b8833	192	data/processed/deglitch_work/S0173a/ucla_runtime/UCLA_v4/errors.m
2d1bfd611786fd2e70f23d1d284c0237e408099b0a38ef32603e79afe9ed35d5	175	data/processed/deglitch_work/S0173a/ucla_runtime/UCLA_v4/fetch.mat
86901dd234de26e7fcfa8c76fbdf7f4b03e95913280393648e1346bacfb62d61	475	data/processed/deglitch_work/S0173a/ucla_runtime/UCLA_v4/findI1PG1P.m
26901d09a6160a982f3ebd408c8079bc6a6b0d595e308c6128c582edc019f459	2092	data/processed/deglitch_work/S0173a/ucla_runtime/UCLA_v4/findmaxs.m
169f5ee6fe580633b465bffdee1550af46101aef46a3093db08db5ca049440a7	1903	data/processed/deglitch_work/S0173a/ucla_runtime/UCLA_v4/func.m
c34983ca96989ae643e74d20c4bc99f5c4a95ce510ede0750867bec8a4652572	938	data/processed/deglitch_work/S0173a/ucla_runtime/UCLA_v4/funcConvGaussSpikeThree.m
0996a4b2d7d7437661faac556cec16ffa42ee2773dad91661b85ee9e9b259731	3218	data/processed/deglitch_work/S0173a/ucla_runtime/UCLA_v4/funcPeaker.m
0c899e161b58e547a0c7ad3c1974bb61188fa41b57cb0d3a3dd887b8f894e02d	659	data/processed/deglitch_work/S0173a/ucla_runtime/UCLA_v4/funcadjustTimes.m
3ee00247fdf49859f4f317f084f039e1f664362ec4a5cd9040798ded8e02da0e	155199	data/processed/deglitch_work/S0173a/ucla_runtime/UCLA_v4/green20sps.mat
5f8c70eb1a3c0f850f3f6f75c6a8cea42a6e70ce42b03f2593cd9d1d0ac8669e	15639	data/processed/deglitch_work/S0173a/ucla_runtime/UCLA_v4/green2sps.mat
a7d5f244fff6c2fb5d53760cc0f6c830b36e1dc4aa619745f52bd469f007a5d2	837	data/processed/deglitch_work/S0173a/ucla_runtime/UCLA_v4/greenfitExpCSpike20SPS.m
28cb00d8ea228efd8e4576e4ab34815069791916ee5ff45ea477d4543578238e	927	data/processed/deglitch_work/S0173a/ucla_runtime/UCLA_v4/greenfitSlope.m
b215fd424deede19266682be3aa44148527e088e902c4ba4a4974136b5dd42b2	154916	data/processed/deglitch_work/S0173a/ucla_runtime/UCLA_v4/greenspike.mat
97e8ec837cb54080c9c424c10c57189c5687062f9c8e62e831c10144d3dab917	447	data/processed/deglitch_work/S0173a/ucla_runtime/UCLA_v4/junk
fc419ab9ba26bc84eebff7c7ed621e3554c8384b7f8dbc07305d1dfa470b5673	3160148	data/processed/deglitch_work/S0173a/ucla_runtime/UCLA_v4/metadata/RESP.XB.ELYSE.02.BHU
df3f74ac2730027d03d28841e3bf591ac55919de29840e30f35a64984aff58fe	3246875	data/processed/deglitch_work/S0173a/ucla_runtime/UCLA_v4/metadata/RESP.XB.ELYSE.02.BHV
54e51ce083258ef3252bd5bc4499e50de1d3b80cacda113570ae7086cea48955	3158312	data/processed/deglitch_work/S0173a/ucla_runtime/UCLA_v4/metadata/RESP.XB.ELYSE.02.BHW
110f3de4e7d5f6e9467147f77383982e6446b36bb5a3f85ed6b4776be98d7f71	784592	data/processed/deglitch_work/S0173a/ucla_runtime/UCLA_v4/metadata/RESP.XB.ELYSE.02.MHU
6605374c270b77f2bd330bfc684ba0e4b593ff46f1149def3116152615ca843b	784592	data/processed/deglitch_work/S0173a/ucla_runtime/UCLA_v4/metadata/RESP.XB.ELYSE.02.MHV
a1832e0f3aac73fc23ab402c1d8761d01b05d3d1e0b907ff8dd1cebeb07338cf	784592	data/processed/deglitch_work/S0173a/ucla_runtime/UCLA_v4/metadata/RESP.XB.ELYSE.02.MHW
0a08dc49461f0d677667f525f54861a5dc27f1aa6919ac5413c7756a2f3f74f4	17048	data/processed/deglitch_work/S0173a/ucla_runtime/UCLA_v4/mkmseed.m
3d4167bcea896854ff3170bbfd2aff5df3e9ec497ad665512c4fd30a8ff867f3	744	data/processed/deglitch_work/S0173a/ucla_runtime/UCLA_v4/mylsq.m
b14eadd66699f5ab30c262b4adf1b692a7e73b20c7eff3997f56521f72e11c50	778	data/processed/deglitch_work/S0173a/ucla_runtime/UCLA_v4/plotresultsFinal.m
606adc66abc3cee5c3ff91122d0959a0150770d88111380f230bede24c5fe8e3	34676	data/processed/deglitch_work/S0173a/ucla_runtime/UCLA_v4/rdmseed.m
38593b70a5113fccf99c57174f67b6e9a6d9b730fa3efd1ec7c492f67f9568a0	2154	data/processed/deglitch_work/S0173a/ucla_runtime/UCLA_v4/read_resp_v2.m
7bdacba195f49d202ccbb337f712d221075032aec57af96dda00225cb6b08acd	472	data/processed/deglitch_work/S0173a/ucla_runtime/UCLA_v4/rephase.m
b0627fab5f9a446d6acc3338442d98de14152a99bb70bc324d506257a8daeada	1833	data/processed/deglitch_work/S0173a/ucla_runtime/UCLA_v4/stalta.m
978c1cb7440cae89163d4398793737be45a3e57a21c9100d63bdbaa63180912a	1642	data/processed/deglitch_work/S0173a/ucla_runtime/UCLA_v4/testSpikes.m
c2a412762ba1583f9fd7d1230ef005691129af7311ccf9b625e632843241e4a7	17	data/processed/deglitch_work/S0173a/ucla_runtime/UCLA_v4/wminus
084b67b078775bf08c15ed64018d0a91eaa95b9ab4da1e24183b8b2e59788af8	833	data/processed/deglitch_work/S0173a/ucla_runtime/UCLA_v4/y
d14a3159f775eaa623ed9eabe714a656ba8604703edfcdc3eb304af3b7e682ac	185344	data/processed/deglitch_work/S0189a/S0189a.mseed
f7a32c0daf05b187d88e51ebab0768efee0686899c8c55c3002f4ccd3ec6f55b	691200	data/processed/deglitch_work/S0189a/S0189a_deglitched.mseed
adecb2103c13742dafceea09089e9fb969939af6601852585eef89be3d7b176a	1380864	data/processed/deglitch_work/S0189a/S0189a_glitches.mseed
f7a32c0daf05b187d88e51ebab0768efee0686899c8c55c3002f4ccd3ec6f55b	691200	data/processed/deglitch_work/S0189a/S0189a_mps_before_ucla.mseed
50013242dcf0c4c3416b6ad8625c76d4efa01f12f270ad72860e558aec8d5ae4	7807	data/processed/deglitch_work/S0189a/glitches_S0189a.txt
77ddd491d54081faa37cc51cc797c0f633f15a3e2f793e32f9b268a7f45eac72	2241	data/processed/deglitch_work/S0189a/seisglitch_config.yml
812a49dcca93168d48b33192d1d2058cea0185ffbdb15bd770a55cb828abda3f	120	data/processed/deglitch_work/S0189a/ucla_runtime/UCLA_v4/._MAIN.m
812a49dcca93168d48b33192d1d2058cea0185ffbdb15bd770a55cb828abda3f	120	data/processed/deglitch_work/S0189a/ucla_runtime/UCLA_v4/._MAIN20SPSJuly26.m
812a49dcca93168d48b33192d1d2058cea0185ffbdb15bd770a55cb828abda3f	120	data/processed/deglitch_work/S0189a/ucla_runtime/UCLA_v4/._MAIN2SPS.m
812a49dcca93168d48b33192d1d2058cea0185ffbdb15bd770a55cb828abda3f	120	data/processed/deglitch_work/S0189a/ucla_runtime/UCLA_v4/._PREP08.m
812a49dcca93168d48b33192d1d2058cea0185ffbdb15bd770a55cb828abda3f	120	data/processed/deglitch_work/S0189a/ucla_runtime/UCLA_v4/._PREPmkmseedNew.m
812a49dcca93168d48b33192d1d2058cea0185ffbdb15bd770a55cb828abda3f	120	data/processed/deglitch_work/S0189a/ucla_runtime/UCLA_v4/._TruncateXcov.m
812a49dcca93168d48b33192d1d2058cea0185ffbdb15bd770a55cb828abda3f	120	data/processed/deglitch_work/S0189a/ucla_runtime/UCLA_v4/._findmaxs.m
812a49dcca93168d48b33192d1d2058cea0185ffbdb15bd770a55cb828abda3f	120	data/processed/deglitch_work/S0189a/ucla_runtime/UCLA_v4/._func.m
812a49dcca93168d48b33192d1d2058cea0185ffbdb15bd770a55cb828abda3f	120	data/processed/deglitch_work/S0189a/ucla_runtime/UCLA_v4/._testSpikes.m
dc2899a90d04a1d1642827cca701af7a8bb95c17c794e0bbfff695cb50595405	184	data/processed/deglitch_work/S0189a/ucla_runtime/UCLA_v4/Conservative.mat
88a29a4c4bc1c6a43b8172890748d123e310141074f27be8e79beaa38b44c951	1028	data/processed/deglitch_work/S0189a/ucla_runtime/UCLA_v4/FindPrecursors.m
c28425c01be4ea7600a77944ed1b06b58151ab75d05a48c957567556ccf7eedf	2876	data/processed/deglitch_work/S0189a/ucla_runtime/UCLA_v4/MAIN.m
5b4be53f17dbf968abd360eb3bc7a203a4816a49a9d77f7b6101923000142236	5852	data/processed/deglitch_work/S0189a/ucla_runtime/UCLA_v4/MAIN20SPSJuly26.m
8ba27940cfcbca3ea091ff72218d8196f9c568727646206db74ee4a5a76d707c	2811	data/processed/deglitch_work/S0189a/ucla_runtime/UCLA_v4/MAIN20SPSReconcile.m
e4cc9c3ad46f8f153fc4bb4fc16ad6ada1770be3be69718f73e0cbd79d3eecfa	2542	data/processed/deglitch_work/S0189a/ucla_runtime/UCLA_v4/MAIN20SPSReconcileNew.m
dec95e6132a0452dfdfa088c130af5ef36ba42c3fcbba6b0429116372a7e8c66	2538	data/processed/deglitch_work/S0189a/ucla_runtime/UCLA_v4/MAIN20SPSReconcileNew.m~
f1d4808322e0eca5f14cda83e962ec115f1bee52d920af00530ccdc7fa4f1ab1	2821	data/processed/deglitch_work/S0189a/ucla_runtime/UCLA_v4/MAIN2SPS.m
157dd036a546ba62631ade4ebe8a2fa61179a55b51f34fdec2605ac736f147b4	1949	data/processed/deglitch_work/S0189a/ucla_runtime/UCLA_v4/MakeGlitch.m
52f5addeda49f642dba28b8ec840197c725b506f9ddaf67c644212fa89350d8e	181	data/processed/deglitch_work/S0189a/ucla_runtime/UCLA_v4/NLIMspike.mat
04d2cf0718e7f4d888f03538216e3ea09d47d9413c0cd14993ae7effb2388ab1	511	data/processed/deglitch_work/S0189a/ucla_runtime/UCLA_v4/NSpikeFloatGreenLine.m
34d81214d8851a20a2e2489cb4b7a39fb9988bd39f7ba5130dcc1926bcc92e1c	178	data/processed/deglitch_work/S0189a/ucla_runtime/UCLA_v4/Nlevel.mat
77dade4e3e4875f9937f762dc4948903fe7336ff62aed43b23ae8bc4eb746695	1261	data/processed/deglitch_work/S0189a/ucla_runtime/UCLA_v4/PFO_div2.txt
3cd93fb164e83a6e0af241535afbcde3fb1ac7c4fb1bdb69f527521b9d68a8de	2436	data/processed/deglitch_work/S0189a/ucla_runtime/UCLA_v4/PFO_div5.txt
4332dfc92a0a5f20043845ff47147a17d70f6eefb2e3a4efb06b2fd296f6a75f	1944	data/processed/deglitch_work/S0189a/ucla_runtime/UCLA_v4/PREP03.m
04251c9e9012937fd4a1cca54c3dd19c1683300fbd8912afc3e583f666108c88	2553	data/processed/deglitch_work/S0189a/ucla_runtime/UCLA_v4/PREP08.m
9b41e10e7f72de36df8c77193dc2f3bdbaf248d84568400d94bf127be15991d3	1864	data/processed/deglitch_work/S0189a/ucla_runtime/UCLA_v4/PREP39.m
b67b43101764998deeaddb3ff57f454ae0a37182b808b310ae2945988af2fd90	1068	data/processed/deglitch_work/S0189a/ucla_runtime/UCLA_v4/PREPmkmseed.m
8c76812821b0b125644abbe5e2ae83aae9e7d6fd1d909ed720845dbfb57195ff	1392	data/processed/deglitch_work/S0189a/ucla_runtime/UCLA_v4/PREPmkmseedNew.m
9921518f8e9d4cde172edec6e08f50206f1456f10d509e8044958a1e022d23b5	1223	data/processed/deglitch_work/S0189a/ucla_runtime/UCLA_v4/PlotFinalNew.m
e2e048539122c61b800a66533394a4ffa7ffad663bc77e4220feea1f3e3261fb	1280	data/processed/deglitch_work/S0189a/ucla_runtime/UCLA_v4/PlotFinalNew2SPS.m
2c3c2cbeef099247b3271e85cbb569f1d0387388c9af84c3247131497a701570	398	data/processed/deglitch_work/S0189a/ucla_runtime/UCLA_v4/QuickClean.m
a988a011241e2919fd0307c7b9ac92e00ab2e12519905daf2440b0a7dce520a0	486	data/processed/deglitch_work/S0189a/ucla_runtime/UCLA_v4/README.m
a12273552c871602813ad807cc0e44c5c9c15bf85ac40e6546fe9790afd44450	510464	data/processed/deglitch_work/S0189a/ucla_runtime/UCLA_v4/S0235b_VBB.mseed
3339b5a792b6ce451d3ca994af140261d41567be9ff572b5e1e84cc5339e7521	610	data/processed/deglitch_work/S0189a/ucla_runtime/UCLA_v4/SampleFraction.m
8f6098dcea352194b5c896a5d46fde54c68528fd1019503b9f1c4be573aa0e1f	378	data/processed/deglitch_work/S0189a/ucla_runtime/UCLA_v4/TruncateXcov.m
cc6f80160a6579c38b91b240fb969950edd2382ee49637c2795c053a29f67153	2102	data/processed/deglitch_work/S0189a/ucla_runtime/UCLA_v4/XseedDataFDS.m
90c6bf09db4bfbc9ad32b7a276cce83c74394c08b2085e7faa26e4966d122eb7	7730	data/processed/deglitch_work/S0189a/ucla_runtime/UCLA_v4/aaout3.mat
0f29b8f216d4dfafacfb62a980c1c802e0838fc00ef9913136fe7a7da96c5439	179	data/processed/deglitch_work/S0189a/ucla_runtime/UCLA_v4/cclim.mat
a4f5bddd025e8bff941ffafbc11866f0f95948ee3b36bfdb2fc368b31276a5a5	181	data/processed/deglitch_work/S0189a/ucla_runtime/UCLA_v4/cclim2.mat
7cc4f0dadc14c5da533e46532d4090954ea1f07f552792769191c29512798647	1018199	data/processed/deglitch_work/S0189a/ucla_runtime/UCLA_v4/dc.mat
4349134d158f2f9a130cda002003852f5a401989ff3360d77e28cccd07492d1c	226	data/processed/deglitch_work/S0189a/ucla_runtime/UCLA_v4/decimeFPGA.m
f2e4440a240c7409444b6faba95f46e4a866fe12880b3d39cbe9808af4601c63	299	data/processed/deglitch_work/S0189a/ucla_runtime/UCLA_v4/deriviti.m
d03256442fcd51b630446dccd82e15f8d87b3b29ec97018745d9c11ef73b8833	192	data/processed/deglitch_work/S0189a/ucla_runtime/UCLA_v4/errors.m
2d1bfd611786fd2e70f23d1d284c0237e408099b0a38ef32603e79afe9ed35d5	175	data/processed/deglitch_work/S0189a/ucla_runtime/UCLA_v4/fetch.mat
86901dd234de26e7fcfa8c76fbdf7f4b03e95913280393648e1346bacfb62d61	475	data/processed/deglitch_work/S0189a/ucla_runtime/UCLA_v4/findI1PG1P.m
26901d09a6160a982f3ebd408c8079bc6a6b0d595e308c6128c582edc019f459	2092	data/processed/deglitch_work/S0189a/ucla_runtime/UCLA_v4/findmaxs.m
169f5ee6fe580633b465bffdee1550af46101aef46a3093db08db5ca049440a7	1903	data/processed/deglitch_work/S0189a/ucla_runtime/UCLA_v4/func.m
c34983ca96989ae643e74d20c4bc99f5c4a95ce510ede0750867bec8a4652572	938	data/processed/deglitch_work/S0189a/ucla_runtime/UCLA_v4/funcConvGaussSpikeThree.m
0996a4b2d7d7437661faac556cec16ffa42ee2773dad91661b85ee9e9b259731	3218	data/processed/deglitch_work/S0189a/ucla_runtime/UCLA_v4/funcPeaker.m
0c899e161b58e547a0c7ad3c1974bb61188fa41b57cb0d3a3dd887b8f894e02d	659	data/processed/deglitch_work/S0189a/ucla_runtime/UCLA_v4/funcadjustTimes.m
3ee00247fdf49859f4f317f084f039e1f664362ec4a5cd9040798ded8e02da0e	155199	data/processed/deglitch_work/S0189a/ucla_runtime/UCLA_v4/green20sps.mat
5f8c70eb1a3c0f850f3f6f75c6a8cea42a6e70ce42b03f2593cd9d1d0ac8669e	15639	data/processed/deglitch_work/S0189a/ucla_runtime/UCLA_v4/green2sps.mat
a7d5f244fff6c2fb5d53760cc0f6c830b36e1dc4aa619745f52bd469f007a5d2	837	data/processed/deglitch_work/S0189a/ucla_runtime/UCLA_v4/greenfitExpCSpike20SPS.m
28cb00d8ea228efd8e4576e4ab34815069791916ee5ff45ea477d4543578238e	927	data/processed/deglitch_work/S0189a/ucla_runtime/UCLA_v4/greenfitSlope.m
b215fd424deede19266682be3aa44148527e088e902c4ba4a4974136b5dd42b2	154916	data/processed/deglitch_work/S0189a/ucla_runtime/UCLA_v4/greenspike.mat
97e8ec837cb54080c9c424c10c57189c5687062f9c8e62e831c10144d3dab917	447	data/processed/deglitch_work/S0189a/ucla_runtime/UCLA_v4/junk
fc419ab9ba26bc84eebff7c7ed621e3554c8384b7f8dbc07305d1dfa470b5673	3160148	data/processed/deglitch_work/S0189a/ucla_runtime/UCLA_v4/metadata/RESP.XB.ELYSE.02.BHU
df3f74ac2730027d03d28841e3bf591ac55919de29840e30f35a64984aff58fe	3246875	data/processed/deglitch_work/S0189a/ucla_runtime/UCLA_v4/metadata/RESP.XB.ELYSE.02.BHV
54e51ce083258ef3252bd5bc4499e50de1d3b80cacda113570ae7086cea48955	3158312	data/processed/deglitch_work/S0189a/ucla_runtime/UCLA_v4/metadata/RESP.XB.ELYSE.02.BHW
110f3de4e7d5f6e9467147f77383982e6446b36bb5a3f85ed6b4776be98d7f71	784592	data/processed/deglitch_work/S0189a/ucla_runtime/UCLA_v4/metadata/RESP.XB.ELYSE.02.MHU
6605374c270b77f2bd330bfc684ba0e4b593ff46f1149def3116152615ca843b	784592	data/processed/deglitch_work/S0189a/ucla_runtime/UCLA_v4/metadata/RESP.XB.ELYSE.02.MHV
a1832e0f3aac73fc23ab402c1d8761d01b05d3d1e0b907ff8dd1cebeb07338cf	784592	data/processed/deglitch_work/S0189a/ucla_runtime/UCLA_v4/metadata/RESP.XB.ELYSE.02.MHW
0a08dc49461f0d677667f525f54861a5dc27f1aa6919ac5413c7756a2f3f74f4	17048	data/processed/deglitch_work/S0189a/ucla_runtime/UCLA_v4/mkmseed.m
3d4167bcea896854ff3170bbfd2aff5df3e9ec497ad665512c4fd30a8ff867f3	744	data/processed/deglitch_work/S0189a/ucla_runtime/UCLA_v4/mylsq.m
b14eadd66699f5ab30c262b4adf1b692a7e73b20c7eff3997f56521f72e11c50	778	data/processed/deglitch_work/S0189a/ucla_runtime/UCLA_v4/plotresultsFinal.m
606adc66abc3cee5c3ff91122d0959a0150770d88111380f230bede24c5fe8e3	34676	data/processed/deglitch_work/S0189a/ucla_runtime/UCLA_v4/rdmseed.m
38593b70a5113fccf99c57174f67b6e9a6d9b730fa3efd1ec7c492f67f9568a0	2154	data/processed/deglitch_work/S0189a/ucla_runtime/UCLA_v4/read_resp_v2.m
7bdacba195f49d202ccbb337f712d221075032aec57af96dda00225cb6b08acd	472	data/processed/deglitch_work/S0189a/ucla_runtime/UCLA_v4/rephase.m
b0627fab5f9a446d6acc3338442d98de14152a99bb70bc324d506257a8daeada	1833	data/processed/deglitch_work/S0189a/ucla_runtime/UCLA_v4/stalta.m
978c1cb7440cae89163d4398793737be45a3e57a21c9100d63bdbaa63180912a	1642	data/processed/deglitch_work/S0189a/ucla_runtime/UCLA_v4/testSpikes.m
c2a412762ba1583f9fd7d1230ef005691129af7311ccf9b625e632843241e4a7	17	data/processed/deglitch_work/S0189a/ucla_runtime/UCLA_v4/wminus
084b67b078775bf08c15ed64018d0a91eaa95b9ab4da1e24183b8b2e59788af8	833	data/processed/deglitch_work/S0189a/ucla_runtime/UCLA_v4/y
3ecde9902877ddd77cc4ecd4858cf0c85815744af80cf954acc3e85d8ea7ab89	183808	data/processed/deglitch_work/S0235b/S0235b.mseed
73410b11b144b944872c7a1acfce9cb5d1141ea4e35bbde95880a56180207cff	691200	data/processed/deglitch_work/S0235b/S0235b_deglitched.mseed
22b1b387bad6112228f4328be405707163119ac7e06fd22232844cf1d284e503	1380864	data/processed/deglitch_work/S0235b/S0235b_glitches.mseed
73410b11b144b944872c7a1acfce9cb5d1141ea4e35bbde95880a56180207cff	691200	data/processed/deglitch_work/S0235b/S0235b_mps_before_ucla.mseed
d32ba4531bc3c546d4c487cf905d5d07ab17ab98e7ca89c2790d9a19108ac1b7	7502	data/processed/deglitch_work/S0235b/glitches_S0235b.txt
3b4e36d71802df4c446bb7927a382eb7607427f1b285f7989433ad9f06a1ce7f	2241	data/processed/deglitch_work/S0235b/seisglitch_config.yml
812a49dcca93168d48b33192d1d2058cea0185ffbdb15bd770a55cb828abda3f	120	data/processed/deglitch_work/S0235b/ucla_runtime/UCLA_v4/._MAIN.m
812a49dcca93168d48b33192d1d2058cea0185ffbdb15bd770a55cb828abda3f	120	data/processed/deglitch_work/S0235b/ucla_runtime/UCLA_v4/._MAIN20SPSJuly26.m
812a49dcca93168d48b33192d1d2058cea0185ffbdb15bd770a55cb828abda3f	120	data/processed/deglitch_work/S0235b/ucla_runtime/UCLA_v4/._MAIN2SPS.m
812a49dcca93168d48b33192d1d2058cea0185ffbdb15bd770a55cb828abda3f	120	data/processed/deglitch_work/S0235b/ucla_runtime/UCLA_v4/._PREP08.m
812a49dcca93168d48b33192d1d2058cea0185ffbdb15bd770a55cb828abda3f	120	data/processed/deglitch_work/S0235b/ucla_runtime/UCLA_v4/._PREPmkmseedNew.m
812a49dcca93168d48b33192d1d2058cea0185ffbdb15bd770a55cb828abda3f	120	data/processed/deglitch_work/S0235b/ucla_runtime/UCLA_v4/._TruncateXcov.m
812a49dcca93168d48b33192d1d2058cea0185ffbdb15bd770a55cb828abda3f	120	data/processed/deglitch_work/S0235b/ucla_runtime/UCLA_v4/._findmaxs.m
812a49dcca93168d48b33192d1d2058cea0185ffbdb15bd770a55cb828abda3f	120	data/processed/deglitch_work/S0235b/ucla_runtime/UCLA_v4/._func.m
812a49dcca93168d48b33192d1d2058cea0185ffbdb15bd770a55cb828abda3f	120	data/processed/deglitch_work/S0235b/ucla_runtime/UCLA_v4/._testSpikes.m
dc2899a90d04a1d1642827cca701af7a8bb95c17c794e0bbfff695cb50595405	184	data/processed/deglitch_work/S0235b/ucla_runtime/UCLA_v4/Conservative.mat
88a29a4c4bc1c6a43b8172890748d123e310141074f27be8e79beaa38b44c951	1028	data/processed/deglitch_work/S0235b/ucla_runtime/UCLA_v4/FindPrecursors.m
c28425c01be4ea7600a77944ed1b06b58151ab75d05a48c957567556ccf7eedf	2876	data/processed/deglitch_work/S0235b/ucla_runtime/UCLA_v4/MAIN.m
5b4be53f17dbf968abd360eb3bc7a203a4816a49a9d77f7b6101923000142236	5852	data/processed/deglitch_work/S0235b/ucla_runtime/UCLA_v4/MAIN20SPSJuly26.m
8ba27940cfcbca3ea091ff72218d8196f9c568727646206db74ee4a5a76d707c	2811	data/processed/deglitch_work/S0235b/ucla_runtime/UCLA_v4/MAIN20SPSReconcile.m
e4cc9c3ad46f8f153fc4bb4fc16ad6ada1770be3be69718f73e0cbd79d3eecfa	2542	data/processed/deglitch_work/S0235b/ucla_runtime/UCLA_v4/MAIN20SPSReconcileNew.m
dec95e6132a0452dfdfa088c130af5ef36ba42c3fcbba6b0429116372a7e8c66	2538	data/processed/deglitch_work/S0235b/ucla_runtime/UCLA_v4/MAIN20SPSReconcileNew.m~
f1d4808322e0eca5f14cda83e962ec115f1bee52d920af00530ccdc7fa4f1ab1	2821	data/processed/deglitch_work/S0235b/ucla_runtime/UCLA_v4/MAIN2SPS.m
157dd036a546ba62631ade4ebe8a2fa61179a55b51f34fdec2605ac736f147b4	1949	data/processed/deglitch_work/S0235b/ucla_runtime/UCLA_v4/MakeGlitch.m
52f5addeda49f642dba28b8ec840197c725b506f9ddaf67c644212fa89350d8e	181	data/processed/deglitch_work/S0235b/ucla_runtime/UCLA_v4/NLIMspike.mat
04d2cf0718e7f4d888f03538216e3ea09d47d9413c0cd14993ae7effb2388ab1	511	data/processed/deglitch_work/S0235b/ucla_runtime/UCLA_v4/NSpikeFloatGreenLine.m
34d81214d8851a20a2e2489cb4b7a39fb9988bd39f7ba5130dcc1926bcc92e1c	178	data/processed/deglitch_work/S0235b/ucla_runtime/UCLA_v4/Nlevel.mat
77dade4e3e4875f9937f762dc4948903fe7336ff62aed43b23ae8bc4eb746695	1261	data/processed/deglitch_work/S0235b/ucla_runtime/UCLA_v4/PFO_div2.txt
3cd93fb164e83a6e0af241535afbcde3fb1ac7c4fb1bdb69f527521b9d68a8de	2436	data/processed/deglitch_work/S0235b/ucla_runtime/UCLA_v4/PFO_div5.txt
4332dfc92a0a5f20043845ff47147a17d70f6eefb2e3a4efb06b2fd296f6a75f	1944	data/processed/deglitch_work/S0235b/ucla_runtime/UCLA_v4/PREP03.m
04251c9e9012937fd4a1cca54c3dd19c1683300fbd8912afc3e583f666108c88	2553	data/processed/deglitch_work/S0235b/ucla_runtime/UCLA_v4/PREP08.m
9b41e10e7f72de36df8c77193dc2f3bdbaf248d84568400d94bf127be15991d3	1864	data/processed/deglitch_work/S0235b/ucla_runtime/UCLA_v4/PREP39.m
b67b43101764998deeaddb3ff57f454ae0a37182b808b310ae2945988af2fd90	1068	data/processed/deglitch_work/S0235b/ucla_runtime/UCLA_v4/PREPmkmseed.m
8c76812821b0b125644abbe5e2ae83aae9e7d6fd1d909ed720845dbfb57195ff	1392	data/processed/deglitch_work/S0235b/ucla_runtime/UCLA_v4/PREPmkmseedNew.m
9921518f8e9d4cde172edec6e08f50206f1456f10d509e8044958a1e022d23b5	1223	data/processed/deglitch_work/S0235b/ucla_runtime/UCLA_v4/PlotFinalNew.m
e2e048539122c61b800a66533394a4ffa7ffad663bc77e4220feea1f3e3261fb	1280	data/processed/deglitch_work/S0235b/ucla_runtime/UCLA_v4/PlotFinalNew2SPS.m
2c3c2cbeef099247b3271e85cbb569f1d0387388c9af84c3247131497a701570	398	data/processed/deglitch_work/S0235b/ucla_runtime/UCLA_v4/QuickClean.m
a988a011241e2919fd0307c7b9ac92e00ab2e12519905daf2440b0a7dce520a0	486	data/processed/deglitch_work/S0235b/ucla_runtime/UCLA_v4/README.m
a12273552c871602813ad807cc0e44c5c9c15bf85ac40e6546fe9790afd44450	510464	data/processed/deglitch_work/S0235b/ucla_runtime/UCLA_v4/S0235b_VBB.mseed
3339b5a792b6ce451d3ca994af140261d41567be9ff572b5e1e84cc5339e7521	610	data/processed/deglitch_work/S0235b/ucla_runtime/UCLA_v4/SampleFraction.m
8f6098dcea352194b5c896a5d46fde54c68528fd1019503b9f1c4be573aa0e1f	378	data/processed/deglitch_work/S0235b/ucla_runtime/UCLA_v4/TruncateXcov.m
cc6f80160a6579c38b91b240fb969950edd2382ee49637c2795c053a29f67153	2102	data/processed/deglitch_work/S0235b/ucla_runtime/UCLA_v4/XseedDataFDS.m
90c6bf09db4bfbc9ad32b7a276cce83c74394c08b2085e7faa26e4966d122eb7	7730	data/processed/deglitch_work/S0235b/ucla_runtime/UCLA_v4/aaout3.mat
0f29b8f216d4dfafacfb62a980c1c802e0838fc00ef9913136fe7a7da96c5439	179	data/processed/deglitch_work/S0235b/ucla_runtime/UCLA_v4/cclim.mat
a4f5bddd025e8bff941ffafbc11866f0f95948ee3b36bfdb2fc368b31276a5a5	181	data/processed/deglitch_work/S0235b/ucla_runtime/UCLA_v4/cclim2.mat
7cc4f0dadc14c5da533e46532d4090954ea1f07f552792769191c29512798647	1018199	data/processed/deglitch_work/S0235b/ucla_runtime/UCLA_v4/dc.mat
4349134d158f2f9a130cda002003852f5a401989ff3360d77e28cccd07492d1c	226	data/processed/deglitch_work/S0235b/ucla_runtime/UCLA_v4/decimeFPGA.m
f2e4440a240c7409444b6faba95f46e4a866fe12880b3d39cbe9808af4601c63	299	data/processed/deglitch_work/S0235b/ucla_runtime/UCLA_v4/deriviti.m
d03256442fcd51b630446dccd82e15f8d87b3b29ec97018745d9c11ef73b8833	192	data/processed/deglitch_work/S0235b/ucla_runtime/UCLA_v4/errors.m
2d1bfd611786fd2e70f23d1d284c0237e408099b0a38ef32603e79afe9ed35d5	175	data/processed/deglitch_work/S0235b/ucla_runtime/UCLA_v4/fetch.mat
86901dd234de26e7fcfa8c76fbdf7f4b03e95913280393648e1346bacfb62d61	475	data/processed/deglitch_work/S0235b/ucla_runtime/UCLA_v4/findI1PG1P.m
26901d09a6160a982f3ebd408c8079bc6a6b0d595e308c6128c582edc019f459	2092	data/processed/deglitch_work/S0235b/ucla_runtime/UCLA_v4/findmaxs.m
169f5ee6fe580633b465bffdee1550af46101aef46a3093db08db5ca049440a7	1903	data/processed/deglitch_work/S0235b/ucla_runtime/UCLA_v4/func.m
c34983ca96989ae643e74d20c4bc99f5c4a95ce510ede0750867bec8a4652572	938	data/processed/deglitch_work/S0235b/ucla_runtime/UCLA_v4/funcConvGaussSpikeThree.m
0996a4b2d7d7437661faac556cec16ffa42ee2773dad91661b85ee9e9b259731	3218	data/processed/deglitch_work/S0235b/ucla_runtime/UCLA_v4/funcPeaker.m
0c899e161b58e547a0c7ad3c1974bb61188fa41b57cb0d3a3dd887b8f894e02d	659	data/processed/deglitch_work/S0235b/ucla_runtime/UCLA_v4/funcadjustTimes.m
3ee00247fdf49859f4f317f084f039e1f664362ec4a5cd9040798ded8e02da0e	155199	data/processed/deglitch_work/S0235b/ucla_runtime/UCLA_v4/green20sps.mat
5f8c70eb1a3c0f850f3f6f75c6a8cea42a6e70ce42b03f2593cd9d1d0ac8669e	15639	data/processed/deglitch_work/S0235b/ucla_runtime/UCLA_v4/green2sps.mat
a7d5f244fff6c2fb5d53760cc0f6c830b36e1dc4aa619745f52bd469f007a5d2	837	data/processed/deglitch_work/S0235b/ucla_runtime/UCLA_v4/greenfitExpCSpike20SPS.m
28cb00d8ea228efd8e4576e4ab34815069791916ee5ff45ea477d4543578238e	927	data/processed/deglitch_work/S0235b/ucla_runtime/UCLA_v4/greenfitSlope.m
b215fd424deede19266682be3aa44148527e088e902c4ba4a4974136b5dd42b2	154916	data/processed/deglitch_work/S0235b/ucla_runtime/UCLA_v4/greenspike.mat
97e8ec837cb54080c9c424c10c57189c5687062f9c8e62e831c10144d3dab917	447	data/processed/deglitch_work/S0235b/ucla_runtime/UCLA_v4/junk
fc419ab9ba26bc84eebff7c7ed621e3554c8384b7f8dbc07305d1dfa470b5673	3160148	data/processed/deglitch_work/S0235b/ucla_runtime/UCLA_v4/metadata/RESP.XB.ELYSE.02.BHU
df3f74ac2730027d03d28841e3bf591ac55919de29840e30f35a64984aff58fe	3246875	data/processed/deglitch_work/S0235b/ucla_runtime/UCLA_v4/metadata/RESP.XB.ELYSE.02.BHV
54e51ce083258ef3252bd5bc4499e50de1d3b80cacda113570ae7086cea48955	3158312	data/processed/deglitch_work/S0235b/ucla_runtime/UCLA_v4/metadata/RESP.XB.ELYSE.02.BHW
110f3de4e7d5f6e9467147f77383982e6446b36bb5a3f85ed6b4776be98d7f71	784592	data/processed/deglitch_work/S0235b/ucla_runtime/UCLA_v4/metadata/RESP.XB.ELYSE.02.MHU
6605374c270b77f2bd330bfc684ba0e4b593ff46f1149def3116152615ca843b	784592	data/processed/deglitch_work/S0235b/ucla_runtime/UCLA_v4/metadata/RESP.XB.ELYSE.02.MHV
a1832e0f3aac73fc23ab402c1d8761d01b05d3d1e0b907ff8dd1cebeb07338cf	784592	data/processed/deglitch_work/S0235b/ucla_runtime/UCLA_v4/metadata/RESP.XB.ELYSE.02.MHW
0a08dc49461f0d677667f525f54861a5dc27f1aa6919ac5413c7756a2f3f74f4	17048	data/processed/deglitch_work/S0235b/ucla_runtime/UCLA_v4/mkmseed.m
3d4167bcea896854ff3170bbfd2aff5df3e9ec497ad665512c4fd30a8ff867f3	744	data/processed/deglitch_work/S0235b/ucla_runtime/UCLA_v4/mylsq.m
b14eadd66699f5ab30c262b4adf1b692a7e73b20c7eff3997f56521f72e11c50	778	data/processed/deglitch_work/S0235b/ucla_runtime/UCLA_v4/plotresultsFinal.m
606adc66abc3cee5c3ff91122d0959a0150770d88111380f230bede24c5fe8e3	34676	data/processed/deglitch_work/S0235b/ucla_runtime/UCLA_v4/rdmseed.m
38593b70a5113fccf99c57174f67b6e9a6d9b730fa3efd1ec7c492f67f9568a0	2154	data/processed/deglitch_work/S0235b/ucla_runtime/UCLA_v4/read_resp_v2.m
7bdacba195f49d202ccbb337f712d221075032aec57af96dda00225cb6b08acd	472	data/processed/deglitch_work/S0235b/ucla_runtime/UCLA_v4/rephase.m
b0627fab5f9a446d6acc3338442d98de14152a99bb70bc324d506257a8daeada	1833	data/processed/deglitch_work/S0235b/ucla_runtime/UCLA_v4/stalta.m
978c1cb7440cae89163d4398793737be45a3e57a21c9100d63bdbaa63180912a	1642	data/processed/deglitch_work/S0235b/ucla_runtime/UCLA_v4/testSpikes.m
c2a412762ba1583f9fd7d1230ef005691129af7311ccf9b625e632843241e4a7	17	data/processed/deglitch_work/S0235b/ucla_runtime/UCLA_v4/wminus
084b67b078775bf08c15ed64018d0a91eaa95b9ab4da1e24183b8b2e59788af8	833	data/processed/deglitch_work/S0235b/ucla_runtime/UCLA_v4/y
3347ddc4b1109af234282844b5888e58f07415fdb12f50c0d223cbf346cd902a	209408	data/processed/deglitch_work/S0290b/S0290b.mseed
9a103a75f693822d0a928035315964c631c9256e6d18964a154af4cd39e68841	691200	data/processed/deglitch_work/S0290b/S0290b_deglitched.mseed
e1d8b6207217c3066ddc46e9910b83a48e611a266cc176fe1f94756664b22b6f	1380864	data/processed/deglitch_work/S0290b/S0290b_glitches.mseed
9a103a75f693822d0a928035315964c631c9256e6d18964a154af4cd39e68841	691200	data/processed/deglitch_work/S0290b/S0290b_mps_before_ucla.mseed
a9b2b8106e7c90017e86389cabc2abbde48276b14175f6f6cad7938c990b1744	6587	data/processed/deglitch_work/S0290b/glitches_S0290b.txt
9dd7f348e56a879a3b848b60946ccc3d8d06d3cff551ce75a3e69f8f31bfd069	2241	data/processed/deglitch_work/S0290b/seisglitch_config.yml
812a49dcca93168d48b33192d1d2058cea0185ffbdb15bd770a55cb828abda3f	120	data/processed/deglitch_work/S0290b/ucla_runtime/UCLA_v4/._MAIN.m
812a49dcca93168d48b33192d1d2058cea0185ffbdb15bd770a55cb828abda3f	120	data/processed/deglitch_work/S0290b/ucla_runtime/UCLA_v4/._MAIN20SPSJuly26.m
812a49dcca93168d48b33192d1d2058cea0185ffbdb15bd770a55cb828abda3f	120	data/processed/deglitch_work/S0290b/ucla_runtime/UCLA_v4/._MAIN2SPS.m
812a49dcca93168d48b33192d1d2058cea0185ffbdb15bd770a55cb828abda3f	120	data/processed/deglitch_work/S0290b/ucla_runtime/UCLA_v4/._PREP08.m
812a49dcca93168d48b33192d1d2058cea0185ffbdb15bd770a55cb828abda3f	120	data/processed/deglitch_work/S0290b/ucla_runtime/UCLA_v4/._PREPmkmseedNew.m
812a49dcca93168d48b33192d1d2058cea0185ffbdb15bd770a55cb828abda3f	120	data/processed/deglitch_work/S0290b/ucla_runtime/UCLA_v4/._TruncateXcov.m
812a49dcca93168d48b33192d1d2058cea0185ffbdb15bd770a55cb828abda3f	120	data/processed/deglitch_work/S0290b/ucla_runtime/UCLA_v4/._findmaxs.m
812a49dcca93168d48b33192d1d2058cea0185ffbdb15bd770a55cb828abda3f	120	data/processed/deglitch_work/S0290b/ucla_runtime/UCLA_v4/._func.m
812a49dcca93168d48b33192d1d2058cea0185ffbdb15bd770a55cb828abda3f	120	data/processed/deglitch_work/S0290b/ucla_runtime/UCLA_v4/._testSpikes.m
dc2899a90d04a1d1642827cca701af7a8bb95c17c794e0bbfff695cb50595405	184	data/processed/deglitch_work/S0290b/ucla_runtime/UCLA_v4/Conservative.mat
88a29a4c4bc1c6a43b8172890748d123e310141074f27be8e79beaa38b44c951	1028	data/processed/deglitch_work/S0290b/ucla_runtime/UCLA_v4/FindPrecursors.m
c28425c01be4ea7600a77944ed1b06b58151ab75d05a48c957567556ccf7eedf	2876	data/processed/deglitch_work/S0290b/ucla_runtime/UCLA_v4/MAIN.m
5b4be53f17dbf968abd360eb3bc7a203a4816a49a9d77f7b6101923000142236	5852	data/processed/deglitch_work/S0290b/ucla_runtime/UCLA_v4/MAIN20SPSJuly26.m
8ba27940cfcbca3ea091ff72218d8196f9c568727646206db74ee4a5a76d707c	2811	data/processed/deglitch_work/S0290b/ucla_runtime/UCLA_v4/MAIN20SPSReconcile.m
e4cc9c3ad46f8f153fc4bb4fc16ad6ada1770be3be69718f73e0cbd79d3eecfa	2542	data/processed/deglitch_work/S0290b/ucla_runtime/UCLA_v4/MAIN20SPSReconcileNew.m
dec95e6132a0452dfdfa088c130af5ef36ba42c3fcbba6b0429116372a7e8c66	2538	data/processed/deglitch_work/S0290b/ucla_runtime/UCLA_v4/MAIN20SPSReconcileNew.m~
f1d4808322e0eca5f14cda83e962ec115f1bee52d920af00530ccdc7fa4f1ab1	2821	data/processed/deglitch_work/S0290b/ucla_runtime/UCLA_v4/MAIN2SPS.m
157dd036a546ba62631ade4ebe8a2fa61179a55b51f34fdec2605ac736f147b4	1949	data/processed/deglitch_work/S0290b/ucla_runtime/UCLA_v4/MakeGlitch.m
52f5addeda49f642dba28b8ec840197c725b506f9ddaf67c644212fa89350d8e	181	data/processed/deglitch_work/S0290b/ucla_runtime/UCLA_v4/NLIMspike.mat
04d2cf0718e7f4d888f03538216e3ea09d47d9413c0cd14993ae7effb2388ab1	511	data/processed/deglitch_work/S0290b/ucla_runtime/UCLA_v4/NSpikeFloatGreenLine.m
34d81214d8851a20a2e2489cb4b7a39fb9988bd39f7ba5130dcc1926bcc92e1c	178	data/processed/deglitch_work/S0290b/ucla_runtime/UCLA_v4/Nlevel.mat
77dade4e3e4875f9937f762dc4948903fe7336ff62aed43b23ae8bc4eb746695	1261	data/processed/deglitch_work/S0290b/ucla_runtime/UCLA_v4/PFO_div2.txt
3cd93fb164e83a6e0af241535afbcde3fb1ac7c4fb1bdb69f527521b9d68a8de	2436	data/processed/deglitch_work/S0290b/ucla_runtime/UCLA_v4/PFO_div5.txt
4332dfc92a0a5f20043845ff47147a17d70f6eefb2e3a4efb06b2fd296f6a75f	1944	data/processed/deglitch_work/S0290b/ucla_runtime/UCLA_v4/PREP03.m
04251c9e9012937fd4a1cca54c3dd19c1683300fbd8912afc3e583f666108c88	2553	data/processed/deglitch_work/S0290b/ucla_runtime/UCLA_v4/PREP08.m
9b41e10e7f72de36df8c77193dc2f3bdbaf248d84568400d94bf127be15991d3	1864	data/processed/deglitch_work/S0290b/ucla_runtime/UCLA_v4/PREP39.m
b67b43101764998deeaddb3ff57f454ae0a37182b808b310ae2945988af2fd90	1068	data/processed/deglitch_work/S0290b/ucla_runtime/UCLA_v4/PREPmkmseed.m
8c76812821b0b125644abbe5e2ae83aae9e7d6fd1d909ed720845dbfb57195ff	1392	data/processed/deglitch_work/S0290b/ucla_runtime/UCLA_v4/PREPmkmseedNew.m
9921518f8e9d4cde172edec6e08f50206f1456f10d509e8044958a1e022d23b5	1223	data/processed/deglitch_work/S0290b/ucla_runtime/UCLA_v4/PlotFinalNew.m
e2e048539122c61b800a66533394a4ffa7ffad663bc77e4220feea1f3e3261fb	1280	data/processed/deglitch_work/S0290b/ucla_runtime/UCLA_v4/PlotFinalNew2SPS.m
2c3c2cbeef099247b3271e85cbb569f1d0387388c9af84c3247131497a701570	398	data/processed/deglitch_work/S0290b/ucla_runtime/UCLA_v4/QuickClean.m
a988a011241e2919fd0307c7b9ac92e00ab2e12519905daf2440b0a7dce520a0	486	data/processed/deglitch_work/S0290b/ucla_runtime/UCLA_v4/README.m
a12273552c871602813ad807cc0e44c5c9c15bf85ac40e6546fe9790afd44450	510464	data/processed/deglitch_work/S0290b/ucla_runtime/UCLA_v4/S0235b_VBB.mseed
3339b5a792b6ce451d3ca994af140261d41567be9ff572b5e1e84cc5339e7521	610	data/processed/deglitch_work/S0290b/ucla_runtime/UCLA_v4/SampleFraction.m
8f6098dcea352194b5c896a5d46fde54c68528fd1019503b9f1c4be573aa0e1f	378	data/processed/deglitch_work/S0290b/ucla_runtime/UCLA_v4/TruncateXcov.m
cc6f80160a6579c38b91b240fb969950edd2382ee49637c2795c053a29f67153	2102	data/processed/deglitch_work/S0290b/ucla_runtime/UCLA_v4/XseedDataFDS.m
90c6bf09db4bfbc9ad32b7a276cce83c74394c08b2085e7faa26e4966d122eb7	7730	data/processed/deglitch_work/S0290b/ucla_runtime/UCLA_v4/aaout3.mat
0f29b8f216d4dfafacfb62a980c1c802e0838fc00ef9913136fe7a7da96c5439	179	data/processed/deglitch_work/S0290b/ucla_runtime/UCLA_v4/cclim.mat
a4f5bddd025e8bff941ffafbc11866f0f95948ee3b36bfdb2fc368b31276a5a5	181	data/processed/deglitch_work/S0290b/ucla_runtime/UCLA_v4/cclim2.mat
7cc4f0dadc14c5da533e46532d4090954ea1f07f552792769191c29512798647	1018199	data/processed/deglitch_work/S0290b/ucla_runtime/UCLA_v4/dc.mat
4349134d158f2f9a130cda002003852f5a401989ff3360d77e28cccd07492d1c	226	data/processed/deglitch_work/S0290b/ucla_runtime/UCLA_v4/decimeFPGA.m
f2e4440a240c7409444b6faba95f46e4a866fe12880b3d39cbe9808af4601c63	299	data/processed/deglitch_work/S0290b/ucla_runtime/UCLA_v4/deriviti.m
d03256442fcd51b630446dccd82e15f8d87b3b29ec97018745d9c11ef73b8833	192	data/processed/deglitch_work/S0290b/ucla_runtime/UCLA_v4/errors.m
2d1bfd611786fd2e70f23d1d284c0237e408099b0a38ef32603e79afe9ed35d5	175	data/processed/deglitch_work/S0290b/ucla_runtime/UCLA_v4/fetch.mat
86901dd234de26e7fcfa8c76fbdf7f4b03e95913280393648e1346bacfb62d61	475	data/processed/deglitch_work/S0290b/ucla_runtime/UCLA_v4/findI1PG1P.m
26901d09a6160a982f3ebd408c8079bc6a6b0d595e308c6128c582edc019f459	2092	data/processed/deglitch_work/S0290b/ucla_runtime/UCLA_v4/findmaxs.m
169f5ee6fe580633b465bffdee1550af46101aef46a3093db08db5ca049440a7	1903	data/processed/deglitch_work/S0290b/ucla_runtime/UCLA_v4/func.m
c34983ca96989ae643e74d20c4bc99f5c4a95ce510ede0750867bec8a4652572	938	data/processed/deglitch_work/S0290b/ucla_runtime/UCLA_v4/funcConvGaussSpikeThree.m
0996a4b2d7d7437661faac556cec16ffa42ee2773dad91661b85ee9e9b259731	3218	data/processed/deglitch_work/S0290b/ucla_runtime/UCLA_v4/funcPeaker.m
0c899e161b58e547a0c7ad3c1974bb61188fa41b57cb0d3a3dd887b8f894e02d	659	data/processed/deglitch_work/S0290b/ucla_runtime/UCLA_v4/funcadjustTimes.m
3ee00247fdf49859f4f317f084f039e1f664362ec4a5cd9040798ded8e02da0e	155199	data/processed/deglitch_work/S0290b/ucla_runtime/UCLA_v4/green20sps.mat
5f8c70eb1a3c0f850f3f6f75c6a8cea42a6e70ce42b03f2593cd9d1d0ac8669e	15639	data/processed/deglitch_work/S0290b/ucla_runtime/UCLA_v4/green2sps.mat
a7d5f244fff6c2fb5d53760cc0f6c830b36e1dc4aa619745f52bd469f007a5d2	837	data/processed/deglitch_work/S0290b/ucla_runtime/UCLA_v4/greenfitExpCSpike20SPS.m
28cb00d8ea228efd8e4576e4ab34815069791916ee5ff45ea477d4543578238e	927	data/processed/deglitch_work/S0290b/ucla_runtime/UCLA_v4/greenfitSlope.m
b215fd424deede19266682be3aa44148527e088e902c4ba4a4974136b5dd42b2	154916	data/processed/deglitch_work/S0290b/ucla_runtime/UCLA_v4/greenspike.mat
97e8ec837cb54080c9c424c10c57189c5687062f9c8e62e831c10144d3dab917	447	data/processed/deglitch_work/S0290b/ucla_runtime/UCLA_v4/junk
fc419ab9ba26bc84eebff7c7ed621e3554c8384b7f8dbc07305d1dfa470b5673	3160148	data/processed/deglitch_work/S0290b/ucla_runtime/UCLA_v4/metadata/RESP.XB.ELYSE.02.BHU
df3f74ac2730027d03d28841e3bf591ac55919de29840e30f35a64984aff58fe	3246875	data/processed/deglitch_work/S0290b/ucla_runtime/UCLA_v4/metadata/RESP.XB.ELYSE.02.BHV
54e51ce083258ef3252bd5bc4499e50de1d3b80cacda113570ae7086cea48955	3158312	data/processed/deglitch_work/S0290b/ucla_runtime/UCLA_v4/metadata/RESP.XB.ELYSE.02.BHW
110f3de4e7d5f6e9467147f77383982e6446b36bb5a3f85ed6b4776be98d7f71	784592	data/processed/deglitch_work/S0290b/ucla_runtime/UCLA_v4/metadata/RESP.XB.ELYSE.02.MHU
6605374c270b77f2bd330bfc684ba0e4b593ff46f1149def3116152615ca843b	784592	data/processed/deglitch_work/S0290b/ucla_runtime/UCLA_v4/metadata/RESP.XB.ELYSE.02.MHV
a1832e0f3aac73fc23ab402c1d8761d01b05d3d1e0b907ff8dd1cebeb07338cf	784592	data/processed/deglitch_work/S0290b/ucla_runtime/UCLA_v4/metadata/RESP.XB.ELYSE.02.MHW
0a08dc49461f0d677667f525f54861a5dc27f1aa6919ac5413c7756a2f3f74f4	17048	data/processed/deglitch_work/S0290b/ucla_runtime/UCLA_v4/mkmseed.m
3d4167bcea896854ff3170bbfd2aff5df3e9ec497ad665512c4fd30a8ff867f3	744	data/processed/deglitch_work/S0290b/ucla_runtime/UCLA_v4/mylsq.m
b14eadd66699f5ab30c262b4adf1b692a7e73b20c7eff3997f56521f72e11c50	778	data/processed/deglitch_work/S0290b/ucla_runtime/UCLA_v4/plotresultsFinal.m
606adc66abc3cee5c3ff91122d0959a0150770d88111380f230bede24c5fe8e3	34676	data/processed/deglitch_work/S0290b/ucla_runtime/UCLA_v4/rdmseed.m
38593b70a5113fccf99c57174f67b6e9a6d9b730fa3efd1ec7c492f67f9568a0	2154	data/processed/deglitch_work/S0290b/ucla_runtime/UCLA_v4/read_resp_v2.m
7bdacba195f49d202ccbb337f712d221075032aec57af96dda00225cb6b08acd	472	data/processed/deglitch_work/S0290b/ucla_runtime/UCLA_v4/rephase.m
b0627fab5f9a446d6acc3338442d98de14152a99bb70bc324d506257a8daeada	1833	data/processed/deglitch_work/S0290b/ucla_runtime/UCLA_v4/stalta.m
978c1cb7440cae89163d4398793737be45a3e57a21c9100d63bdbaa63180912a	1642	data/processed/deglitch_work/S0290b/ucla_runtime/UCLA_v4/testSpikes.m
c2a412762ba1583f9fd7d1230ef005691129af7311ccf9b625e632843241e4a7	17	data/processed/deglitch_work/S0290b/ucla_runtime/UCLA_v4/wminus
084b67b078775bf08c15ed64018d0a91eaa95b9ab4da1e24183b8b2e59788af8	833	data/processed/deglitch_work/S0290b/ucla_runtime/UCLA_v4/y
659c5d5ac1be53176b150770f6d7479b431ca2a6ab80039cb184880ca6d5c539	243200	data/processed/deglitch_work/S0325a/S0325a.mseed
75a872fe7b83596639ad3aecd5292cfd24df30c1bc5e5555f858baf9d4619a78	691200	data/processed/deglitch_work/S0325a/S0325a_deglitched.mseed
9cfb35a0ec1d3481cbce396ad4fee6a84c6a50e98b43669aefe1af642cac369f	1380864	data/processed/deglitch_work/S0325a/S0325a_glitches.mseed
75a872fe7b83596639ad3aecd5292cfd24df30c1bc5e5555f858baf9d4619a78	691200	data/processed/deglitch_work/S0325a/S0325a_mps_before_ucla.mseed
c10ac8c7366851841d804521be67aa16075b4e36394163fec6871334c70eae39	9332	data/processed/deglitch_work/S0325a/glitches_S0325a.txt
cb0ef61d0a53160089c967939fbb68f2dec35318e95884360d41e55daac689e8	2241	data/processed/deglitch_work/S0325a/seisglitch_config.yml
812a49dcca93168d48b33192d1d2058cea0185ffbdb15bd770a55cb828abda3f	120	data/processed/deglitch_work/S0325a/ucla_runtime/UCLA_v4/._MAIN.m
812a49dcca93168d48b33192d1d2058cea0185ffbdb15bd770a55cb828abda3f	120	data/processed/deglitch_work/S0325a/ucla_runtime/UCLA_v4/._MAIN20SPSJuly26.m
812a49dcca93168d48b33192d1d2058cea0185ffbdb15bd770a55cb828abda3f	120	data/processed/deglitch_work/S0325a/ucla_runtime/UCLA_v4/._MAIN2SPS.m
812a49dcca93168d48b33192d1d2058cea0185ffbdb15bd770a55cb828abda3f	120	data/processed/deglitch_work/S0325a/ucla_runtime/UCLA_v4/._PREP08.m
812a49dcca93168d48b33192d1d2058cea0185ffbdb15bd770a55cb828abda3f	120	data/processed/deglitch_work/S0325a/ucla_runtime/UCLA_v4/._PREPmkmseedNew.m
812a49dcca93168d48b33192d1d2058cea0185ffbdb15bd770a55cb828abda3f	120	data/processed/deglitch_work/S0325a/ucla_runtime/UCLA_v4/._TruncateXcov.m
812a49dcca93168d48b33192d1d2058cea0185ffbdb15bd770a55cb828abda3f	120	data/processed/deglitch_work/S0325a/ucla_runtime/UCLA_v4/._findmaxs.m
812a49dcca93168d48b33192d1d2058cea0185ffbdb15bd770a55cb828abda3f	120	data/processed/deglitch_work/S0325a/ucla_runtime/UCLA_v4/._func.m
812a49dcca93168d48b33192d1d2058cea0185ffbdb15bd770a55cb828abda3f	120	data/processed/deglitch_work/S0325a/ucla_runtime/UCLA_v4/._testSpikes.m
dc2899a90d04a1d1642827cca701af7a8bb95c17c794e0bbfff695cb50595405	184	data/processed/deglitch_work/S0325a/ucla_runtime/UCLA_v4/Conservative.mat
88a29a4c4bc1c6a43b8172890748d123e310141074f27be8e79beaa38b44c951	1028	data/processed/deglitch_work/S0325a/ucla_runtime/UCLA_v4/FindPrecursors.m
c28425c01be4ea7600a77944ed1b06b58151ab75d05a48c957567556ccf7eedf	2876	data/processed/deglitch_work/S0325a/ucla_runtime/UCLA_v4/MAIN.m
5b4be53f17dbf968abd360eb3bc7a203a4816a49a9d77f7b6101923000142236	5852	data/processed/deglitch_work/S0325a/ucla_runtime/UCLA_v4/MAIN20SPSJuly26.m
8ba27940cfcbca3ea091ff72218d8196f9c568727646206db74ee4a5a76d707c	2811	data/processed/deglitch_work/S0325a/ucla_runtime/UCLA_v4/MAIN20SPSReconcile.m
e4cc9c3ad46f8f153fc4bb4fc16ad6ada1770be3be69718f73e0cbd79d3eecfa	2542	data/processed/deglitch_work/S0325a/ucla_runtime/UCLA_v4/MAIN20SPSReconcileNew.m
dec95e6132a0452dfdfa088c130af5ef36ba42c3fcbba6b0429116372a7e8c66	2538	data/processed/deglitch_work/S0325a/ucla_runtime/UCLA_v4/MAIN20SPSReconcileNew.m~
f1d4808322e0eca5f14cda83e962ec115f1bee52d920af00530ccdc7fa4f1ab1	2821	data/processed/deglitch_work/S0325a/ucla_runtime/UCLA_v4/MAIN2SPS.m
157dd036a546ba62631ade4ebe8a2fa61179a55b51f34fdec2605ac736f147b4	1949	data/processed/deglitch_work/S0325a/ucla_runtime/UCLA_v4/MakeGlitch.m
52f5addeda49f642dba28b8ec840197c725b506f9ddaf67c644212fa89350d8e	181	data/processed/deglitch_work/S0325a/ucla_runtime/UCLA_v4/NLIMspike.mat
04d2cf0718e7f4d888f03538216e3ea09d47d9413c0cd14993ae7effb2388ab1	511	data/processed/deglitch_work/S0325a/ucla_runtime/UCLA_v4/NSpikeFloatGreenLine.m
34d81214d8851a20a2e2489cb4b7a39fb9988bd39f7ba5130dcc1926bcc92e1c	178	data/processed/deglitch_work/S0325a/ucla_runtime/UCLA_v4/Nlevel.mat
77dade4e3e4875f9937f762dc4948903fe7336ff62aed43b23ae8bc4eb746695	1261	data/processed/deglitch_work/S0325a/ucla_runtime/UCLA_v4/PFO_div2.txt
3cd93fb164e83a6e0af241535afbcde3fb1ac7c4fb1bdb69f527521b9d68a8de	2436	data/processed/deglitch_work/S0325a/ucla_runtime/UCLA_v4/PFO_div5.txt
4332dfc92a0a5f20043845ff47147a17d70f6eefb2e3a4efb06b2fd296f6a75f	1944	data/processed/deglitch_work/S0325a/ucla_runtime/UCLA_v4/PREP03.m
04251c9e9012937fd4a1cca54c3dd19c1683300fbd8912afc3e583f666108c88	2553	data/processed/deglitch_work/S0325a/ucla_runtime/UCLA_v4/PREP08.m
9b41e10e7f72de36df8c77193dc2f3bdbaf248d84568400d94bf127be15991d3	1864	data/processed/deglitch_work/S0325a/ucla_runtime/UCLA_v4/PREP39.m
b67b43101764998deeaddb3ff57f454ae0a37182b808b310ae2945988af2fd90	1068	data/processed/deglitch_work/S0325a/ucla_runtime/UCLA_v4/PREPmkmseed.m
8c76812821b0b125644abbe5e2ae83aae9e7d6fd1d909ed720845dbfb57195ff	1392	data/processed/deglitch_work/S0325a/ucla_runtime/UCLA_v4/PREPmkmseedNew.m
9921518f8e9d4cde172edec6e08f50206f1456f10d509e8044958a1e022d23b5	1223	data/processed/deglitch_work/S0325a/ucla_runtime/UCLA_v4/PlotFinalNew.m
e2e048539122c61b800a66533394a4ffa7ffad663bc77e4220feea1f3e3261fb	1280	data/processed/deglitch_work/S0325a/ucla_runtime/UCLA_v4/PlotFinalNew2SPS.m
2c3c2cbeef099247b3271e85cbb569f1d0387388c9af84c3247131497a701570	398	data/processed/deglitch_work/S0325a/ucla_runtime/UCLA_v4/QuickClean.m
a988a011241e2919fd0307c7b9ac92e00ab2e12519905daf2440b0a7dce520a0	486	data/processed/deglitch_work/S0325a/ucla_runtime/UCLA_v4/README.m
a12273552c871602813ad807cc0e44c5c9c15bf85ac40e6546fe9790afd44450	510464	data/processed/deglitch_work/S0325a/ucla_runtime/UCLA_v4/S0235b_VBB.mseed
3339b5a792b6ce451d3ca994af140261d41567be9ff572b5e1e84cc5339e7521	610	data/processed/deglitch_work/S0325a/ucla_runtime/UCLA_v4/SampleFraction.m
8f6098dcea352194b5c896a5d46fde54c68528fd1019503b9f1c4be573aa0e1f	378	data/processed/deglitch_work/S0325a/ucla_runtime/UCLA_v4/TruncateXcov.m
cc6f80160a6579c38b91b240fb969950edd2382ee49637c2795c053a29f67153	2102	data/processed/deglitch_work/S0325a/ucla_runtime/UCLA_v4/XseedDataFDS.m
90c6bf09db4bfbc9ad32b7a276cce83c74394c08b2085e7faa26e4966d122eb7	7730	data/processed/deglitch_work/S0325a/ucla_runtime/UCLA_v4/aaout3.mat
0f29b8f216d4dfafacfb62a980c1c802e0838fc00ef9913136fe7a7da96c5439	179	data/processed/deglitch_work/S0325a/ucla_runtime/UCLA_v4/cclim.mat
a4f5bddd025e8bff941ffafbc11866f0f95948ee3b36bfdb2fc368b31276a5a5	181	data/processed/deglitch_work/S0325a/ucla_runtime/UCLA_v4/cclim2.mat
7cc4f0dadc14c5da533e46532d4090954ea1f07f552792769191c29512798647	1018199	data/processed/deglitch_work/S0325a/ucla_runtime/UCLA_v4/dc.mat
4349134d158f2f9a130cda002003852f5a401989ff3360d77e28cccd07492d1c	226	data/processed/deglitch_work/S0325a/ucla_runtime/UCLA_v4/decimeFPGA.m
f2e4440a240c7409444b6faba95f46e4a866fe12880b3d39cbe9808af4601c63	299	data/processed/deglitch_work/S0325a/ucla_runtime/UCLA_v4/deriviti.m
d03256442fcd51b630446dccd82e15f8d87b3b29ec97018745d9c11ef73b8833	192	data/processed/deglitch_work/S0325a/ucla_runtime/UCLA_v4/errors.m
2d1bfd611786fd2e70f23d1d284c0237e408099b0a38ef32603e79afe9ed35d5	175	data/processed/deglitch_work/S0325a/ucla_runtime/UCLA_v4/fetch.mat
86901dd234de26e7fcfa8c76fbdf7f4b03e95913280393648e1346bacfb62d61	475	data/processed/deglitch_work/S0325a/ucla_runtime/UCLA_v4/findI1PG1P.m
26901d09a6160a982f3ebd408c8079bc6a6b0d595e308c6128c582edc019f459	2092	data/processed/deglitch_work/S0325a/ucla_runtime/UCLA_v4/findmaxs.m
169f5ee6fe580633b465bffdee1550af46101aef46a3093db08db5ca049440a7	1903	data/processed/deglitch_work/S0325a/ucla_runtime/UCLA_v4/func.m
c34983ca96989ae643e74d20c4bc99f5c4a95ce510ede0750867bec8a4652572	938	data/processed/deglitch_work/S0325a/ucla_runtime/UCLA_v4/funcConvGaussSpikeThree.m
0996a4b2d7d7437661faac556cec16ffa42ee2773dad91661b85ee9e9b259731	3218	data/processed/deglitch_work/S0325a/ucla_runtime/UCLA_v4/funcPeaker.m
0c899e161b58e547a0c7ad3c1974bb61188fa41b57cb0d3a3dd887b8f894e02d	659	data/processed/deglitch_work/S0325a/ucla_runtime/UCLA_v4/funcadjustTimes.m
3ee00247fdf49859f4f317f084f039e1f664362ec4a5cd9040798ded8e02da0e	155199	data/processed/deglitch_work/S0325a/ucla_runtime/UCLA_v4/green20sps.mat
5f8c70eb1a3c0f850f3f6f75c6a8cea42a6e70ce42b03f2593cd9d1d0ac8669e	15639	data/processed/deglitch_work/S0325a/ucla_runtime/UCLA_v4/green2sps.mat
a7d5f244fff6c2fb5d53760cc0f6c830b36e1dc4aa619745f52bd469f007a5d2	837	data/processed/deglitch_work/S0325a/ucla_runtime/UCLA_v4/greenfitExpCSpike20SPS.m
28cb00d8ea228efd8e4576e4ab34815069791916ee5ff45ea477d4543578238e	927	data/processed/deglitch_work/S0325a/ucla_runtime/UCLA_v4/greenfitSlope.m
b215fd424deede19266682be3aa44148527e088e902c4ba4a4974136b5dd42b2	154916	data/processed/deglitch_work/S0325a/ucla_runtime/UCLA_v4/greenspike.mat
97e8ec837cb54080c9c424c10c57189c5687062f9c8e62e831c10144d3dab917	447	data/processed/deglitch_work/S0325a/ucla_runtime/UCLA_v4/junk
fc419ab9ba26bc84eebff7c7ed621e3554c8384b7f8dbc07305d1dfa470b5673	3160148	data/processed/deglitch_work/S0325a/ucla_runtime/UCLA_v4/metadata/RESP.XB.ELYSE.02.BHU
df3f74ac2730027d03d28841e3bf591ac55919de29840e30f35a64984aff58fe	3246875	data/processed/deglitch_work/S0325a/ucla_runtime/UCLA_v4/metadata/RESP.XB.ELYSE.02.BHV
54e51ce083258ef3252bd5bc4499e50de1d3b80cacda113570ae7086cea48955	3158312	data/processed/deglitch_work/S0325a/ucla_runtime/UCLA_v4/metadata/RESP.XB.ELYSE.02.BHW
110f3de4e7d5f6e9467147f77383982e6446b36bb5a3f85ed6b4776be98d7f71	784592	data/processed/deglitch_work/S0325a/ucla_runtime/UCLA_v4/metadata/RESP.XB.ELYSE.02.MHU
6605374c270b77f2bd330bfc684ba0e4b593ff46f1149def3116152615ca843b	784592	data/processed/deglitch_work/S0325a/ucla_runtime/UCLA_v4/metadata/RESP.XB.ELYSE.02.MHV
a1832e0f3aac73fc23ab402c1d8761d01b05d3d1e0b907ff8dd1cebeb07338cf	784592	data/processed/deglitch_work/S0325a/ucla_runtime/UCLA_v4/metadata/RESP.XB.ELYSE.02.MHW
0a08dc49461f0d677667f525f54861a5dc27f1aa6919ac5413c7756a2f3f74f4	17048	data/processed/deglitch_work/S0325a/ucla_runtime/UCLA_v4/mkmseed.m
3d4167bcea896854ff3170bbfd2aff5df3e9ec497ad665512c4fd30a8ff867f3	744	data/processed/deglitch_work/S0325a/ucla_runtime/UCLA_v4/mylsq.m
b14eadd66699f5ab30c262b4adf1b692a7e73b20c7eff3997f56521f72e11c50	778	data/processed/deglitch_work/S0325a/ucla_runtime/UCLA_v4/plotresultsFinal.m
606adc66abc3cee5c3ff91122d0959a0150770d88111380f230bede24c5fe8e3	34676	data/processed/deglitch_work/S0325a/ucla_runtime/UCLA_v4/rdmseed.m
38593b70a5113fccf99c57174f67b6e9a6d9b730fa3efd1ec7c492f67f9568a0	2154	data/processed/deglitch_work/S0325a/ucla_runtime/UCLA_v4/read_resp_v2.m
7bdacba195f49d202ccbb337f712d221075032aec57af96dda00225cb6b08acd	472	data/processed/deglitch_work/S0325a/ucla_runtime/UCLA_v4/rephase.m
b0627fab5f9a446d6acc3338442d98de14152a99bb70bc324d506257a8daeada	1833	data/processed/deglitch_work/S0325a/ucla_runtime/UCLA_v4/stalta.m
978c1cb7440cae89163d4398793737be45a3e57a21c9100d63bdbaa63180912a	1642	data/processed/deglitch_work/S0325a/ucla_runtime/UCLA_v4/testSpikes.m
c2a412762ba1583f9fd7d1230ef005691129af7311ccf9b625e632843241e4a7	17	data/processed/deglitch_work/S0325a/ucla_runtime/UCLA_v4/wminus
084b67b078775bf08c15ed64018d0a91eaa95b9ab4da1e24183b8b2e59788af8	833	data/processed/deglitch_work/S0325a/ucla_runtime/UCLA_v4/y
474518969b80ac38ad9ff96c3939ce58ca1ad706a4c8f1e3c65fb84027582805	189952	data/processed/deglitch_work/S0474a/S0474a.mseed
3c05bf4e8f1c86366b55773ae94819d1f26bdbcde01dfab218912df2099f6416	691200	data/processed/deglitch_work/S0474a/S0474a_deglitched.mseed
4aa2db1ab08a40e71461f924a6eb7be9253191249a89f39484e783cef922d726	1380864	data/processed/deglitch_work/S0474a/S0474a_glitches.mseed
3c05bf4e8f1c86366b55773ae94819d1f26bdbcde01dfab218912df2099f6416	691200	data/processed/deglitch_work/S0474a/S0474a_mps_before_ucla.mseed
1e6950add03dcc1a6c4f402bd7d217e67a30461bb58bf4778ab7102f3c6fc246	6892	data/processed/deglitch_work/S0474a/glitches_S0474a.txt
1a853852857f2f0b829c3ac95844d6771ef7b824d23a79317debf2a40c5db3d7	2241	data/processed/deglitch_work/S0474a/seisglitch_config.yml
812a49dcca93168d48b33192d1d2058cea0185ffbdb15bd770a55cb828abda3f	120	data/processed/deglitch_work/S0474a/ucla_runtime/UCLA_v4/._MAIN.m
812a49dcca93168d48b33192d1d2058cea0185ffbdb15bd770a55cb828abda3f	120	data/processed/deglitch_work/S0474a/ucla_runtime/UCLA_v4/._MAIN20SPSJuly26.m
812a49dcca93168d48b33192d1d2058cea0185ffbdb15bd770a55cb828abda3f	120	data/processed/deglitch_work/S0474a/ucla_runtime/UCLA_v4/._MAIN2SPS.m
812a49dcca93168d48b33192d1d2058cea0185ffbdb15bd770a55cb828abda3f	120	data/processed/deglitch_work/S0474a/ucla_runtime/UCLA_v4/._PREP08.m
812a49dcca93168d48b33192d1d2058cea0185ffbdb15bd770a55cb828abda3f	120	data/processed/deglitch_work/S0474a/ucla_runtime/UCLA_v4/._PREPmkmseedNew.m
812a49dcca93168d48b33192d1d2058cea0185ffbdb15bd770a55cb828abda3f	120	data/processed/deglitch_work/S0474a/ucla_runtime/UCLA_v4/._TruncateXcov.m
812a49dcca93168d48b33192d1d2058cea0185ffbdb15bd770a55cb828abda3f	120	data/processed/deglitch_work/S0474a/ucla_runtime/UCLA_v4/._findmaxs.m
812a49dcca93168d48b33192d1d2058cea0185ffbdb15bd770a55cb828abda3f	120	data/processed/deglitch_work/S0474a/ucla_runtime/UCLA_v4/._func.m
812a49dcca93168d48b33192d1d2058cea0185ffbdb15bd770a55cb828abda3f	120	data/processed/deglitch_work/S0474a/ucla_runtime/UCLA_v4/._testSpikes.m
dc2899a90d04a1d1642827cca701af7a8bb95c17c794e0bbfff695cb50595405	184	data/processed/deglitch_work/S0474a/ucla_runtime/UCLA_v4/Conservative.mat
88a29a4c4bc1c6a43b8172890748d123e310141074f27be8e79beaa38b44c951	1028	data/processed/deglitch_work/S0474a/ucla_runtime/UCLA_v4/FindPrecursors.m
c28425c01be4ea7600a77944ed1b06b58151ab75d05a48c957567556ccf7eedf	2876	data/processed/deglitch_work/S0474a/ucla_runtime/UCLA_v4/MAIN.m
5b4be53f17dbf968abd360eb3bc7a203a4816a49a9d77f7b6101923000142236	5852	data/processed/deglitch_work/S0474a/ucla_runtime/UCLA_v4/MAIN20SPSJuly26.m
8ba27940cfcbca3ea091ff72218d8196f9c568727646206db74ee4a5a76d707c	2811	data/processed/deglitch_work/S0474a/ucla_runtime/UCLA_v4/MAIN20SPSReconcile.m
e4cc9c3ad46f8f153fc4bb4fc16ad6ada1770be3be69718f73e0cbd79d3eecfa	2542	data/processed/deglitch_work/S0474a/ucla_runtime/UCLA_v4/MAIN20SPSReconcileNew.m
dec95e6132a0452dfdfa088c130af5ef36ba42c3fcbba6b0429116372a7e8c66	2538	data/processed/deglitch_work/S0474a/ucla_runtime/UCLA_v4/MAIN20SPSReconcileNew.m~
f1d4808322e0eca5f14cda83e962ec115f1bee52d920af00530ccdc7fa4f1ab1	2821	data/processed/deglitch_work/S0474a/ucla_runtime/UCLA_v4/MAIN2SPS.m
157dd036a546ba62631ade4ebe8a2fa61179a55b51f34fdec2605ac736f147b4	1949	data/processed/deglitch_work/S0474a/ucla_runtime/UCLA_v4/MakeGlitch.m
52f5addeda49f642dba28b8ec840197c725b506f9ddaf67c644212fa89350d8e	181	data/processed/deglitch_work/S0474a/ucla_runtime/UCLA_v4/NLIMspike.mat
04d2cf0718e7f4d888f03538216e3ea09d47d9413c0cd14993ae7effb2388ab1	511	data/processed/deglitch_work/S0474a/ucla_runtime/UCLA_v4/NSpikeFloatGreenLine.m
34d81214d8851a20a2e2489cb4b7a39fb9988bd39f7ba5130dcc1926bcc92e1c	178	data/processed/deglitch_work/S0474a/ucla_runtime/UCLA_v4/Nlevel.mat
77dade4e3e4875f9937f762dc4948903fe7336ff62aed43b23ae8bc4eb746695	1261	data/processed/deglitch_work/S0474a/ucla_runtime/UCLA_v4/PFO_div2.txt
3cd93fb164e83a6e0af241535afbcde3fb1ac7c4fb1bdb69f527521b9d68a8de	2436	data/processed/deglitch_work/S0474a/ucla_runtime/UCLA_v4/PFO_div5.txt
4332dfc92a0a5f20043845ff47147a17d70f6eefb2e3a4efb06b2fd296f6a75f	1944	data/processed/deglitch_work/S0474a/ucla_runtime/UCLA_v4/PREP03.m
04251c9e9012937fd4a1cca54c3dd19c1683300fbd8912afc3e583f666108c88	2553	data/processed/deglitch_work/S0474a/ucla_runtime/UCLA_v4/PREP08.m
9b41e10e7f72de36df8c77193dc2f3bdbaf248d84568400d94bf127be15991d3	1864	data/processed/deglitch_work/S0474a/ucla_runtime/UCLA_v4/PREP39.m
b67b43101764998deeaddb3ff57f454ae0a37182b808b310ae2945988af2fd90	1068	data/processed/deglitch_work/S0474a/ucla_runtime/UCLA_v4/PREPmkmseed.m
8c76812821b0b125644abbe5e2ae83aae9e7d6fd1d909ed720845dbfb57195ff	1392	data/processed/deglitch_work/S0474a/ucla_runtime/UCLA_v4/PREPmkmseedNew.m
9921518f8e9d4cde172edec6e08f50206f1456f10d509e8044958a1e022d23b5	1223	data/processed/deglitch_work/S0474a/ucla_runtime/UCLA_v4/PlotFinalNew.m
e2e048539122c61b800a66533394a4ffa7ffad663bc77e4220feea1f3e3261fb	1280	data/processed/deglitch_work/S0474a/ucla_runtime/UCLA_v4/PlotFinalNew2SPS.m
2c3c2cbeef099247b3271e85cbb569f1d0387388c9af84c3247131497a701570	398	data/processed/deglitch_work/S0474a/ucla_runtime/UCLA_v4/QuickClean.m
a988a011241e2919fd0307c7b9ac92e00ab2e12519905daf2440b0a7dce520a0	486	data/processed/deglitch_work/S0474a/ucla_runtime/UCLA_v4/README.m
a12273552c871602813ad807cc0e44c5c9c15bf85ac40e6546fe9790afd44450	510464	data/processed/deglitch_work/S0474a/ucla_runtime/UCLA_v4/S0235b_VBB.mseed
3339b5a792b6ce451d3ca994af140261d41567be9ff572b5e1e84cc5339e7521	610	data/processed/deglitch_work/S0474a/ucla_runtime/UCLA_v4/SampleFraction.m
8f6098dcea352194b5c896a5d46fde54c68528fd1019503b9f1c4be573aa0e1f	378	data/processed/deglitch_work/S0474a/ucla_runtime/UCLA_v4/TruncateXcov.m
cc6f80160a6579c38b91b240fb969950edd2382ee49637c2795c053a29f67153	2102	data/processed/deglitch_work/S0474a/ucla_runtime/UCLA_v4/XseedDataFDS.m
90c6bf09db4bfbc9ad32b7a276cce83c74394c08b2085e7faa26e4966d122eb7	7730	data/processed/deglitch_work/S0474a/ucla_runtime/UCLA_v4/aaout3.mat
0f29b8f216d4dfafacfb62a980c1c802e0838fc00ef9913136fe7a7da96c5439	179	data/processed/deglitch_work/S0474a/ucla_runtime/UCLA_v4/cclim.mat
a4f5bddd025e8bff941ffafbc11866f0f95948ee3b36bfdb2fc368b31276a5a5	181	data/processed/deglitch_work/S0474a/ucla_runtime/UCLA_v4/cclim2.mat
7cc4f0dadc14c5da533e46532d4090954ea1f07f552792769191c29512798647	1018199	data/processed/deglitch_work/S0474a/ucla_runtime/UCLA_v4/dc.mat
4349134d158f2f9a130cda002003852f5a401989ff3360d77e28cccd07492d1c	226	data/processed/deglitch_work/S0474a/ucla_runtime/UCLA_v4/decimeFPGA.m
f2e4440a240c7409444b6faba95f46e4a866fe12880b3d39cbe9808af4601c63	299	data/processed/deglitch_work/S0474a/ucla_runtime/UCLA_v4/deriviti.m
d03256442fcd51b630446dccd82e15f8d87b3b29ec97018745d9c11ef73b8833	192	data/processed/deglitch_work/S0474a/ucla_runtime/UCLA_v4/errors.m
2d1bfd611786fd2e70f23d1d284c0237e408099b0a38ef32603e79afe9ed35d5	175	data/processed/deglitch_work/S0474a/ucla_runtime/UCLA_v4/fetch.mat
86901dd234de26e7fcfa8c76fbdf7f4b03e95913280393648e1346bacfb62d61	475	data/processed/deglitch_work/S0474a/ucla_runtime/UCLA_v4/findI1PG1P.m
26901d09a6160a982f3ebd408c8079bc6a6b0d595e308c6128c582edc019f459	2092	data/processed/deglitch_work/S0474a/ucla_runtime/UCLA_v4/findmaxs.m
169f5ee6fe580633b465bffdee1550af46101aef46a3093db08db5ca049440a7	1903	data/processed/deglitch_work/S0474a/ucla_runtime/UCLA_v4/func.m
c34983ca96989ae643e74d20c4bc99f5c4a95ce510ede0750867bec8a4652572	938	data/processed/deglitch_work/S0474a/ucla_runtime/UCLA_v4/funcConvGaussSpikeThree.m
0996a4b2d7d7437661faac556cec16ffa42ee2773dad91661b85ee9e9b259731	3218	data/processed/deglitch_work/S0474a/ucla_runtime/UCLA_v4/funcPeaker.m
0c899e161b58e547a0c7ad3c1974bb61188fa41b57cb0d3a3dd887b8f894e02d	659	data/processed/deglitch_work/S0474a/ucla_runtime/UCLA_v4/funcadjustTimes.m
3ee00247fdf49859f4f317f084f039e1f664362ec4a5cd9040798ded8e02da0e	155199	data/processed/deglitch_work/S0474a/ucla_runtime/UCLA_v4/green20sps.mat
5f8c70eb1a3c0f850f3f6f75c6a8cea42a6e70ce42b03f2593cd9d1d0ac8669e	15639	data/processed/deglitch_work/S0474a/ucla_runtime/UCLA_v4/green2sps.mat
a7d5f244fff6c2fb5d53760cc0f6c830b36e1dc4aa619745f52bd469f007a5d2	837	data/processed/deglitch_work/S0474a/ucla_runtime/UCLA_v4/greenfitExpCSpike20SPS.m
28cb00d8ea228efd8e4576e4ab34815069791916ee5ff45ea477d4543578238e	927	data/processed/deglitch_work/S0474a/ucla_runtime/UCLA_v4/greenfitSlope.m
b215fd424deede19266682be3aa44148527e088e902c4ba4a4974136b5dd42b2	154916	data/processed/deglitch_work/S0474a/ucla_runtime/UCLA_v4/greenspike.mat
97e8ec837cb54080c9c424c10c57189c5687062f9c8e62e831c10144d3dab917	447	data/processed/deglitch_work/S0474a/ucla_runtime/UCLA_v4/junk
fc419ab9ba26bc84eebff7c7ed621e3554c8384b7f8dbc07305d1dfa470b5673	3160148	data/processed/deglitch_work/S0474a/ucla_runtime/UCLA_v4/metadata/RESP.XB.ELYSE.02.BHU
df3f74ac2730027d03d28841e3bf591ac55919de29840e30f35a64984aff58fe	3246875	data/processed/deglitch_work/S0474a/ucla_runtime/UCLA_v4/metadata/RESP.XB.ELYSE.02.BHV
54e51ce083258ef3252bd5bc4499e50de1d3b80cacda113570ae7086cea48955	3158312	data/processed/deglitch_work/S0474a/ucla_runtime/UCLA_v4/metadata/RESP.XB.ELYSE.02.BHW
110f3de4e7d5f6e9467147f77383982e6446b36bb5a3f85ed6b4776be98d7f71	784592	data/processed/deglitch_work/S0474a/ucla_runtime/UCLA_v4/metadata/RESP.XB.ELYSE.02.MHU
6605374c270b77f2bd330bfc684ba0e4b593ff46f1149def3116152615ca843b	784592	data/processed/deglitch_work/S0474a/ucla_runtime/UCLA_v4/metadata/RESP.XB.ELYSE.02.MHV
a1832e0f3aac73fc23ab402c1d8761d01b05d3d1e0b907ff8dd1cebeb07338cf	784592	data/processed/deglitch_work/S0474a/ucla_runtime/UCLA_v4/metadata/RESP.XB.ELYSE.02.MHW
0a08dc49461f0d677667f525f54861a5dc27f1aa6919ac5413c7756a2f3f74f4	17048	data/processed/deglitch_work/S0474a/ucla_runtime/UCLA_v4/mkmseed.m
3d4167bcea896854ff3170bbfd2aff5df3e9ec497ad665512c4fd30a8ff867f3	744	data/processed/deglitch_work/S0474a/ucla_runtime/UCLA_v4/mylsq.m
b14eadd66699f5ab30c262b4adf1b692a7e73b20c7eff3997f56521f72e11c50	778	data/processed/deglitch_work/S0474a/ucla_runtime/UCLA_v4/plotresultsFinal.m
606adc66abc3cee5c3ff91122d0959a0150770d88111380f230bede24c5fe8e3	34676	data/processed/deglitch_work/S0474a/ucla_runtime/UCLA_v4/rdmseed.m
38593b70a5113fccf99c57174f67b6e9a6d9b730fa3efd1ec7c492f67f9568a0	2154	data/processed/deglitch_work/S0474a/ucla_runtime/UCLA_v4/read_resp_v2.m
7bdacba195f49d202ccbb337f712d221075032aec57af96dda00225cb6b08acd	472	data/processed/deglitch_work/S0474a/ucla_runtime/UCLA_v4/rephase.m
b0627fab5f9a446d6acc3338442d98de14152a99bb70bc324d506257a8daeada	1833	data/processed/deglitch_work/S0474a/ucla_runtime/UCLA_v4/stalta.m
978c1cb7440cae89163d4398793737be45a3e57a21c9100d63bdbaa63180912a	1642	data/processed/deglitch_work/S0474a/ucla_runtime/UCLA_v4/testSpikes.m
c2a412762ba1583f9fd7d1230ef005691129af7311ccf9b625e632843241e4a7	17	data/processed/deglitch_work/S0474a/ucla_runtime/UCLA_v4/wminus
084b67b078775bf08c15ed64018d0a91eaa95b9ab4da1e24183b8b2e59788af8	833	data/processed/deglitch_work/S0474a/ucla_runtime/UCLA_v4/y
d66e8a81f055963a016b57243b1419630d2c9c7d324693c3282c479aa8215ae5	192512	data/processed/deglitch_work/S0484b/S0484b.mseed
0c95e46f1a1de4c15ac1d28e3f97b615f561e9b7defc05b4fe1f782e5c7d4d70	691200	data/processed/deglitch_work/S0484b/S0484b_deglitched.mseed
0fea1c8101c01ff89259076350376fbfbb5578e0cdd808142a3a3a30e3d6af85	1380864	data/processed/deglitch_work/S0484b/S0484b_glitches.mseed
0c95e46f1a1de4c15ac1d28e3f97b615f561e9b7defc05b4fe1f782e5c7d4d70	691200	data/processed/deglitch_work/S0484b/S0484b_mps_before_ucla.mseed
282b27cf71596a1d83c49595f43240d5b5ad19f75f68fc4a17d0fd4eb97d6e5f	7197	data/processed/deglitch_work/S0484b/glitches_S0484b.txt
8d351310d3192b6b5a094c06176e7cb1d01ece4fba6728f9ab80a5ab6e357555	2241	data/processed/deglitch_work/S0484b/seisglitch_config.yml
812a49dcca93168d48b33192d1d2058cea0185ffbdb15bd770a55cb828abda3f	120	data/processed/deglitch_work/S0484b/ucla_runtime/UCLA_v4/._MAIN.m
812a49dcca93168d48b33192d1d2058cea0185ffbdb15bd770a55cb828abda3f	120	data/processed/deglitch_work/S0484b/ucla_runtime/UCLA_v4/._MAIN20SPSJuly26.m
812a49dcca93168d48b33192d1d2058cea0185ffbdb15bd770a55cb828abda3f	120	data/processed/deglitch_work/S0484b/ucla_runtime/UCLA_v4/._MAIN2SPS.m
812a49dcca93168d48b33192d1d2058cea0185ffbdb15bd770a55cb828abda3f	120	data/processed/deglitch_work/S0484b/ucla_runtime/UCLA_v4/._PREP08.m
812a49dcca93168d48b33192d1d2058cea0185ffbdb15bd770a55cb828abda3f	120	data/processed/deglitch_work/S0484b/ucla_runtime/UCLA_v4/._PREPmkmseedNew.m
812a49dcca93168d48b33192d1d2058cea0185ffbdb15bd770a55cb828abda3f	120	data/processed/deglitch_work/S0484b/ucla_runtime/UCLA_v4/._TruncateXcov.m
812a49dcca93168d48b33192d1d2058cea0185ffbdb15bd770a55cb828abda3f	120	data/processed/deglitch_work/S0484b/ucla_runtime/UCLA_v4/._findmaxs.m
812a49dcca93168d48b33192d1d2058cea0185ffbdb15bd770a55cb828abda3f	120	data/processed/deglitch_work/S0484b/ucla_runtime/UCLA_v4/._func.m
812a49dcca93168d48b33192d1d2058cea0185ffbdb15bd770a55cb828abda3f	120	data/processed/deglitch_work/S0484b/ucla_runtime/UCLA_v4/._testSpikes.m
dc2899a90d04a1d1642827cca701af7a8bb95c17c794e0bbfff695cb50595405	184	data/processed/deglitch_work/S0484b/ucla_runtime/UCLA_v4/Conservative.mat
88a29a4c4bc1c6a43b8172890748d123e310141074f27be8e79beaa38b44c951	1028	data/processed/deglitch_work/S0484b/ucla_runtime/UCLA_v4/FindPrecursors.m
c28425c01be4ea7600a77944ed1b06b58151ab75d05a48c957567556ccf7eedf	2876	data/processed/deglitch_work/S0484b/ucla_runtime/UCLA_v4/MAIN.m
5b4be53f17dbf968abd360eb3bc7a203a4816a49a9d77f7b6101923000142236	5852	data/processed/deglitch_work/S0484b/ucla_runtime/UCLA_v4/MAIN20SPSJuly26.m
8ba27940cfcbca3ea091ff72218d8196f9c568727646206db74ee4a5a76d707c	2811	data/processed/deglitch_work/S0484b/ucla_runtime/UCLA_v4/MAIN20SPSReconcile.m
e4cc9c3ad46f8f153fc4bb4fc16ad6ada1770be3be69718f73e0cbd79d3eecfa	2542	data/processed/deglitch_work/S0484b/ucla_runtime/UCLA_v4/MAIN20SPSReconcileNew.m
dec95e6132a0452dfdfa088c130af5ef36ba42c3fcbba6b0429116372a7e8c66	2538	data/processed/deglitch_work/S0484b/ucla_runtime/UCLA_v4/MAIN20SPSReconcileNew.m~
f1d4808322e0eca5f14cda83e962ec115f1bee52d920af00530ccdc7fa4f1ab1	2821	data/processed/deglitch_work/S0484b/ucla_runtime/UCLA_v4/MAIN2SPS.m
157dd036a546ba62631ade4ebe8a2fa61179a55b51f34fdec2605ac736f147b4	1949	data/processed/deglitch_work/S0484b/ucla_runtime/UCLA_v4/MakeGlitch.m
52f5addeda49f642dba28b8ec840197c725b506f9ddaf67c644212fa89350d8e	181	data/processed/deglitch_work/S0484b/ucla_runtime/UCLA_v4/NLIMspike.mat
04d2cf0718e7f4d888f03538216e3ea09d47d9413c0cd14993ae7effb2388ab1	511	data/processed/deglitch_work/S0484b/ucla_runtime/UCLA_v4/NSpikeFloatGreenLine.m
34d81214d8851a20a2e2489cb4b7a39fb9988bd39f7ba5130dcc1926bcc92e1c	178	data/processed/deglitch_work/S0484b/ucla_runtime/UCLA_v4/Nlevel.mat
77dade4e3e4875f9937f762dc4948903fe7336ff62aed43b23ae8bc4eb746695	1261	data/processed/deglitch_work/S0484b/ucla_runtime/UCLA_v4/PFO_div2.txt
3cd93fb164e83a6e0af241535afbcde3fb1ac7c4fb1bdb69f527521b9d68a8de	2436	data/processed/deglitch_work/S0484b/ucla_runtime/UCLA_v4/PFO_div5.txt
4332dfc92a0a5f20043845ff47147a17d70f6eefb2e3a4efb06b2fd296f6a75f	1944	data/processed/deglitch_work/S0484b/ucla_runtime/UCLA_v4/PREP03.m
04251c9e9012937fd4a1cca54c3dd19c1683300fbd8912afc3e583f666108c88	2553	data/processed/deglitch_work/S0484b/ucla_runtime/UCLA_v4/PREP08.m
9b41e10e7f72de36df8c77193dc2f3bdbaf248d84568400d94bf127be15991d3	1864	data/processed/deglitch_work/S0484b/ucla_runtime/UCLA_v4/PREP39.m
b67b43101764998deeaddb3ff57f454ae0a37182b808b310ae2945988af2fd90	1068	data/processed/deglitch_work/S0484b/ucla_runtime/UCLA_v4/PREPmkmseed.m
8c76812821b0b125644abbe5e2ae83aae9e7d6fd1d909ed720845dbfb57195ff	1392	data/processed/deglitch_work/S0484b/ucla_runtime/UCLA_v4/PREPmkmseedNew.m
9921518f8e9d4cde172edec6e08f50206f1456f10d509e8044958a1e022d23b5	1223	data/processed/deglitch_work/S0484b/ucla_runtime/UCLA_v4/PlotFinalNew.m
e2e048539122c61b800a66533394a4ffa7ffad663bc77e4220feea1f3e3261fb	1280	data/processed/deglitch_work/S0484b/ucla_runtime/UCLA_v4/PlotFinalNew2SPS.m
2c3c2cbeef099247b3271e85cbb569f1d0387388c9af84c3247131497a701570	398	data/processed/deglitch_work/S0484b/ucla_runtime/UCLA_v4/QuickClean.m
a988a011241e2919fd0307c7b9ac92e00ab2e12519905daf2440b0a7dce520a0	486	data/processed/deglitch_work/S0484b/ucla_runtime/UCLA_v4/README.m
a12273552c871602813ad807cc0e44c5c9c15bf85ac40e6546fe9790afd44450	510464	data/processed/deglitch_work/S0484b/ucla_runtime/UCLA_v4/S0235b_VBB.mseed
3339b5a792b6ce451d3ca994af140261d41567be9ff572b5e1e84cc5339e7521	610	data/processed/deglitch_work/S0484b/ucla_runtime/UCLA_v4/SampleFraction.m
8f6098dcea352194b5c896a5d46fde54c68528fd1019503b9f1c4be573aa0e1f	378	data/processed/deglitch_work/S0484b/ucla_runtime/UCLA_v4/TruncateXcov.m
cc6f80160a6579c38b91b240fb969950edd2382ee49637c2795c053a29f67153	2102	data/processed/deglitch_work/S0484b/ucla_runtime/UCLA_v4/XseedDataFDS.m
90c6bf09db4bfbc9ad32b7a276cce83c74394c08b2085e7faa26e4966d122eb7	7730	data/processed/deglitch_work/S0484b/ucla_runtime/UCLA_v4/aaout3.mat
0f29b8f216d4dfafacfb62a980c1c802e0838fc00ef9913136fe7a7da96c5439	179	data/processed/deglitch_work/S0484b/ucla_runtime/UCLA_v4/cclim.mat
a4f5bddd025e8bff941ffafbc11866f0f95948ee3b36bfdb2fc368b31276a5a5	181	data/processed/deglitch_work/S0484b/ucla_runtime/UCLA_v4/cclim2.mat
7cc4f0dadc14c5da533e46532d4090954ea1f07f552792769191c29512798647	1018199	data/processed/deglitch_work/S0484b/ucla_runtime/UCLA_v4/dc.mat
4349134d158f2f9a130cda002003852f5a401989ff3360d77e28cccd07492d1c	226	data/processed/deglitch_work/S0484b/ucla_runtime/UCLA_v4/decimeFPGA.m
f2e4440a240c7409444b6faba95f46e4a866fe12880b3d39cbe9808af4601c63	299	data/processed/deglitch_work/S0484b/ucla_runtime/UCLA_v4/deriviti.m
d03256442fcd51b630446dccd82e15f8d87b3b29ec97018745d9c11ef73b8833	192	data/processed/deglitch_work/S0484b/ucla_runtime/UCLA_v4/errors.m
2d1bfd611786fd2e70f23d1d284c0237e408099b0a38ef32603e79afe9ed35d5	175	data/processed/deglitch_work/S0484b/ucla_runtime/UCLA_v4/fetch.mat
86901dd234de26e7fcfa8c76fbdf7f4b03e95913280393648e1346bacfb62d61	475	data/processed/deglitch_work/S0484b/ucla_runtime/UCLA_v4/findI1PG1P.m
26901d09a6160a982f3ebd408c8079bc6a6b0d595e308c6128c582edc019f459	2092	data/processed/deglitch_work/S0484b/ucla_runtime/UCLA_v4/findmaxs.m
169f5ee6fe580633b465bffdee1550af46101aef46a3093db08db5ca049440a7	1903	data/processed/deglitch_work/S0484b/ucla_runtime/UCLA_v4/func.m
c34983ca96989ae643e74d20c4bc99f5c4a95ce510ede0750867bec8a4652572	938	data/processed/deglitch_work/S0484b/ucla_runtime/UCLA_v4/funcConvGaussSpikeThree.m
0996a4b2d7d7437661faac556cec16ffa42ee2773dad91661b85ee9e9b259731	3218	data/processed/deglitch_work/S0484b/ucla_runtime/UCLA_v4/funcPeaker.m
0c899e161b58e547a0c7ad3c1974bb61188fa41b57cb0d3a3dd887b8f894e02d	659	data/processed/deglitch_work/S0484b/ucla_runtime/UCLA_v4/funcadjustTimes.m
3ee00247fdf49859f4f317f084f039e1f664362ec4a5cd9040798ded8e02da0e	155199	data/processed/deglitch_work/S0484b/ucla_runtime/UCLA_v4/green20sps.mat
5f8c70eb1a3c0f850f3f6f75c6a8cea42a6e70ce42b03f2593cd9d1d0ac8669e	15639	data/processed/deglitch_work/S0484b/ucla_runtime/UCLA_v4/green2sps.mat
a7d5f244fff6c2fb5d53760cc0f6c830b36e1dc4aa619745f52bd469f007a5d2	837	data/processed/deglitch_work/S0484b/ucla_runtime/UCLA_v4/greenfitExpCSpike20SPS.m
28cb00d8ea228efd8e4576e4ab34815069791916ee5ff45ea477d4543578238e	927	data/processed/deglitch_work/S0484b/ucla_runtime/UCLA_v4/greenfitSlope.m
b215fd424deede19266682be3aa44148527e088e902c4ba4a4974136b5dd42b2	154916	data/processed/deglitch_work/S0484b/ucla_runtime/UCLA_v4/greenspike.mat
97e8ec837cb54080c9c424c10c57189c5687062f9c8e62e831c10144d3dab917	447	data/processed/deglitch_work/S0484b/ucla_runtime/UCLA_v4/junk
fc419ab9ba26bc84eebff7c7ed621e3554c8384b7f8dbc07305d1dfa470b5673	3160148	data/processed/deglitch_work/S0484b/ucla_runtime/UCLA_v4/metadata/RESP.XB.ELYSE.02.BHU
df3f74ac2730027d03d28841e3bf591ac55919de29840e30f35a64984aff58fe	3246875	data/processed/deglitch_work/S0484b/ucla_runtime/UCLA_v4/metadata/RESP.XB.ELYSE.02.BHV
54e51ce083258ef3252bd5bc4499e50de1d3b80cacda113570ae7086cea48955	3158312	data/processed/deglitch_work/S0484b/ucla_runtime/UCLA_v4/metadata/RESP.XB.ELYSE.02.BHW
110f3de4e7d5f6e9467147f77383982e6446b36bb5a3f85ed6b4776be98d7f71	784592	data/processed/deglitch_work/S0484b/ucla_runtime/UCLA_v4/metadata/RESP.XB.ELYSE.02.MHU
6605374c270b77f2bd330bfc684ba0e4b593ff46f1149def3116152615ca843b	784592	data/processed/deglitch_work/S0484b/ucla_runtime/UCLA_v4/metadata/RESP.XB.ELYSE.02.MHV
a1832e0f3aac73fc23ab402c1d8761d01b05d3d1e0b907ff8dd1cebeb07338cf	784592	data/processed/deglitch_work/S0484b/ucla_runtime/UCLA_v4/metadata/RESP.XB.ELYSE.02.MHW
0a08dc49461f0d677667f525f54861a5dc27f1aa6919ac5413c7756a2f3f74f4	17048	data/processed/deglitch_work/S0484b/ucla_runtime/UCLA_v4/mkmseed.m
3d4167bcea896854ff3170bbfd2aff5df3e9ec497ad665512c4fd30a8ff867f3	744	data/processed/deglitch_work/S0484b/ucla_runtime/UCLA_v4/mylsq.m
b14eadd66699f5ab30c262b4adf1b692a7e73b20c7eff3997f56521f72e11c50	778	data/processed/deglitch_work/S0484b/ucla_runtime/UCLA_v4/plotresultsFinal.m
606adc66abc3cee5c3ff91122d0959a0150770d88111380f230bede24c5fe8e3	34676	data/processed/deglitch_work/S0484b/ucla_runtime/UCLA_v4/rdmseed.m
38593b70a5113fccf99c57174f67b6e9a6d9b730fa3efd1ec7c492f67f9568a0	2154	data/processed/deglitch_work/S0484b/ucla_runtime/UCLA_v4/read_resp_v2.m
7bdacba195f49d202ccbb337f712d221075032aec57af96dda00225cb6b08acd	472	data/processed/deglitch_work/S0484b/ucla_runtime/UCLA_v4/rephase.m
b0627fab5f9a446d6acc3338442d98de14152a99bb70bc324d506257a8daeada	1833	data/processed/deglitch_work/S0484b/ucla_runtime/UCLA_v4/stalta.m
978c1cb7440cae89163d4398793737be45a3e57a21c9100d63bdbaa63180912a	1642	data/processed/deglitch_work/S0484b/ucla_runtime/UCLA_v4/testSpikes.m
c2a412762ba1583f9fd7d1230ef005691129af7311ccf9b625e632843241e4a7	17	data/processed/deglitch_work/S0484b/ucla_runtime/UCLA_v4/wminus
084b67b078775bf08c15ed64018d0a91eaa95b9ab4da1e24183b8b2e59788af8	833	data/processed/deglitch_work/S0484b/ucla_runtime/UCLA_v4/y
79d3bac47675802f34fdafe9f0f097cc3401ec0f77f4ebbac74fc22d3b593aea	186880	data/processed/deglitch_work/S0784a/S0784a.mseed
783a92ec30c92175d452d52c35fe05682f034b2a68851d034bfa97e2fec840c8	691200	data/processed/deglitch_work/S0784a/S0784a_deglitched.mseed
34e9a7ae4ae62c0bf9f2107b9188ee1b34d1fb50d2c7d9c91cb21eb2fda62ae7	1380864	data/processed/deglitch_work/S0784a/S0784a_glitches.mseed
783a92ec30c92175d452d52c35fe05682f034b2a68851d034bfa97e2fec840c8	691200	data/processed/deglitch_work/S0784a/S0784a_mps_before_ucla.mseed
5175c9ec367fb9a6526f32e614473814ecfba4d2da86232251e83d51eac1dc85	6892	data/processed/deglitch_work/S0784a/glitches_S0784a.txt
8f6925f5ee7507c33345f48e77ff23597e5a6a781883ebe1061b7d3c6f9982a7	2241	data/processed/deglitch_work/S0784a/seisglitch_config.yml
812a49dcca93168d48b33192d1d2058cea0185ffbdb15bd770a55cb828abda3f	120	data/processed/deglitch_work/S0784a/ucla_runtime/UCLA_v4/._MAIN.m
812a49dcca93168d48b33192d1d2058cea0185ffbdb15bd770a55cb828abda3f	120	data/processed/deglitch_work/S0784a/ucla_runtime/UCLA_v4/._MAIN20SPSJuly26.m
812a49dcca93168d48b33192d1d2058cea0185ffbdb15bd770a55cb828abda3f	120	data/processed/deglitch_work/S0784a/ucla_runtime/UCLA_v4/._MAIN2SPS.m
812a49dcca93168d48b33192d1d2058cea0185ffbdb15bd770a55cb828abda3f	120	data/processed/deglitch_work/S0784a/ucla_runtime/UCLA_v4/._PREP08.m
812a49dcca93168d48b33192d1d2058cea0185ffbdb15bd770a55cb828abda3f	120	data/processed/deglitch_work/S0784a/ucla_runtime/UCLA_v4/._PREPmkmseedNew.m
812a49dcca93168d48b33192d1d2058cea0185ffbdb15bd770a55cb828abda3f	120	data/processed/deglitch_work/S0784a/ucla_runtime/UCLA_v4/._TruncateXcov.m
812a49dcca93168d48b33192d1d2058cea0185ffbdb15bd770a55cb828abda3f	120	data/processed/deglitch_work/S0784a/ucla_runtime/UCLA_v4/._findmaxs.m
812a49dcca93168d48b33192d1d2058cea0185ffbdb15bd770a55cb828abda3f	120	data/processed/deglitch_work/S0784a/ucla_runtime/UCLA_v4/._func.m
812a49dcca93168d48b33192d1d2058cea0185ffbdb15bd770a55cb828abda3f	120	data/processed/deglitch_work/S0784a/ucla_runtime/UCLA_v4/._testSpikes.m
dc2899a90d04a1d1642827cca701af7a8bb95c17c794e0bbfff695cb50595405	184	data/processed/deglitch_work/S0784a/ucla_runtime/UCLA_v4/Conservative.mat
88a29a4c4bc1c6a43b8172890748d123e310141074f27be8e79beaa38b44c951	1028	data/processed/deglitch_work/S0784a/ucla_runtime/UCLA_v4/FindPrecursors.m
c28425c01be4ea7600a77944ed1b06b58151ab75d05a48c957567556ccf7eedf	2876	data/processed/deglitch_work/S0784a/ucla_runtime/UCLA_v4/MAIN.m
5b4be53f17dbf968abd360eb3bc7a203a4816a49a9d77f7b6101923000142236	5852	data/processed/deglitch_work/S0784a/ucla_runtime/UCLA_v4/MAIN20SPSJuly26.m
8ba27940cfcbca3ea091ff72218d8196f9c568727646206db74ee4a5a76d707c	2811	data/processed/deglitch_work/S0784a/ucla_runtime/UCLA_v4/MAIN20SPSReconcile.m
e4cc9c3ad46f8f153fc4bb4fc16ad6ada1770be3be69718f73e0cbd79d3eecfa	2542	data/processed/deglitch_work/S0784a/ucla_runtime/UCLA_v4/MAIN20SPSReconcileNew.m
dec95e6132a0452dfdfa088c130af5ef36ba42c3fcbba6b0429116372a7e8c66	2538	data/processed/deglitch_work/S0784a/ucla_runtime/UCLA_v4/MAIN20SPSReconcileNew.m~
f1d4808322e0eca5f14cda83e962ec115f1bee52d920af00530ccdc7fa4f1ab1	2821	data/processed/deglitch_work/S0784a/ucla_runtime/UCLA_v4/MAIN2SPS.m
157dd036a546ba62631ade4ebe8a2fa61179a55b51f34fdec2605ac736f147b4	1949	data/processed/deglitch_work/S0784a/ucla_runtime/UCLA_v4/MakeGlitch.m
52f5addeda49f642dba28b8ec840197c725b506f9ddaf67c644212fa89350d8e	181	data/processed/deglitch_work/S0784a/ucla_runtime/UCLA_v4/NLIMspike.mat
04d2cf0718e7f4d888f03538216e3ea09d47d9413c0cd14993ae7effb2388ab1	511	data/processed/deglitch_work/S0784a/ucla_runtime/UCLA_v4/NSpikeFloatGreenLine.m
34d81214d8851a20a2e2489cb4b7a39fb9988bd39f7ba5130dcc1926bcc92e1c	178	data/processed/deglitch_work/S0784a/ucla_runtime/UCLA_v4/Nlevel.mat
77dade4e3e4875f9937f762dc4948903fe7336ff62aed43b23ae8bc4eb746695	1261	data/processed/deglitch_work/S0784a/ucla_runtime/UCLA_v4/PFO_div2.txt
3cd93fb164e83a6e0af241535afbcde3fb1ac7c4fb1bdb69f527521b9d68a8de	2436	data/processed/deglitch_work/S0784a/ucla_runtime/UCLA_v4/PFO_div5.txt
4332dfc92a0a5f20043845ff47147a17d70f6eefb2e3a4efb06b2fd296f6a75f	1944	data/processed/deglitch_work/S0784a/ucla_runtime/UCLA_v4/PREP03.m
04251c9e9012937fd4a1cca54c3dd19c1683300fbd8912afc3e583f666108c88	2553	data/processed/deglitch_work/S0784a/ucla_runtime/UCLA_v4/PREP08.m
9b41e10e7f72de36df8c77193dc2f3bdbaf248d84568400d94bf127be15991d3	1864	data/processed/deglitch_work/S0784a/ucla_runtime/UCLA_v4/PREP39.m
b67b43101764998deeaddb3ff57f454ae0a37182b808b310ae2945988af2fd90	1068	data/processed/deglitch_work/S0784a/ucla_runtime/UCLA_v4/PREPmkmseed.m
8c76812821b0b125644abbe5e2ae83aae9e7d6fd1d909ed720845dbfb57195ff	1392	data/processed/deglitch_work/S0784a/ucla_runtime/UCLA_v4/PREPmkmseedNew.m
9921518f8e9d4cde172edec6e08f50206f1456f10d509e8044958a1e022d23b5	1223	data/processed/deglitch_work/S0784a/ucla_runtime/UCLA_v4/PlotFinalNew.m
e2e048539122c61b800a66533394a4ffa7ffad663bc77e4220feea1f3e3261fb	1280	data/processed/deglitch_work/S0784a/ucla_runtime/UCLA_v4/PlotFinalNew2SPS.m
2c3c2cbeef099247b3271e85cbb569f1d0387388c9af84c3247131497a701570	398	data/processed/deglitch_work/S0784a/ucla_runtime/UCLA_v4/QuickClean.m
a988a011241e2919fd0307c7b9ac92e00ab2e12519905daf2440b0a7dce520a0	486	data/processed/deglitch_work/S0784a/ucla_runtime/UCLA_v4/README.m
a12273552c871602813ad807cc0e44c5c9c15bf85ac40e6546fe9790afd44450	510464	data/processed/deglitch_work/S0784a/ucla_runtime/UCLA_v4/S0235b_VBB.mseed
3339b5a792b6ce451d3ca994af140261d41567be9ff572b5e1e84cc5339e7521	610	data/processed/deglitch_work/S0784a/ucla_runtime/UCLA_v4/SampleFraction.m
8f6098dcea352194b5c896a5d46fde54c68528fd1019503b9f1c4be573aa0e1f	378	data/processed/deglitch_work/S0784a/ucla_runtime/UCLA_v4/TruncateXcov.m
cc6f80160a6579c38b91b240fb969950edd2382ee49637c2795c053a29f67153	2102	data/processed/deglitch_work/S0784a/ucla_runtime/UCLA_v4/XseedDataFDS.m
90c6bf09db4bfbc9ad32b7a276cce83c74394c08b2085e7faa26e4966d122eb7	7730	data/processed/deglitch_work/S0784a/ucla_runtime/UCLA_v4/aaout3.mat
0f29b8f216d4dfafacfb62a980c1c802e0838fc00ef9913136fe7a7da96c5439	179	data/processed/deglitch_work/S0784a/ucla_runtime/UCLA_v4/cclim.mat
a4f5bddd025e8bff941ffafbc11866f0f95948ee3b36bfdb2fc368b31276a5a5	181	data/processed/deglitch_work/S0784a/ucla_runtime/UCLA_v4/cclim2.mat
7cc4f0dadc14c5da533e46532d4090954ea1f07f552792769191c29512798647	1018199	data/processed/deglitch_work/S0784a/ucla_runtime/UCLA_v4/dc.mat
4349134d158f2f9a130cda002003852f5a401989ff3360d77e28cccd07492d1c	226	data/processed/deglitch_work/S0784a/ucla_runtime/UCLA_v4/decimeFPGA.m
f2e4440a240c7409444b6faba95f46e4a866fe12880b3d39cbe9808af4601c63	299	data/processed/deglitch_work/S0784a/ucla_runtime/UCLA_v4/deriviti.m
d03256442fcd51b630446dccd82e15f8d87b3b29ec97018745d9c11ef73b8833	192	data/processed/deglitch_work/S0784a/ucla_runtime/UCLA_v4/errors.m
2d1bfd611786fd2e70f23d1d284c0237e408099b0a38ef32603e79afe9ed35d5	175	data/processed/deglitch_work/S0784a/ucla_runtime/UCLA_v4/fetch.mat
86901dd234de26e7fcfa8c76fbdf7f4b03e95913280393648e1346bacfb62d61	475	data/processed/deglitch_work/S0784a/ucla_runtime/UCLA_v4/findI1PG1P.m
26901d09a6160a982f3ebd408c8079bc6a6b0d595e308c6128c582edc019f459	2092	data/processed/deglitch_work/S0784a/ucla_runtime/UCLA_v4/findmaxs.m
169f5ee6fe580633b465bffdee1550af46101aef46a3093db08db5ca049440a7	1903	data/processed/deglitch_work/S0784a/ucla_runtime/UCLA_v4/func.m
c34983ca96989ae643e74d20c4bc99f5c4a95ce510ede0750867bec8a4652572	938	data/processed/deglitch_work/S0784a/ucla_runtime/UCLA_v4/funcConvGaussSpikeThree.m
0996a4b2d7d7437661faac556cec16ffa42ee2773dad91661b85ee9e9b259731	3218	data/processed/deglitch_work/S0784a/ucla_runtime/UCLA_v4/funcPeaker.m
0c899e161b58e547a0c7ad3c1974bb61188fa41b57cb0d3a3dd887b8f894e02d	659	data/processed/deglitch_work/S0784a/ucla_runtime/UCLA_v4/funcadjustTimes.m
3ee00247fdf49859f4f317f084f039e1f664362ec4a5cd9040798ded8e02da0e	155199	data/processed/deglitch_work/S0784a/ucla_runtime/UCLA_v4/green20sps.mat
5f8c70eb1a3c0f850f3f6f75c6a8cea42a6e70ce42b03f2593cd9d1d0ac8669e	15639	data/processed/deglitch_work/S0784a/ucla_runtime/UCLA_v4/green2sps.mat
a7d5f244fff6c2fb5d53760cc0f6c830b36e1dc4aa619745f52bd469f007a5d2	837	data/processed/deglitch_work/S0784a/ucla_runtime/UCLA_v4/greenfitExpCSpike20SPS.m
28cb00d8ea228efd8e4576e4ab34815069791916ee5ff45ea477d4543578238e	927	data/processed/deglitch_work/S0784a/ucla_runtime/UCLA_v4/greenfitSlope.m
b215fd424deede19266682be3aa44148527e088e902c4ba4a4974136b5dd42b2	154916	data/processed/deglitch_work/S0784a/ucla_runtime/UCLA_v4/greenspike.mat
97e8ec837cb54080c9c424c10c57189c5687062f9c8e62e831c10144d3dab917	447	data/processed/deglitch_work/S0784a/ucla_runtime/UCLA_v4/junk
fc419ab9ba26bc84eebff7c7ed621e3554c8384b7f8dbc07305d1dfa470b5673	3160148	data/processed/deglitch_work/S0784a/ucla_runtime/UCLA_v4/metadata/RESP.XB.ELYSE.02.BHU
df3f74ac2730027d03d28841e3bf591ac55919de29840e30f35a64984aff58fe	3246875	data/processed/deglitch_work/S0784a/ucla_runtime/UCLA_v4/metadata/RESP.XB.ELYSE.02.BHV
54e51ce083258ef3252bd5bc4499e50de1d3b80cacda113570ae7086cea48955	3158312	data/processed/deglitch_work/S0784a/ucla_runtime/UCLA_v4/metadata/RESP.XB.ELYSE.02.BHW
110f3de4e7d5f6e9467147f77383982e6446b36bb5a3f85ed6b4776be98d7f71	784592	data/processed/deglitch_work/S0784a/ucla_runtime/UCLA_v4/metadata/RESP.XB.ELYSE.02.MHU
6605374c270b77f2bd330bfc684ba0e4b593ff46f1149def3116152615ca843b	784592	data/processed/deglitch_work/S0784a/ucla_runtime/UCLA_v4/metadata/RESP.XB.ELYSE.02.MHV
a1832e0f3aac73fc23ab402c1d8761d01b05d3d1e0b907ff8dd1cebeb07338cf	784592	data/processed/deglitch_work/S0784a/ucla_runtime/UCLA_v4/metadata/RESP.XB.ELYSE.02.MHW
0a08dc49461f0d677667f525f54861a5dc27f1aa6919ac5413c7756a2f3f74f4	17048	data/processed/deglitch_work/S0784a/ucla_runtime/UCLA_v4/mkmseed.m
3d4167bcea896854ff3170bbfd2aff5df3e9ec497ad665512c4fd30a8ff867f3	744	data/processed/deglitch_work/S0784a/ucla_runtime/UCLA_v4/mylsq.m
b14eadd66699f5ab30c262b4adf1b692a7e73b20c7eff3997f56521f72e11c50	778	data/processed/deglitch_work/S0784a/ucla_runtime/UCLA_v4/plotresultsFinal.m
606adc66abc3cee5c3ff91122d0959a0150770d88111380f230bede24c5fe8e3	34676	data/processed/deglitch_work/S0784a/ucla_runtime/UCLA_v4/rdmseed.m
38593b70a5113fccf99c57174f67b6e9a6d9b730fa3efd1ec7c492f67f9568a0	2154	data/processed/deglitch_work/S0784a/ucla_runtime/UCLA_v4/read_resp_v2.m
7bdacba195f49d202ccbb337f712d221075032aec57af96dda00225cb6b08acd	472	data/processed/deglitch_work/S0784a/ucla_runtime/UCLA_v4/rephase.m
b0627fab5f9a446d6acc3338442d98de14152a99bb70bc324d506257a8daeada	1833	data/processed/deglitch_work/S0784a/ucla_runtime/UCLA_v4/stalta.m
978c1cb7440cae89163d4398793737be45a3e57a21c9100d63bdbaa63180912a	1642	data/processed/deglitch_work/S0784a/ucla_runtime/UCLA_v4/testSpikes.m
c2a412762ba1583f9fd7d1230ef005691129af7311ccf9b625e632843241e4a7	17	data/processed/deglitch_work/S0784a/ucla_runtime/UCLA_v4/wminus
084b67b078775bf08c15ed64018d0a91eaa95b9ab4da1e24183b8b2e59788af8	833	data/processed/deglitch_work/S0784a/ucla_runtime/UCLA_v4/y
9617e0f5cf487c273c918c5acee59cb6a906102107ab7a485f26ef003beeec88	187904	data/processed/deglitch_work/S0802a/S0802a.mseed
5c4c5067e2e52f2f1a5ad823346eb1210dea96f1fea99f66549a4a7021c6b62a	691200	data/processed/deglitch_work/S0802a/S0802a_deglitched.mseed
aa7ded24788699870966775f9a34d1e9adc4cf00f08c52bc92a87ce2682b52e5	1380864	data/processed/deglitch_work/S0802a/S0802a_glitches.mseed
5c4c5067e2e52f2f1a5ad823346eb1210dea96f1fea99f66549a4a7021c6b62a	691200	data/processed/deglitch_work/S0802a/S0802a_mps_before_ucla.mseed
4213629ee3af2cb3a5c20e143eed54ac60575534d836365d2998501162fe7848	8417	data/processed/deglitch_work/S0802a/glitches_S0802a.txt
e6581ea4a3ca635eb042861c077aac3a19e202df81488d64f00434b86a095c22	2241	data/processed/deglitch_work/S0802a/seisglitch_config.yml
812a49dcca93168d48b33192d1d2058cea0185ffbdb15bd770a55cb828abda3f	120	data/processed/deglitch_work/S0802a/ucla_runtime/UCLA_v4/._MAIN.m
812a49dcca93168d48b33192d1d2058cea0185ffbdb15bd770a55cb828abda3f	120	data/processed/deglitch_work/S0802a/ucla_runtime/UCLA_v4/._MAIN20SPSJuly26.m
812a49dcca93168d48b33192d1d2058cea0185ffbdb15bd770a55cb828abda3f	120	data/processed/deglitch_work/S0802a/ucla_runtime/UCLA_v4/._MAIN2SPS.m
812a49dcca93168d48b33192d1d2058cea0185ffbdb15bd770a55cb828abda3f	120	data/processed/deglitch_work/S0802a/ucla_runtime/UCLA_v4/._PREP08.m
812a49dcca93168d48b33192d1d2058cea0185ffbdb15bd770a55cb828abda3f	120	data/processed/deglitch_work/S0802a/ucla_runtime/UCLA_v4/._PREPmkmseedNew.m
812a49dcca93168d48b33192d1d2058cea0185ffbdb15bd770a55cb828abda3f	120	data/processed/deglitch_work/S0802a/ucla_runtime/UCLA_v4/._TruncateXcov.m
812a49dcca93168d48b33192d1d2058cea0185ffbdb15bd770a55cb828abda3f	120	data/processed/deglitch_work/S0802a/ucla_runtime/UCLA_v4/._findmaxs.m
812a49dcca93168d48b33192d1d2058cea0185ffbdb15bd770a55cb828abda3f	120	data/processed/deglitch_work/S0802a/ucla_runtime/UCLA_v4/._func.m
812a49dcca93168d48b33192d1d2058cea0185ffbdb15bd770a55cb828abda3f	120	data/processed/deglitch_work/S0802a/ucla_runtime/UCLA_v4/._testSpikes.m
dc2899a90d04a1d1642827cca701af7a8bb95c17c794e0bbfff695cb50595405	184	data/processed/deglitch_work/S0802a/ucla_runtime/UCLA_v4/Conservative.mat
88a29a4c4bc1c6a43b8172890748d123e310141074f27be8e79beaa38b44c951	1028	data/processed/deglitch_work/S0802a/ucla_runtime/UCLA_v4/FindPrecursors.m
c28425c01be4ea7600a77944ed1b06b58151ab75d05a48c957567556ccf7eedf	2876	data/processed/deglitch_work/S0802a/ucla_runtime/UCLA_v4/MAIN.m
5b4be53f17dbf968abd360eb3bc7a203a4816a49a9d77f7b6101923000142236	5852	data/processed/deglitch_work/S0802a/ucla_runtime/UCLA_v4/MAIN20SPSJuly26.m
8ba27940cfcbca3ea091ff72218d8196f9c568727646206db74ee4a5a76d707c	2811	data/processed/deglitch_work/S0802a/ucla_runtime/UCLA_v4/MAIN20SPSReconcile.m
e4cc9c3ad46f8f153fc4bb4fc16ad6ada1770be3be69718f73e0cbd79d3eecfa	2542	data/processed/deglitch_work/S0802a/ucla_runtime/UCLA_v4/MAIN20SPSReconcileNew.m
dec95e6132a0452dfdfa088c130af5ef36ba42c3fcbba6b0429116372a7e8c66	2538	data/processed/deglitch_work/S0802a/ucla_runtime/UCLA_v4/MAIN20SPSReconcileNew.m~
f1d4808322e0eca5f14cda83e962ec115f1bee52d920af00530ccdc7fa4f1ab1	2821	data/processed/deglitch_work/S0802a/ucla_runtime/UCLA_v4/MAIN2SPS.m
157dd036a546ba62631ade4ebe8a2fa61179a55b51f34fdec2605ac736f147b4	1949	data/processed/deglitch_work/S0802a/ucla_runtime/UCLA_v4/MakeGlitch.m
52f5addeda49f642dba28b8ec840197c725b506f9ddaf67c644212fa89350d8e	181	data/processed/deglitch_work/S0802a/ucla_runtime/UCLA_v4/NLIMspike.mat
04d2cf0718e7f4d888f03538216e3ea09d47d9413c0cd14993ae7effb2388ab1	511	data/processed/deglitch_work/S0802a/ucla_runtime/UCLA_v4/NSpikeFloatGreenLine.m
34d81214d8851a20a2e2489cb4b7a39fb9988bd39f7ba5130dcc1926bcc92e1c	178	data/processed/deglitch_work/S0802a/ucla_runtime/UCLA_v4/Nlevel.mat
77dade4e3e4875f9937f762dc4948903fe7336ff62aed43b23ae8bc4eb746695	1261	data/processed/deglitch_work/S0802a/ucla_runtime/UCLA_v4/PFO_div2.txt
3cd93fb164e83a6e0af241535afbcde3fb1ac7c4fb1bdb69f527521b9d68a8de	2436	data/processed/deglitch_work/S0802a/ucla_runtime/UCLA_v4/PFO_div5.txt
4332dfc92a0a5f20043845ff47147a17d70f6eefb2e3a4efb06b2fd296f6a75f	1944	data/processed/deglitch_work/S0802a/ucla_runtime/UCLA_v4/PREP03.m
04251c9e9012937fd4a1cca54c3dd19c1683300fbd8912afc3e583f666108c88	2553	data/processed/deglitch_work/S0802a/ucla_runtime/UCLA_v4/PREP08.m
9b41e10e7f72de36df8c77193dc2f3bdbaf248d84568400d94bf127be15991d3	1864	data/processed/deglitch_work/S0802a/ucla_runtime/UCLA_v4/PREP39.m
b67b43101764998deeaddb3ff57f454ae0a37182b808b310ae2945988af2fd90	1068	data/processed/deglitch_work/S0802a/ucla_runtime/UCLA_v4/PREPmkmseed.m
8c76812821b0b125644abbe5e2ae83aae9e7d6fd1d909ed720845dbfb57195ff	1392	data/processed/deglitch_work/S0802a/ucla_runtime/UCLA_v4/PREPmkmseedNew.m
9921518f8e9d4cde172edec6e08f50206f1456f10d509e8044958a1e022d23b5	1223	data/processed/deglitch_work/S0802a/ucla_runtime/UCLA_v4/PlotFinalNew.m
e2e048539122c61b800a66533394a4ffa7ffad663bc77e4220feea1f3e3261fb	1280	data/processed/deglitch_work/S0802a/ucla_runtime/UCLA_v4/PlotFinalNew2SPS.m
2c3c2cbeef099247b3271e85cbb569f1d0387388c9af84c3247131497a701570	398	data/processed/deglitch_work/S0802a/ucla_runtime/UCLA_v4/QuickClean.m
a988a011241e2919fd0307c7b9ac92e00ab2e12519905daf2440b0a7dce520a0	486	data/processed/deglitch_work/S0802a/ucla_runtime/UCLA_v4/README.m
a12273552c871602813ad807cc0e44c5c9c15bf85ac40e6546fe9790afd44450	510464	data/processed/deglitch_work/S0802a/ucla_runtime/UCLA_v4/S0235b_VBB.mseed
3339b5a792b6ce451d3ca994af140261d41567be9ff572b5e1e84cc5339e7521	610	data/processed/deglitch_work/S0802a/ucla_runtime/UCLA_v4/SampleFraction.m
8f6098dcea352194b5c896a5d46fde54c68528fd1019503b9f1c4be573aa0e1f	378	data/processed/deglitch_work/S0802a/ucla_runtime/UCLA_v4/TruncateXcov.m
cc6f80160a6579c38b91b240fb969950edd2382ee49637c2795c053a29f67153	2102	data/processed/deglitch_work/S0802a/ucla_runtime/UCLA_v4/XseedDataFDS.m
90c6bf09db4bfbc9ad32b7a276cce83c74394c08b2085e7faa26e4966d122eb7	7730	data/processed/deglitch_work/S0802a/ucla_runtime/UCLA_v4/aaout3.mat
0f29b8f216d4dfafacfb62a980c1c802e0838fc00ef9913136fe7a7da96c5439	179	data/processed/deglitch_work/S0802a/ucla_runtime/UCLA_v4/cclim.mat
a4f5bddd025e8bff941ffafbc11866f0f95948ee3b36bfdb2fc368b31276a5a5	181	data/processed/deglitch_work/S0802a/ucla_runtime/UCLA_v4/cclim2.mat
7cc4f0dadc14c5da533e46532d4090954ea1f07f552792769191c29512798647	1018199	data/processed/deglitch_work/S0802a/ucla_runtime/UCLA_v4/dc.mat
4349134d158f2f9a130cda002003852f5a401989ff3360d77e28cccd07492d1c	226	data/processed/deglitch_work/S0802a/ucla_runtime/UCLA_v4/decimeFPGA.m
f2e4440a240c7409444b6faba95f46e4a866fe12880b3d39cbe9808af4601c63	299	data/processed/deglitch_work/S0802a/ucla_runtime/UCLA_v4/deriviti.m
d03256442fcd51b630446dccd82e15f8d87b3b29ec97018745d9c11ef73b8833	192	data/processed/deglitch_work/S0802a/ucla_runtime/UCLA_v4/errors.m
2d1bfd611786fd2e70f23d1d284c0237e408099b0a38ef32603e79afe9ed35d5	175	data/processed/deglitch_work/S0802a/ucla_runtime/UCLA_v4/fetch.mat
86901dd234de26e7fcfa8c76fbdf7f4b03e95913280393648e1346bacfb62d61	475	data/processed/deglitch_work/S0802a/ucla_runtime/UCLA_v4/findI1PG1P.m
26901d09a6160a982f3ebd408c8079bc6a6b0d595e308c6128c582edc019f459	2092	data/processed/deglitch_work/S0802a/ucla_runtime/UCLA_v4/findmaxs.m
169f5ee6fe580633b465bffdee1550af46101aef46a3093db08db5ca049440a7	1903	data/processed/deglitch_work/S0802a/ucla_runtime/UCLA_v4/func.m
c34983ca96989ae643e74d20c4bc99f5c4a95ce510ede0750867bec8a4652572	938	data/processed/deglitch_work/S0802a/ucla_runtime/UCLA_v4/funcConvGaussSpikeThree.m
0996a4b2d7d7437661faac556cec16ffa42ee2773dad91661b85ee9e9b259731	3218	data/processed/deglitch_work/S0802a/ucla_runtime/UCLA_v4/funcPeaker.m
0c899e161b58e547a0c7ad3c1974bb61188fa41b57cb0d3a3dd887b8f894e02d	659	data/processed/deglitch_work/S0802a/ucla_runtime/UCLA_v4/funcadjustTimes.m
3ee00247fdf49859f4f317f084f039e1f664362ec4a5cd9040798ded8e02da0e	155199	data/processed/deglitch_work/S0802a/ucla_runtime/UCLA_v4/green20sps.mat
5f8c70eb1a3c0f850f3f6f75c6a8cea42a6e70ce42b03f2593cd9d1d0ac8669e	15639	data/processed/deglitch_work/S0802a/ucla_runtime/UCLA_v4/green2sps.mat
a7d5f244fff6c2fb5d53760cc0f6c830b36e1dc4aa619745f52bd469f007a5d2	837	data/processed/deglitch_work/S0802a/ucla_runtime/UCLA_v4/greenfitExpCSpike20SPS.m
28cb00d8ea228efd8e4576e4ab34815069791916ee5ff45ea477d4543578238e	927	data/processed/deglitch_work/S0802a/ucla_runtime/UCLA_v4/greenfitSlope.m
b215fd424deede19266682be3aa44148527e088e902c4ba4a4974136b5dd42b2	154916	data/processed/deglitch_work/S0802a/ucla_runtime/UCLA_v4/greenspike.mat
97e8ec837cb54080c9c424c10c57189c5687062f9c8e62e831c10144d3dab917	447	data/processed/deglitch_work/S0802a/ucla_runtime/UCLA_v4/junk
fc419ab9ba26bc84eebff7c7ed621e3554c8384b7f8dbc07305d1dfa470b5673	3160148	data/processed/deglitch_work/S0802a/ucla_runtime/UCLA_v4/metadata/RESP.XB.ELYSE.02.BHU
df3f74ac2730027d03d28841e3bf591ac55919de29840e30f35a64984aff58fe	3246875	data/processed/deglitch_work/S0802a/ucla_runtime/UCLA_v4/metadata/RESP.XB.ELYSE.02.BHV
54e51ce083258ef3252bd5bc4499e50de1d3b80cacda113570ae7086cea48955	3158312	data/processed/deglitch_work/S0802a/ucla_runtime/UCLA_v4/metadata/RESP.XB.ELYSE.02.BHW
110f3de4e7d5f6e9467147f77383982e6446b36bb5a3f85ed6b4776be98d7f71	784592	data/processed/deglitch_work/S0802a/ucla_runtime/UCLA_v4/metadata/RESP.XB.ELYSE.02.MHU
6605374c270b77f2bd330bfc684ba0e4b593ff46f1149def3116152615ca843b	784592	data/processed/deglitch_work/S0802a/ucla_runtime/UCLA_v4/metadata/RESP.XB.ELYSE.02.MHV
a1832e0f3aac73fc23ab402c1d8761d01b05d3d1e0b907ff8dd1cebeb07338cf	784592	data/processed/deglitch_work/S0802a/ucla_runtime/UCLA_v4/metadata/RESP.XB.ELYSE.02.MHW
0a08dc49461f0d677667f525f54861a5dc27f1aa6919ac5413c7756a2f3f74f4	17048	data/processed/deglitch_work/S0802a/ucla_runtime/UCLA_v4/mkmseed.m
3d4167bcea896854ff3170bbfd2aff5df3e9ec497ad665512c4fd30a8ff867f3	744	data/processed/deglitch_work/S0802a/ucla_runtime/UCLA_v4/mylsq.m
b14eadd66699f5ab30c262b4adf1b692a7e73b20c7eff3997f56521f72e11c50	778	data/processed/deglitch_work/S0802a/ucla_runtime/UCLA_v4/plotresultsFinal.m
606adc66abc3cee5c3ff91122d0959a0150770d88111380f230bede24c5fe8e3	34676	data/processed/deglitch_work/S0802a/ucla_runtime/UCLA_v4/rdmseed.m
38593b70a5113fccf99c57174f67b6e9a6d9b730fa3efd1ec7c492f67f9568a0	2154	data/processed/deglitch_work/S0802a/ucla_runtime/UCLA_v4/read_resp_v2.m
7bdacba195f49d202ccbb337f712d221075032aec57af96dda00225cb6b08acd	472	data/processed/deglitch_work/S0802a/ucla_runtime/UCLA_v4/rephase.m
b0627fab5f9a446d6acc3338442d98de14152a99bb70bc324d506257a8daeada	1833	data/processed/deglitch_work/S0802a/ucla_runtime/UCLA_v4/stalta.m
978c1cb7440cae89163d4398793737be45a3e57a21c9100d63bdbaa63180912a	1642	data/processed/deglitch_work/S0802a/ucla_runtime/UCLA_v4/testSpikes.m
c2a412762ba1583f9fd7d1230ef005691129af7311ccf9b625e632843241e4a7	17	data/processed/deglitch_work/S0802a/ucla_runtime/UCLA_v4/wminus
084b67b078775bf08c15ed64018d0a91eaa95b9ab4da1e24183b8b2e59788af8	833	data/processed/deglitch_work/S0802a/ucla_runtime/UCLA_v4/y
d07eed87cb4da9acb7f9e3afabaea92d43eea4fcc5d2852a9a3f2297777980b3	182272	data/processed/deglitch_work/S0820a/S0820a.mseed
258b40b90ac70b69ddf37a9e1fc3cab1dabd87f467066fc5e59cd211b45aef23	691200	data/processed/deglitch_work/S0820a/S0820a_deglitched.mseed
a42eeb7929d760016279c2d32b8a67983012338a562781cd85c8637042cb2ab4	1380864	data/processed/deglitch_work/S0820a/S0820a_glitches.mseed
258b40b90ac70b69ddf37a9e1fc3cab1dabd87f467066fc5e59cd211b45aef23	691200	data/processed/deglitch_work/S0820a/S0820a_mps_before_ucla.mseed
5c91ca42b8817469bca4bf4f78fdf78eba90ed199ebd996d5b3f20a8bf497c3a	7197	data/processed/deglitch_work/S0820a/glitches_S0820a.txt
2cfe6f33bf153e5a15823f303b5a24bf28bf3af291723b407a1fc184c7d2586c	2241	data/processed/deglitch_work/S0820a/seisglitch_config.yml
812a49dcca93168d48b33192d1d2058cea0185ffbdb15bd770a55cb828abda3f	120	data/processed/deglitch_work/S0820a/ucla_runtime/UCLA_v4/._MAIN.m
812a49dcca93168d48b33192d1d2058cea0185ffbdb15bd770a55cb828abda3f	120	data/processed/deglitch_work/S0820a/ucla_runtime/UCLA_v4/._MAIN20SPSJuly26.m
812a49dcca93168d48b33192d1d2058cea0185ffbdb15bd770a55cb828abda3f	120	data/processed/deglitch_work/S0820a/ucla_runtime/UCLA_v4/._MAIN2SPS.m
812a49dcca93168d48b33192d1d2058cea0185ffbdb15bd770a55cb828abda3f	120	data/processed/deglitch_work/S0820a/ucla_runtime/UCLA_v4/._PREP08.m
812a49dcca93168d48b33192d1d2058cea0185ffbdb15bd770a55cb828abda3f	120	data/processed/deglitch_work/S0820a/ucla_runtime/UCLA_v4/._PREPmkmseedNew.m
812a49dcca93168d48b33192d1d2058cea0185ffbdb15bd770a55cb828abda3f	120	data/processed/deglitch_work/S0820a/ucla_runtime/UCLA_v4/._TruncateXcov.m
812a49dcca93168d48b33192d1d2058cea0185ffbdb15bd770a55cb828abda3f	120	data/processed/deglitch_work/S0820a/ucla_runtime/UCLA_v4/._findmaxs.m
812a49dcca93168d48b33192d1d2058cea0185ffbdb15bd770a55cb828abda3f	120	data/processed/deglitch_work/S0820a/ucla_runtime/UCLA_v4/._func.m
812a49dcca93168d48b33192d1d2058cea0185ffbdb15bd770a55cb828abda3f	120	data/processed/deglitch_work/S0820a/ucla_runtime/UCLA_v4/._testSpikes.m
dc2899a90d04a1d1642827cca701af7a8bb95c17c794e0bbfff695cb50595405	184	data/processed/deglitch_work/S0820a/ucla_runtime/UCLA_v4/Conservative.mat
88a29a4c4bc1c6a43b8172890748d123e310141074f27be8e79beaa38b44c951	1028	data/processed/deglitch_work/S0820a/ucla_runtime/UCLA_v4/FindPrecursors.m
c28425c01be4ea7600a77944ed1b06b58151ab75d05a48c957567556ccf7eedf	2876	data/processed/deglitch_work/S0820a/ucla_runtime/UCLA_v4/MAIN.m
5b4be53f17dbf968abd360eb3bc7a203a4816a49a9d77f7b6101923000142236	5852	data/processed/deglitch_work/S0820a/ucla_runtime/UCLA_v4/MAIN20SPSJuly26.m
8ba27940cfcbca3ea091ff72218d8196f9c568727646206db74ee4a5a76d707c	2811	data/processed/deglitch_work/S0820a/ucla_runtime/UCLA_v4/MAIN20SPSReconcile.m
e4cc9c3ad46f8f153fc4bb4fc16ad6ada1770be3be69718f73e0cbd79d3eecfa	2542	data/processed/deglitch_work/S0820a/ucla_runtime/UCLA_v4/MAIN20SPSReconcileNew.m
dec95e6132a0452dfdfa088c130af5ef36ba42c3fcbba6b0429116372a7e8c66	2538	data/processed/deglitch_work/S0820a/ucla_runtime/UCLA_v4/MAIN20SPSReconcileNew.m~
f1d4808322e0eca5f14cda83e962ec115f1bee52d920af00530ccdc7fa4f1ab1	2821	data/processed/deglitch_work/S0820a/ucla_runtime/UCLA_v4/MAIN2SPS.m
157dd036a546ba62631ade4ebe8a2fa61179a55b51f34fdec2605ac736f147b4	1949	data/processed/deglitch_work/S0820a/ucla_runtime/UCLA_v4/MakeGlitch.m
52f5addeda49f642dba28b8ec840197c725b506f9ddaf67c644212fa89350d8e	181	data/processed/deglitch_work/S0820a/ucla_runtime/UCLA_v4/NLIMspike.mat
04d2cf0718e7f4d888f03538216e3ea09d47d9413c0cd14993ae7effb2388ab1	511	data/processed/deglitch_work/S0820a/ucla_runtime/UCLA_v4/NSpikeFloatGreenLine.m
34d81214d8851a20a2e2489cb4b7a39fb9988bd39f7ba5130dcc1926bcc92e1c	178	data/processed/deglitch_work/S0820a/ucla_runtime/UCLA_v4/Nlevel.mat
77dade4e3e4875f9937f762dc4948903fe7336ff62aed43b23ae8bc4eb746695	1261	data/processed/deglitch_work/S0820a/ucla_runtime/UCLA_v4/PFO_div2.txt
3cd93fb164e83a6e0af241535afbcde3fb1ac7c4fb1bdb69f527521b9d68a8de	2436	data/processed/deglitch_work/S0820a/ucla_runtime/UCLA_v4/PFO_div5.txt
4332dfc92a0a5f20043845ff47147a17d70f6eefb2e3a4efb06b2fd296f6a75f	1944	data/processed/deglitch_work/S0820a/ucla_runtime/UCLA_v4/PREP03.m
04251c9e9012937fd4a1cca54c3dd19c1683300fbd8912afc3e583f666108c88	2553	data/processed/deglitch_work/S0820a/ucla_runtime/UCLA_v4/PREP08.m
9b41e10e7f72de36df8c77193dc2f3bdbaf248d84568400d94bf127be15991d3	1864	data/processed/deglitch_work/S0820a/ucla_runtime/UCLA_v4/PREP39.m
b67b43101764998deeaddb3ff57f454ae0a37182b808b310ae2945988af2fd90	1068	data/processed/deglitch_work/S0820a/ucla_runtime/UCLA_v4/PREPmkmseed.m
8c76812821b0b125644abbe5e2ae83aae9e7d6fd1d909ed720845dbfb57195ff	1392	data/processed/deglitch_work/S0820a/ucla_runtime/UCLA_v4/PREPmkmseedNew.m
9921518f8e9d4cde172edec6e08f50206f1456f10d509e8044958a1e022d23b5	1223	data/processed/deglitch_work/S0820a/ucla_runtime/UCLA_v4/PlotFinalNew.m
e2e048539122c61b800a66533394a4ffa7ffad663bc77e4220feea1f3e3261fb	1280	data/processed/deglitch_work/S0820a/ucla_runtime/UCLA_v4/PlotFinalNew2SPS.m
2c3c2cbeef099247b3271e85cbb569f1d0387388c9af84c3247131497a701570	398	data/processed/deglitch_work/S0820a/ucla_runtime/UCLA_v4/QuickClean.m
a988a011241e2919fd0307c7b9ac92e00ab2e12519905daf2440b0a7dce520a0	486	data/processed/deglitch_work/S0820a/ucla_runtime/UCLA_v4/README.m
a12273552c871602813ad807cc0e44c5c9c15bf85ac40e6546fe9790afd44450	510464	data/processed/deglitch_work/S0820a/ucla_runtime/UCLA_v4/S0235b_VBB.mseed
3339b5a792b6ce451d3ca994af140261d41567be9ff572b5e1e84cc5339e7521	610	data/processed/deglitch_work/S0820a/ucla_runtime/UCLA_v4/SampleFraction.m
8f6098dcea352194b5c896a5d46fde54c68528fd1019503b9f1c4be573aa0e1f	378	data/processed/deglitch_work/S0820a/ucla_runtime/UCLA_v4/TruncateXcov.m
cc6f80160a6579c38b91b240fb969950edd2382ee49637c2795c053a29f67153	2102	data/processed/deglitch_work/S0820a/ucla_runtime/UCLA_v4/XseedDataFDS.m
90c6bf09db4bfbc9ad32b7a276cce83c74394c08b2085e7faa26e4966d122eb7	7730	data/processed/deglitch_work/S0820a/ucla_runtime/UCLA_v4/aaout3.mat
0f29b8f216d4dfafacfb62a980c1c802e0838fc00ef9913136fe7a7da96c5439	179	data/processed/deglitch_work/S0820a/ucla_runtime/UCLA_v4/cclim.mat
a4f5bddd025e8bff941ffafbc11866f0f95948ee3b36bfdb2fc368b31276a5a5	181	data/processed/deglitch_work/S0820a/ucla_runtime/UCLA_v4/cclim2.mat
7cc4f0dadc14c5da533e46532d4090954ea1f07f552792769191c29512798647	1018199	data/processed/deglitch_work/S0820a/ucla_runtime/UCLA_v4/dc.mat
4349134d158f2f9a130cda002003852f5a401989ff3360d77e28cccd07492d1c	226	data/processed/deglitch_work/S0820a/ucla_runtime/UCLA_v4/decimeFPGA.m
f2e4440a240c7409444b6faba95f46e4a866fe12880b3d39cbe9808af4601c63	299	data/processed/deglitch_work/S0820a/ucla_runtime/UCLA_v4/deriviti.m
d03256442fcd51b630446dccd82e15f8d87b3b29ec97018745d9c11ef73b8833	192	data/processed/deglitch_work/S0820a/ucla_runtime/UCLA_v4/errors.m
2d1bfd611786fd2e70f23d1d284c0237e408099b0a38ef32603e79afe9ed35d5	175	data/processed/deglitch_work/S0820a/ucla_runtime/UCLA_v4/fetch.mat
86901dd234de26e7fcfa8c76fbdf7f4b03e95913280393648e1346bacfb62d61	475	data/processed/deglitch_work/S0820a/ucla_runtime/UCLA_v4/findI1PG1P.m
26901d09a6160a982f3ebd408c8079bc6a6b0d595e308c6128c582edc019f459	2092	data/processed/deglitch_work/S0820a/ucla_runtime/UCLA_v4/findmaxs.m
169f5ee6fe580633b465bffdee1550af46101aef46a3093db08db5ca049440a7	1903	data/processed/deglitch_work/S0820a/ucla_runtime/UCLA_v4/func.m
c34983ca96989ae643e74d20c4bc99f5c4a95ce510ede0750867bec8a4652572	938	data/processed/deglitch_work/S0820a/ucla_runtime/UCLA_v4/funcConvGaussSpikeThree.m
0996a4b2d7d7437661faac556cec16ffa42ee2773dad91661b85ee9e9b259731	3218	data/processed/deglitch_work/S0820a/ucla_runtime/UCLA_v4/funcPeaker.m
0c899e161b58e547a0c7ad3c1974bb61188fa41b57cb0d3a3dd887b8f894e02d	659	data/processed/deglitch_work/S0820a/ucla_runtime/UCLA_v4/funcadjustTimes.m
3ee00247fdf49859f4f317f084f039e1f664362ec4a5cd9040798ded8e02da0e	155199	data/processed/deglitch_work/S0820a/ucla_runtime/UCLA_v4/green20sps.mat
5f8c70eb1a3c0f850f3f6f75c6a8cea42a6e70ce42b03f2593cd9d1d0ac8669e	15639	data/processed/deglitch_work/S0820a/ucla_runtime/UCLA_v4/green2sps.mat
a7d5f244fff6c2fb5d53760cc0f6c830b36e1dc4aa619745f52bd469f007a5d2	837	data/processed/deglitch_work/S0820a/ucla_runtime/UCLA_v4/greenfitExpCSpike20SPS.m
28cb00d8ea228efd8e4576e4ab34815069791916ee5ff45ea477d4543578238e	927	data/processed/deglitch_work/S0820a/ucla_runtime/UCLA_v4/greenfitSlope.m
b215fd424deede19266682be3aa44148527e088e902c4ba4a4974136b5dd42b2	154916	data/processed/deglitch_work/S0820a/ucla_runtime/UCLA_v4/greenspike.mat
97e8ec837cb54080c9c424c10c57189c5687062f9c8e62e831c10144d3dab917	447	data/processed/deglitch_work/S0820a/ucla_runtime/UCLA_v4/junk
fc419ab9ba26bc84eebff7c7ed621e3554c8384b7f8dbc07305d1dfa470b5673	3160148	data/processed/deglitch_work/S0820a/ucla_runtime/UCLA_v4/metadata/RESP.XB.ELYSE.02.BHU
df3f74ac2730027d03d28841e3bf591ac55919de29840e30f35a64984aff58fe	3246875	data/processed/deglitch_work/S0820a/ucla_runtime/UCLA_v4/metadata/RESP.XB.ELYSE.02.BHV
54e51ce083258ef3252bd5bc4499e50de1d3b80cacda113570ae7086cea48955	3158312	data/processed/deglitch_work/S0820a/ucla_runtime/UCLA_v4/metadata/RESP.XB.ELYSE.02.BHW
110f3de4e7d5f6e9467147f77383982e6446b36bb5a3f85ed6b4776be98d7f71	784592	data/processed/deglitch_work/S0820a/ucla_runtime/UCLA_v4/metadata/RESP.XB.ELYSE.02.MHU
6605374c270b77f2bd330bfc684ba0e4b593ff46f1149def3116152615ca843b	784592	data/processed/deglitch_work/S0820a/ucla_runtime/UCLA_v4/metadata/RESP.XB.ELYSE.02.MHV
a1832e0f3aac73fc23ab402c1d8761d01b05d3d1e0b907ff8dd1cebeb07338cf	784592	data/processed/deglitch_work/S0820a/ucla_runtime/UCLA_v4/metadata/RESP.XB.ELYSE.02.MHW
0a08dc49461f0d677667f525f54861a5dc27f1aa6919ac5413c7756a2f3f74f4	17048	data/processed/deglitch_work/S0820a/ucla_runtime/UCLA_v4/mkmseed.m
3d4167bcea896854ff3170bbfd2aff5df3e9ec497ad665512c4fd30a8ff867f3	744	data/processed/deglitch_work/S0820a/ucla_runtime/UCLA_v4/mylsq.m
b14eadd66699f5ab30c262b4adf1b692a7e73b20c7eff3997f56521f72e11c50	778	data/processed/deglitch_work/S0820a/ucla_runtime/UCLA_v4/plotresultsFinal.m
606adc66abc3cee5c3ff91122d0959a0150770d88111380f230bede24c5fe8e3	34676	data/processed/deglitch_work/S0820a/ucla_runtime/UCLA_v4/rdmseed.m
38593b70a5113fccf99c57174f67b6e9a6d9b730fa3efd1ec7c492f67f9568a0	2154	data/processed/deglitch_work/S0820a/ucla_runtime/UCLA_v4/read_resp_v2.m
7bdacba195f49d202ccbb337f712d221075032aec57af96dda00225cb6b08acd	472	data/processed/deglitch_work/S0820a/ucla_runtime/UCLA_v4/rephase.m
b0627fab5f9a446d6acc3338442d98de14152a99bb70bc324d506257a8daeada	1833	data/processed/deglitch_work/S0820a/ucla_runtime/UCLA_v4/stalta.m
978c1cb7440cae89163d4398793737be45a3e57a21c9100d63bdbaa63180912a	1642	data/processed/deglitch_work/S0820a/ucla_runtime/UCLA_v4/testSpikes.m
c2a412762ba1583f9fd7d1230ef005691129af7311ccf9b625e632843241e4a7	17	data/processed/deglitch_work/S0820a/ucla_runtime/UCLA_v4/wminus
084b67b078775bf08c15ed64018d0a91eaa95b9ab4da1e24183b8b2e59788af8	833	data/processed/deglitch_work/S0820a/ucla_runtime/UCLA_v4/y
53f136f5e77efaeb14ab3f07e90178ea4d881e60eb67a327ad9d6c827157ae4a	213504	data/processed/deglitch_work/S0864a/S0864a.mseed
ceca867047b3a7a8edac1ecd61eb02d8e58cbc87bee232f99d6dadf0d891d514	691200	data/processed/deglitch_work/S0864a/S0864a_deglitched.mseed
f5ad889521fe57a115d93c55f248488702dd8cc7639bc952fb1209112c4f8d3d	1380864	data/processed/deglitch_work/S0864a/S0864a_glitches.mseed
ceca867047b3a7a8edac1ecd61eb02d8e58cbc87bee232f99d6dadf0d891d514	691200	data/processed/deglitch_work/S0864a/S0864a_mps_before_ucla.mseed
f91c45005c03766ed50a209fed8a6f1cfa52985bfa4976b742071d251c8abcf5	8417	data/processed/deglitch_work/S0864a/glitches_S0864a.txt
b5c15625c5666d0981bc7890654235ed9cda032af5a5990213506127b7bdedf3	2241	data/processed/deglitch_work/S0864a/seisglitch_config.yml
812a49dcca93168d48b33192d1d2058cea0185ffbdb15bd770a55cb828abda3f	120	data/processed/deglitch_work/S0864a/ucla_runtime/UCLA_v4/._MAIN.m
812a49dcca93168d48b33192d1d2058cea0185ffbdb15bd770a55cb828abda3f	120	data/processed/deglitch_work/S0864a/ucla_runtime/UCLA_v4/._MAIN20SPSJuly26.m
812a49dcca93168d48b33192d1d2058cea0185ffbdb15bd770a55cb828abda3f	120	data/processed/deglitch_work/S0864a/ucla_runtime/UCLA_v4/._MAIN2SPS.m
812a49dcca93168d48b33192d1d2058cea0185ffbdb15bd770a55cb828abda3f	120	data/processed/deglitch_work/S0864a/ucla_runtime/UCLA_v4/._PREP08.m
812a49dcca93168d48b33192d1d2058cea0185ffbdb15bd770a55cb828abda3f	120	data/processed/deglitch_work/S0864a/ucla_runtime/UCLA_v4/._PREPmkmseedNew.m
812a49dcca93168d48b33192d1d2058cea0185ffbdb15bd770a55cb828abda3f	120	data/processed/deglitch_work/S0864a/ucla_runtime/UCLA_v4/._TruncateXcov.m
812a49dcca93168d48b33192d1d2058cea0185ffbdb15bd770a55cb828abda3f	120	data/processed/deglitch_work/S0864a/ucla_runtime/UCLA_v4/._findmaxs.m
812a49dcca93168d48b33192d1d2058cea0185ffbdb15bd770a55cb828abda3f	120	data/processed/deglitch_work/S0864a/ucla_runtime/UCLA_v4/._func.m
812a49dcca93168d48b33192d1d2058cea0185ffbdb15bd770a55cb828abda3f	120	data/processed/deglitch_work/S0864a/ucla_runtime/UCLA_v4/._testSpikes.m
dc2899a90d04a1d1642827cca701af7a8bb95c17c794e0bbfff695cb50595405	184	data/processed/deglitch_work/S0864a/ucla_runtime/UCLA_v4/Conservative.mat
88a29a4c4bc1c6a43b8172890748d123e310141074f27be8e79beaa38b44c951	1028	data/processed/deglitch_work/S0864a/ucla_runtime/UCLA_v4/FindPrecursors.m
c28425c01be4ea7600a77944ed1b06b58151ab75d05a48c957567556ccf7eedf	2876	data/processed/deglitch_work/S0864a/ucla_runtime/UCLA_v4/MAIN.m
5b4be53f17dbf968abd360eb3bc7a203a4816a49a9d77f7b6101923000142236	5852	data/processed/deglitch_work/S0864a/ucla_runtime/UCLA_v4/MAIN20SPSJuly26.m
8ba27940cfcbca3ea091ff72218d8196f9c568727646206db74ee4a5a76d707c	2811	data/processed/deglitch_work/S0864a/ucla_runtime/UCLA_v4/MAIN20SPSReconcile.m
e4cc9c3ad46f8f153fc4bb4fc16ad6ada1770be3be69718f73e0cbd79d3eecfa	2542	data/processed/deglitch_work/S0864a/ucla_runtime/UCLA_v4/MAIN20SPSReconcileNew.m
dec95e6132a0452dfdfa088c130af5ef36ba42c3fcbba6b0429116372a7e8c66	2538	data/processed/deglitch_work/S0864a/ucla_runtime/UCLA_v4/MAIN20SPSReconcileNew.m~
f1d4808322e0eca5f14cda83e962ec115f1bee52d920af00530ccdc7fa4f1ab1	2821	data/processed/deglitch_work/S0864a/ucla_runtime/UCLA_v4/MAIN2SPS.m
157dd036a546ba62631ade4ebe8a2fa61179a55b51f34fdec2605ac736f147b4	1949	data/processed/deglitch_work/S0864a/ucla_runtime/UCLA_v4/MakeGlitch.m
52f5addeda49f642dba28b8ec840197c725b506f9ddaf67c644212fa89350d8e	181	data/processed/deglitch_work/S0864a/ucla_runtime/UCLA_v4/NLIMspike.mat
04d2cf0718e7f4d888f03538216e3ea09d47d9413c0cd14993ae7effb2388ab1	511	data/processed/deglitch_work/S0864a/ucla_runtime/UCLA_v4/NSpikeFloatGreenLine.m
34d81214d8851a20a2e2489cb4b7a39fb9988bd39f7ba5130dcc1926bcc92e1c	178	data/processed/deglitch_work/S0864a/ucla_runtime/UCLA_v4/Nlevel.mat
77dade4e3e4875f9937f762dc4948903fe7336ff62aed43b23ae8bc4eb746695	1261	data/processed/deglitch_work/S0864a/ucla_runtime/UCLA_v4/PFO_div2.txt
3cd93fb164e83a6e0af241535afbcde3fb1ac7c4fb1bdb69f527521b9d68a8de	2436	data/processed/deglitch_work/S0864a/ucla_runtime/UCLA_v4/PFO_div5.txt
4332dfc92a0a5f20043845ff47147a17d70f6eefb2e3a4efb06b2fd296f6a75f	1944	data/processed/deglitch_work/S0864a/ucla_runtime/UCLA_v4/PREP03.m
04251c9e9012937fd4a1cca54c3dd19c1683300fbd8912afc3e583f666108c88	2553	data/processed/deglitch_work/S0864a/ucla_runtime/UCLA_v4/PREP08.m
9b41e10e7f72de36df8c77193dc2f3bdbaf248d84568400d94bf127be15991d3	1864	data/processed/deglitch_work/S0864a/ucla_runtime/UCLA_v4/PREP39.m
b67b43101764998deeaddb3ff57f454ae0a37182b808b310ae2945988af2fd90	1068	data/processed/deglitch_work/S0864a/ucla_runtime/UCLA_v4/PREPmkmseed.m
8c76812821b0b125644abbe5e2ae83aae9e7d6fd1d909ed720845dbfb57195ff	1392	data/processed/deglitch_work/S0864a/ucla_runtime/UCLA_v4/PREPmkmseedNew.m
9921518f8e9d4cde172edec6e08f50206f1456f10d509e8044958a1e022d23b5	1223	data/processed/deglitch_work/S0864a/ucla_runtime/UCLA_v4/PlotFinalNew.m
e2e048539122c61b800a66533394a4ffa7ffad663bc77e4220feea1f3e3261fb	1280	data/processed/deglitch_work/S0864a/ucla_runtime/UCLA_v4/PlotFinalNew2SPS.m
2c3c2cbeef099247b3271e85cbb569f1d0387388c9af84c3247131497a701570	398	data/processed/deglitch_work/S0864a/ucla_runtime/UCLA_v4/QuickClean.m
a988a011241e2919fd0307c7b9ac92e00ab2e12519905daf2440b0a7dce520a0	486	data/processed/deglitch_work/S0864a/ucla_runtime/UCLA_v4/README.m
a12273552c871602813ad807cc0e44c5c9c15bf85ac40e6546fe9790afd44450	510464	data/processed/deglitch_work/S0864a/ucla_runtime/UCLA_v4/S0235b_VBB.mseed
3339b5a792b6ce451d3ca994af140261d41567be9ff572b5e1e84cc5339e7521	610	data/processed/deglitch_work/S0864a/ucla_runtime/UCLA_v4/SampleFraction.m
8f6098dcea352194b5c896a5d46fde54c68528fd1019503b9f1c4be573aa0e1f	378	data/processed/deglitch_work/S0864a/ucla_runtime/UCLA_v4/TruncateXcov.m
cc6f80160a6579c38b91b240fb969950edd2382ee49637c2795c053a29f67153	2102	data/processed/deglitch_work/S0864a/ucla_runtime/UCLA_v4/XseedDataFDS.m
90c6bf09db4bfbc9ad32b7a276cce83c74394c08b2085e7faa26e4966d122eb7	7730	data/processed/deglitch_work/S0864a/ucla_runtime/UCLA_v4/aaout3.mat
0f29b8f216d4dfafacfb62a980c1c802e0838fc00ef9913136fe7a7da96c5439	179	data/processed/deglitch_work/S0864a/ucla_runtime/UCLA_v4/cclim.mat
a4f5bddd025e8bff941ffafbc11866f0f95948ee3b36bfdb2fc368b31276a5a5	181	data/processed/deglitch_work/S0864a/ucla_runtime/UCLA_v4/cclim2.mat
7cc4f0dadc14c5da533e46532d4090954ea1f07f552792769191c29512798647	1018199	data/processed/deglitch_work/S0864a/ucla_runtime/UCLA_v4/dc.mat
4349134d158f2f9a130cda002003852f5a401989ff3360d77e28cccd07492d1c	226	data/processed/deglitch_work/S0864a/ucla_runtime/UCLA_v4/decimeFPGA.m
f2e4440a240c7409444b6faba95f46e4a866fe12880b3d39cbe9808af4601c63	299	data/processed/deglitch_work/S0864a/ucla_runtime/UCLA_v4/deriviti.m
d03256442fcd51b630446dccd82e15f8d87b3b29ec97018745d9c11ef73b8833	192	data/processed/deglitch_work/S0864a/ucla_runtime/UCLA_v4/errors.m
2d1bfd611786fd2e70f23d1d284c0237e408099b0a38ef32603e79afe9ed35d5	175	data/processed/deglitch_work/S0864a/ucla_runtime/UCLA_v4/fetch.mat
86901dd234de26e7fcfa8c76fbdf7f4b03e95913280393648e1346bacfb62d61	475	data/processed/deglitch_work/S0864a/ucla_runtime/UCLA_v4/findI1PG1P.m
26901d09a6160a982f3ebd408c8079bc6a6b0d595e308c6128c582edc019f459	2092	data/processed/deglitch_work/S0864a/ucla_runtime/UCLA_v4/findmaxs.m
169f5ee6fe580633b465bffdee1550af46101aef46a3093db08db5ca049440a7	1903	data/processed/deglitch_work/S0864a/ucla_runtime/UCLA_v4/func.m
c34983ca96989ae643e74d20c4bc99f5c4a95ce510ede0750867bec8a4652572	938	data/processed/deglitch_work/S0864a/ucla_runtime/UCLA_v4/funcConvGaussSpikeThree.m
0996a4b2d7d7437661faac556cec16ffa42ee2773dad91661b85ee9e9b259731	3218	data/processed/deglitch_work/S0864a/ucla_runtime/UCLA_v4/funcPeaker.m
0c899e161b58e547a0c7ad3c1974bb61188fa41b57cb0d3a3dd887b8f894e02d	659	data/processed/deglitch_work/S0864a/ucla_runtime/UCLA_v4/funcadjustTimes.m
3ee00247fdf49859f4f317f084f039e1f664362ec4a5cd9040798ded8e02da0e	155199	data/processed/deglitch_work/S0864a/ucla_runtime/UCLA_v4/green20sps.mat
5f8c70eb1a3c0f850f3f6f75c6a8cea42a6e70ce42b03f2593cd9d1d0ac8669e	15639	data/processed/deglitch_work/S0864a/ucla_runtime/UCLA_v4/green2sps.mat
a7d5f244fff6c2fb5d53760cc0f6c830b36e1dc4aa619745f52bd469f007a5d2	837	data/processed/deglitch_work/S0864a/ucla_runtime/UCLA_v4/greenfitExpCSpike20SPS.m
28cb00d8ea228efd8e4576e4ab34815069791916ee5ff45ea477d4543578238e	927	data/processed/deglitch_work/S0864a/ucla_runtime/UCLA_v4/greenfitSlope.m
b215fd424deede19266682be3aa44148527e088e902c4ba4a4974136b5dd42b2	154916	data/processed/deglitch_work/S0864a/ucla_runtime/UCLA_v4/greenspike.mat
97e8ec837cb54080c9c424c10c57189c5687062f9c8e62e831c10144d3dab917	447	data/processed/deglitch_work/S0864a/ucla_runtime/UCLA_v4/junk
fc419ab9ba26bc84eebff7c7ed621e3554c8384b7f8dbc07305d1dfa470b5673	3160148	data/processed/deglitch_work/S0864a/ucla_runtime/UCLA_v4/metadata/RESP.XB.ELYSE.02.BHU
df3f74ac2730027d03d28841e3bf591ac55919de29840e30f35a64984aff58fe	3246875	data/processed/deglitch_work/S0864a/ucla_runtime/UCLA_v4/metadata/RESP.XB.ELYSE.02.BHV
54e51ce083258ef3252bd5bc4499e50de1d3b80cacda113570ae7086cea48955	3158312	data/processed/deglitch_work/S0864a/ucla_runtime/UCLA_v4/metadata/RESP.XB.ELYSE.02.BHW
110f3de4e7d5f6e9467147f77383982e6446b36bb5a3f85ed6b4776be98d7f71	784592	data/processed/deglitch_work/S0864a/ucla_runtime/UCLA_v4/metadata/RESP.XB.ELYSE.02.MHU
6605374c270b77f2bd330bfc684ba0e4b593ff46f1149def3116152615ca843b	784592	data/processed/deglitch_work/S0864a/ucla_runtime/UCLA_v4/metadata/RESP.XB.ELYSE.02.MHV
a1832e0f3aac73fc23ab402c1d8761d01b05d3d1e0b907ff8dd1cebeb07338cf	784592	data/processed/deglitch_work/S0864a/ucla_runtime/UCLA_v4/metadata/RESP.XB.ELYSE.02.MHW
0a08dc49461f0d677667f525f54861a5dc27f1aa6919ac5413c7756a2f3f74f4	17048	data/processed/deglitch_work/S0864a/ucla_runtime/UCLA_v4/mkmseed.m
3d4167bcea896854ff3170bbfd2aff5df3e9ec497ad665512c4fd30a8ff867f3	744	data/processed/deglitch_work/S0864a/ucla_runtime/UCLA_v4/mylsq.m
b14eadd66699f5ab30c262b4adf1b692a7e73b20c7eff3997f56521f72e11c50	778	data/processed/deglitch_work/S0864a/ucla_runtime/UCLA_v4/plotresultsFinal.m
606adc66abc3cee5c3ff91122d0959a0150770d88111380f230bede24c5fe8e3	34676	data/processed/deglitch_work/S0864a/ucla_runtime/UCLA_v4/rdmseed.m
38593b70a5113fccf99c57174f67b6e9a6d9b730fa3efd1ec7c492f67f9568a0	2154	data/processed/deglitch_work/S0864a/ucla_runtime/UCLA_v4/read_resp_v2.m
7bdacba195f49d202ccbb337f712d221075032aec57af96dda00225cb6b08acd	472	data/processed/deglitch_work/S0864a/ucla_runtime/UCLA_v4/rephase.m
b0627fab5f9a446d6acc3338442d98de14152a99bb70bc324d506257a8daeada	1833	data/processed/deglitch_work/S0864a/ucla_runtime/UCLA_v4/stalta.m
978c1cb7440cae89163d4398793737be45a3e57a21c9100d63bdbaa63180912a	1642	data/processed/deglitch_work/S0864a/ucla_runtime/UCLA_v4/testSpikes.m
c2a412762ba1583f9fd7d1230ef005691129af7311ccf9b625e632843241e4a7	17	data/processed/deglitch_work/S0864a/ucla_runtime/UCLA_v4/wminus
084b67b078775bf08c15ed64018d0a91eaa95b9ab4da1e24183b8b2e59788af8	833	data/processed/deglitch_work/S0864a/ucla_runtime/UCLA_v4/y
d67d8e9586352908212bd07fa778ee3518370a77fb80631b89877fd95fbc91f2	180224	data/processed/deglitch_work/S0916d/S0916d.mseed
07bb137b03a1efb4e7951bdbb4fab29613fb6adb5766d381586e1e638614412a	691200	data/processed/deglitch_work/S0916d/S0916d_deglitched.mseed
ffd39c1ee3e57223bffccec9cebb6c46b553a17caf3d3a15d65ce49257f9a4c8	1380864	data/processed/deglitch_work/S0916d/S0916d_glitches.mseed
07bb137b03a1efb4e7951bdbb4fab29613fb6adb5766d381586e1e638614412a	691200	data/processed/deglitch_work/S0916d/S0916d_mps_before_ucla.mseed
10923c7c564863a6e5d0ebda7214376268e14d2de6c46a6b237f2485d0a1e17f	7807	data/processed/deglitch_work/S0916d/glitches_S0916d.txt
739ff213883f382bc4f5f891fad3eb2e286352726b6c43912dda0f314d838ebf	2241	data/processed/deglitch_work/S0916d/seisglitch_config.yml
812a49dcca93168d48b33192d1d2058cea0185ffbdb15bd770a55cb828abda3f	120	data/processed/deglitch_work/S0916d/ucla_runtime/UCLA_v4/._MAIN.m
812a49dcca93168d48b33192d1d2058cea0185ffbdb15bd770a55cb828abda3f	120	data/processed/deglitch_work/S0916d/ucla_runtime/UCLA_v4/._MAIN20SPSJuly26.m
812a49dcca93168d48b33192d1d2058cea0185ffbdb15bd770a55cb828abda3f	120	data/processed/deglitch_work/S0916d/ucla_runtime/UCLA_v4/._MAIN2SPS.m
812a49dcca93168d48b33192d1d2058cea0185ffbdb15bd770a55cb828abda3f	120	data/processed/deglitch_work/S0916d/ucla_runtime/UCLA_v4/._PREP08.m
812a49dcca93168d48b33192d1d2058cea0185ffbdb15bd770a55cb828abda3f	120	data/processed/deglitch_work/S0916d/ucla_runtime/UCLA_v4/._PREPmkmseedNew.m
812a49dcca93168d48b33192d1d2058cea0185ffbdb15bd770a55cb828abda3f	120	data/processed/deglitch_work/S0916d/ucla_runtime/UCLA_v4/._TruncateXcov.m
812a49dcca93168d48b33192d1d2058cea0185ffbdb15bd770a55cb828abda3f	120	data/processed/deglitch_work/S0916d/ucla_runtime/UCLA_v4/._findmaxs.m
812a49dcca93168d48b33192d1d2058cea0185ffbdb15bd770a55cb828abda3f	120	data/processed/deglitch_work/S0916d/ucla_runtime/UCLA_v4/._func.m
812a49dcca93168d48b33192d1d2058cea0185ffbdb15bd770a55cb828abda3f	120	data/processed/deglitch_work/S0916d/ucla_runtime/UCLA_v4/._testSpikes.m
dc2899a90d04a1d1642827cca701af7a8bb95c17c794e0bbfff695cb50595405	184	data/processed/deglitch_work/S0916d/ucla_runtime/UCLA_v4/Conservative.mat
88a29a4c4bc1c6a43b8172890748d123e310141074f27be8e79beaa38b44c951	1028	data/processed/deglitch_work/S0916d/ucla_runtime/UCLA_v4/FindPrecursors.m
c28425c01be4ea7600a77944ed1b06b58151ab75d05a48c957567556ccf7eedf	2876	data/processed/deglitch_work/S0916d/ucla_runtime/UCLA_v4/MAIN.m
5b4be53f17dbf968abd360eb3bc7a203a4816a49a9d77f7b6101923000142236	5852	data/processed/deglitch_work/S0916d/ucla_runtime/UCLA_v4/MAIN20SPSJuly26.m
8ba27940cfcbca3ea091ff72218d8196f9c568727646206db74ee4a5a76d707c	2811	data/processed/deglitch_work/S0916d/ucla_runtime/UCLA_v4/MAIN20SPSReconcile.m
e4cc9c3ad46f8f153fc4bb4fc16ad6ada1770be3be69718f73e0cbd79d3eecfa	2542	data/processed/deglitch_work/S0916d/ucla_runtime/UCLA_v4/MAIN20SPSReconcileNew.m
dec95e6132a0452dfdfa088c130af5ef36ba42c3fcbba6b0429116372a7e8c66	2538	data/processed/deglitch_work/S0916d/ucla_runtime/UCLA_v4/MAIN20SPSReconcileNew.m~
f1d4808322e0eca5f14cda83e962ec115f1bee52d920af00530ccdc7fa4f1ab1	2821	data/processed/deglitch_work/S0916d/ucla_runtime/UCLA_v4/MAIN2SPS.m
157dd036a546ba62631ade4ebe8a2fa61179a55b51f34fdec2605ac736f147b4	1949	data/processed/deglitch_work/S0916d/ucla_runtime/UCLA_v4/MakeGlitch.m
52f5addeda49f642dba28b8ec840197c725b506f9ddaf67c644212fa89350d8e	181	data/processed/deglitch_work/S0916d/ucla_runtime/UCLA_v4/NLIMspike.mat
04d2cf0718e7f4d888f03538216e3ea09d47d9413c0cd14993ae7effb2388ab1	511	data/processed/deglitch_work/S0916d/ucla_runtime/UCLA_v4/NSpikeFloatGreenLine.m
34d81214d8851a20a2e2489cb4b7a39fb9988bd39f7ba5130dcc1926bcc92e1c	178	data/processed/deglitch_work/S0916d/ucla_runtime/UCLA_v4/Nlevel.mat
77dade4e3e4875f9937f762dc4948903fe7336ff62aed43b23ae8bc4eb746695	1261	data/processed/deglitch_work/S0916d/ucla_runtime/UCLA_v4/PFO_div2.txt
3cd93fb164e83a6e0af241535afbcde3fb1ac7c4fb1bdb69f527521b9d68a8de	2436	data/processed/deglitch_work/S0916d/ucla_runtime/UCLA_v4/PFO_div5.txt
4332dfc92a0a5f20043845ff47147a17d70f6eefb2e3a4efb06b2fd296f6a75f	1944	data/processed/deglitch_work/S0916d/ucla_runtime/UCLA_v4/PREP03.m
04251c9e9012937fd4a1cca54c3dd19c1683300fbd8912afc3e583f666108c88	2553	data/processed/deglitch_work/S0916d/ucla_runtime/UCLA_v4/PREP08.m
9b41e10e7f72de36df8c77193dc2f3bdbaf248d84568400d94bf127be15991d3	1864	data/processed/deglitch_work/S0916d/ucla_runtime/UCLA_v4/PREP39.m
b67b43101764998deeaddb3ff57f454ae0a37182b808b310ae2945988af2fd90	1068	data/processed/deglitch_work/S0916d/ucla_runtime/UCLA_v4/PREPmkmseed.m
8c76812821b0b125644abbe5e2ae83aae9e7d6fd1d909ed720845dbfb57195ff	1392	data/processed/deglitch_work/S0916d/ucla_runtime/UCLA_v4/PREPmkmseedNew.m
9921518f8e9d4cde172edec6e08f50206f1456f10d509e8044958a1e022d23b5	1223	data/processed/deglitch_work/S0916d/ucla_runtime/UCLA_v4/PlotFinalNew.m
e2e048539122c61b800a66533394a4ffa7ffad663bc77e4220feea1f3e3261fb	1280	data/processed/deglitch_work/S0916d/ucla_runtime/UCLA_v4/PlotFinalNew2SPS.m
2c3c2cbeef099247b3271e85cbb569f1d0387388c9af84c3247131497a701570	398	data/processed/deglitch_work/S0916d/ucla_runtime/UCLA_v4/QuickClean.m
a988a011241e2919fd0307c7b9ac92e00ab2e12519905daf2440b0a7dce520a0	486	data/processed/deglitch_work/S0916d/ucla_runtime/UCLA_v4/README.m
a12273552c871602813ad807cc0e44c5c9c15bf85ac40e6546fe9790afd44450	510464	data/processed/deglitch_work/S0916d/ucla_runtime/UCLA_v4/S0235b_VBB.mseed
3339b5a792b6ce451d3ca994af140261d41567be9ff572b5e1e84cc5339e7521	610	data/processed/deglitch_work/S0916d/ucla_runtime/UCLA_v4/SampleFraction.m
8f6098dcea352194b5c896a5d46fde54c68528fd1019503b9f1c4be573aa0e1f	378	data/processed/deglitch_work/S0916d/ucla_runtime/UCLA_v4/TruncateXcov.m
cc6f80160a6579c38b91b240fb969950edd2382ee49637c2795c053a29f67153	2102	data/processed/deglitch_work/S0916d/ucla_runtime/UCLA_v4/XseedDataFDS.m
90c6bf09db4bfbc9ad32b7a276cce83c74394c08b2085e7faa26e4966d122eb7	7730	data/processed/deglitch_work/S0916d/ucla_runtime/UCLA_v4/aaout3.mat
0f29b8f216d4dfafacfb62a980c1c802e0838fc00ef9913136fe7a7da96c5439	179	data/processed/deglitch_work/S0916d/ucla_runtime/UCLA_v4/cclim.mat
a4f5bddd025e8bff941ffafbc11866f0f95948ee3b36bfdb2fc368b31276a5a5	181	data/processed/deglitch_work/S0916d/ucla_runtime/UCLA_v4/cclim2.mat
7cc4f0dadc14c5da533e46532d4090954ea1f07f552792769191c29512798647	1018199	data/processed/deglitch_work/S0916d/ucla_runtime/UCLA_v4/dc.mat
4349134d158f2f9a130cda002003852f5a401989ff3360d77e28cccd07492d1c	226	data/processed/deglitch_work/S0916d/ucla_runtime/UCLA_v4/decimeFPGA.m
f2e4440a240c7409444b6faba95f46e4a866fe12880b3d39cbe9808af4601c63	299	data/processed/deglitch_work/S0916d/ucla_runtime/UCLA_v4/deriviti.m
d03256442fcd51b630446dccd82e15f8d87b3b29ec97018745d9c11ef73b8833	192	data/processed/deglitch_work/S0916d/ucla_runtime/UCLA_v4/errors.m
2d1bfd611786fd2e70f23d1d284c0237e408099b0a38ef32603e79afe9ed35d5	175	data/processed/deglitch_work/S0916d/ucla_runtime/UCLA_v4/fetch.mat
86901dd234de26e7fcfa8c76fbdf7f4b03e95913280393648e1346bacfb62d61	475	data/processed/deglitch_work/S0916d/ucla_runtime/UCLA_v4/findI1PG1P.m
26901d09a6160a982f3ebd408c8079bc6a6b0d595e308c6128c582edc019f459	2092	data/processed/deglitch_work/S0916d/ucla_runtime/UCLA_v4/findmaxs.m
169f5ee6fe580633b465bffdee1550af46101aef46a3093db08db5ca049440a7	1903	data/processed/deglitch_work/S0916d/ucla_runtime/UCLA_v4/func.m
c34983ca96989ae643e74d20c4bc99f5c4a95ce510ede0750867bec8a4652572	938	data/processed/deglitch_work/S0916d/ucla_runtime/UCLA_v4/funcConvGaussSpikeThree.m
0996a4b2d7d7437661faac556cec16ffa42ee2773dad91661b85ee9e9b259731	3218	data/processed/deglitch_work/S0916d/ucla_runtime/UCLA_v4/funcPeaker.m
0c899e161b58e547a0c7ad3c1974bb61188fa41b57cb0d3a3dd887b8f894e02d	659	data/processed/deglitch_work/S0916d/ucla_runtime/UCLA_v4/funcadjustTimes.m
3ee00247fdf49859f4f317f084f039e1f664362ec4a5cd9040798ded8e02da0e	155199	data/processed/deglitch_work/S0916d/ucla_runtime/UCLA_v4/green20sps.mat
5f8c70eb1a3c0f850f3f6f75c6a8cea42a6e70ce42b03f2593cd9d1d0ac8669e	15639	data/processed/deglitch_work/S0916d/ucla_runtime/UCLA_v4/green2sps.mat
a7d5f244fff6c2fb5d53760cc0f6c830b36e1dc4aa619745f52bd469f007a5d2	837	data/processed/deglitch_work/S0916d/ucla_runtime/UCLA_v4/greenfitExpCSpike20SPS.m
28cb00d8ea228efd8e4576e4ab34815069791916ee5ff45ea477d4543578238e	927	data/processed/deglitch_work/S0916d/ucla_runtime/UCLA_v4/greenfitSlope.m
b215fd424deede19266682be3aa44148527e088e902c4ba4a4974136b5dd42b2	154916	data/processed/deglitch_work/S0916d/ucla_runtime/UCLA_v4/greenspike.mat
97e8ec837cb54080c9c424c10c57189c5687062f9c8e62e831c10144d3dab917	447	data/processed/deglitch_work/S0916d/ucla_runtime/UCLA_v4/junk
fc419ab9ba26bc84eebff7c7ed621e3554c8384b7f8dbc07305d1dfa470b5673	3160148	data/processed/deglitch_work/S0916d/ucla_runtime/UCLA_v4/metadata/RESP.XB.ELYSE.02.BHU
df3f74ac2730027d03d28841e3bf591ac55919de29840e30f35a64984aff58fe	3246875	data/processed/deglitch_work/S0916d/ucla_runtime/UCLA_v4/metadata/RESP.XB.ELYSE.02.BHV
54e51ce083258ef3252bd5bc4499e50de1d3b80cacda113570ae7086cea48955	3158312	data/processed/deglitch_work/S0916d/ucla_runtime/UCLA_v4/metadata/RESP.XB.ELYSE.02.BHW
110f3de4e7d5f6e9467147f77383982e6446b36bb5a3f85ed6b4776be98d7f71	784592	data/processed/deglitch_work/S0916d/ucla_runtime/UCLA_v4/metadata/RESP.XB.ELYSE.02.MHU
6605374c270b77f2bd330bfc684ba0e4b593ff46f1149def3116152615ca843b	784592	data/processed/deglitch_work/S0916d/ucla_runtime/UCLA_v4/metadata/RESP.XB.ELYSE.02.MHV
a1832e0f3aac73fc23ab402c1d8761d01b05d3d1e0b907ff8dd1cebeb07338cf	784592	data/processed/deglitch_work/S0916d/ucla_runtime/UCLA_v4/metadata/RESP.XB.ELYSE.02.MHW
0a08dc49461f0d677667f525f54861a5dc27f1aa6919ac5413c7756a2f3f74f4	17048	data/processed/deglitch_work/S0916d/ucla_runtime/UCLA_v4/mkmseed.m
3d4167bcea896854ff3170bbfd2aff5df3e9ec497ad665512c4fd30a8ff867f3	744	data/processed/deglitch_work/S0916d/ucla_runtime/UCLA_v4/mylsq.m
b14eadd66699f5ab30c262b4adf1b692a7e73b20c7eff3997f56521f72e11c50	778	data/processed/deglitch_work/S0916d/ucla_runtime/UCLA_v4/plotresultsFinal.m
606adc66abc3cee5c3ff91122d0959a0150770d88111380f230bede24c5fe8e3	34676	data/processed/deglitch_work/S0916d/ucla_runtime/UCLA_v4/rdmseed.m
38593b70a5113fccf99c57174f67b6e9a6d9b730fa3efd1ec7c492f67f9568a0	2154	data/processed/deglitch_work/S0916d/ucla_runtime/UCLA_v4/read_resp_v2.m
7bdacba195f49d202ccbb337f712d221075032aec57af96dda00225cb6b08acd	472	data/processed/deglitch_work/S0916d/ucla_runtime/UCLA_v4/rephase.m
b0627fab5f9a446d6acc3338442d98de14152a99bb70bc324d506257a8daeada	1833	data/processed/deglitch_work/S0916d/ucla_runtime/UCLA_v4/stalta.m
978c1cb7440cae89163d4398793737be45a3e57a21c9100d63bdbaa63180912a	1642	data/processed/deglitch_work/S0916d/ucla_runtime/UCLA_v4/testSpikes.m
c2a412762ba1583f9fd7d1230ef005691129af7311ccf9b625e632843241e4a7	17	data/processed/deglitch_work/S0916d/ucla_runtime/UCLA_v4/wminus
084b67b078775bf08c15ed64018d0a91eaa95b9ab4da1e24183b8b2e59788af8	833	data/processed/deglitch_work/S0916d/ucla_runtime/UCLA_v4/y
84a5fe149f671ced00deff642cdc5e1afe7e26944b0100f18e7d6425e3b1e16f	181760	data/processed/deglitch_work/S0918a/S0918a.mseed
94c6dbdd1e2fec359afc1a445ef3e57873a8c7fa283cc30720e3312bda723568	691200	data/processed/deglitch_work/S0918a/S0918a_deglitched.mseed
fcd87d7d872e466571b4c198572bdc5e65f74a75b3a57ee025cd545847b6805f	1380864	data/processed/deglitch_work/S0918a/S0918a_glitches.mseed
94c6dbdd1e2fec359afc1a445ef3e57873a8c7fa283cc30720e3312bda723568	691200	data/processed/deglitch_work/S0918a/S0918a_mps_before_ucla.mseed
bbac3ebda3218e172b76712b52c44d40a32e0a9f9c36aa81c0b2d1520d708348	8112	data/processed/deglitch_work/S0918a/glitches_S0918a.txt
86b5a7cd3947e1e106b8795dc127d50fd383b159078c27d46192611ec3c7664a	2241	data/processed/deglitch_work/S0918a/seisglitch_config.yml
812a49dcca93168d48b33192d1d2058cea0185ffbdb15bd770a55cb828abda3f	120	data/processed/deglitch_work/S0918a/ucla_runtime/UCLA_v4/._MAIN.m
812a49dcca93168d48b33192d1d2058cea0185ffbdb15bd770a55cb828abda3f	120	data/processed/deglitch_work/S0918a/ucla_runtime/UCLA_v4/._MAIN20SPSJuly26.m
812a49dcca93168d48b33192d1d2058cea0185ffbdb15bd770a55cb828abda3f	120	data/processed/deglitch_work/S0918a/ucla_runtime/UCLA_v4/._MAIN2SPS.m
812a49dcca93168d48b33192d1d2058cea0185ffbdb15bd770a55cb828abda3f	120	data/processed/deglitch_work/S0918a/ucla_runtime/UCLA_v4/._PREP08.m
812a49dcca93168d48b33192d1d2058cea0185ffbdb15bd770a55cb828abda3f	120	data/processed/deglitch_work/S0918a/ucla_runtime/UCLA_v4/._PREPmkmseedNew.m
812a49dcca93168d48b33192d1d2058cea0185ffbdb15bd770a55cb828abda3f	120	data/processed/deglitch_work/S0918a/ucla_runtime/UCLA_v4/._TruncateXcov.m
812a49dcca93168d48b33192d1d2058cea0185ffbdb15bd770a55cb828abda3f	120	data/processed/deglitch_work/S0918a/ucla_runtime/UCLA_v4/._findmaxs.m
812a49dcca93168d48b33192d1d2058cea0185ffbdb15bd770a55cb828abda3f	120	data/processed/deglitch_work/S0918a/ucla_runtime/UCLA_v4/._func.m
812a49dcca93168d48b33192d1d2058cea0185ffbdb15bd770a55cb828abda3f	120	data/processed/deglitch_work/S0918a/ucla_runtime/UCLA_v4/._testSpikes.m
dc2899a90d04a1d1642827cca701af7a8bb95c17c794e0bbfff695cb50595405	184	data/processed/deglitch_work/S0918a/ucla_runtime/UCLA_v4/Conservative.mat
88a29a4c4bc1c6a43b8172890748d123e310141074f27be8e79beaa38b44c951	1028	data/processed/deglitch_work/S0918a/ucla_runtime/UCLA_v4/FindPrecursors.m
c28425c01be4ea7600a77944ed1b06b58151ab75d05a48c957567556ccf7eedf	2876	data/processed/deglitch_work/S0918a/ucla_runtime/UCLA_v4/MAIN.m
5b4be53f17dbf968abd360eb3bc7a203a4816a49a9d77f7b6101923000142236	5852	data/processed/deglitch_work/S0918a/ucla_runtime/UCLA_v4/MAIN20SPSJuly26.m
8ba27940cfcbca3ea091ff72218d8196f9c568727646206db74ee4a5a76d707c	2811	data/processed/deglitch_work/S0918a/ucla_runtime/UCLA_v4/MAIN20SPSReconcile.m
e4cc9c3ad46f8f153fc4bb4fc16ad6ada1770be3be69718f73e0cbd79d3eecfa	2542	data/processed/deglitch_work/S0918a/ucla_runtime/UCLA_v4/MAIN20SPSReconcileNew.m
dec95e6132a0452dfdfa088c130af5ef36ba42c3fcbba6b0429116372a7e8c66	2538	data/processed/deglitch_work/S0918a/ucla_runtime/UCLA_v4/MAIN20SPSReconcileNew.m~
f1d4808322e0eca5f14cda83e962ec115f1bee52d920af00530ccdc7fa4f1ab1	2821	data/processed/deglitch_work/S0918a/ucla_runtime/UCLA_v4/MAIN2SPS.m
157dd036a546ba62631ade4ebe8a2fa61179a55b51f34fdec2605ac736f147b4	1949	data/processed/deglitch_work/S0918a/ucla_runtime/UCLA_v4/MakeGlitch.m
52f5addeda49f642dba28b8ec840197c725b506f9ddaf67c644212fa89350d8e	181	data/processed/deglitch_work/S0918a/ucla_runtime/UCLA_v4/NLIMspike.mat
04d2cf0718e7f4d888f03538216e3ea09d47d9413c0cd14993ae7effb2388ab1	511	data/processed/deglitch_work/S0918a/ucla_runtime/UCLA_v4/NSpikeFloatGreenLine.m
34d81214d8851a20a2e2489cb4b7a39fb9988bd39f7ba5130dcc1926bcc92e1c	178	data/processed/deglitch_work/S0918a/ucla_runtime/UCLA_v4/Nlevel.mat
77dade4e3e4875f9937f762dc4948903fe7336ff62aed43b23ae8bc4eb746695	1261	data/processed/deglitch_work/S0918a/ucla_runtime/UCLA_v4/PFO_div2.txt
3cd93fb164e83a6e0af241535afbcde3fb1ac7c4fb1bdb69f527521b9d68a8de	2436	data/processed/deglitch_work/S0918a/ucla_runtime/UCLA_v4/PFO_div5.txt
4332dfc92a0a5f20043845ff47147a17d70f6eefb2e3a4efb06b2fd296f6a75f	1944	data/processed/deglitch_work/S0918a/ucla_runtime/UCLA_v4/PREP03.m
04251c9e9012937fd4a1cca54c3dd19c1683300fbd8912afc3e583f666108c88	2553	data/processed/deglitch_work/S0918a/ucla_runtime/UCLA_v4/PREP08.m
9b41e10e7f72de36df8c77193dc2f3bdbaf248d84568400d94bf127be15991d3	1864	data/processed/deglitch_work/S0918a/ucla_runtime/UCLA_v4/PREP39.m
b67b43101764998deeaddb3ff57f454ae0a37182b808b310ae2945988af2fd90	1068	data/processed/deglitch_work/S0918a/ucla_runtime/UCLA_v4/PREPmkmseed.m
8c76812821b0b125644abbe5e2ae83aae9e7d6fd1d909ed720845dbfb57195ff	1392	data/processed/deglitch_work/S0918a/ucla_runtime/UCLA_v4/PREPmkmseedNew.m
9921518f8e9d4cde172edec6e08f50206f1456f10d509e8044958a1e022d23b5	1223	data/processed/deglitch_work/S0918a/ucla_runtime/UCLA_v4/PlotFinalNew.m
e2e048539122c61b800a66533394a4ffa7ffad663bc77e4220feea1f3e3261fb	1280	data/processed/deglitch_work/S0918a/ucla_runtime/UCLA_v4/PlotFinalNew2SPS.m
2c3c2cbeef099247b3271e85cbb569f1d0387388c9af84c3247131497a701570	398	data/processed/deglitch_work/S0918a/ucla_runtime/UCLA_v4/QuickClean.m
a988a011241e2919fd0307c7b9ac92e00ab2e12519905daf2440b0a7dce520a0	486	data/processed/deglitch_work/S0918a/ucla_runtime/UCLA_v4/README.m
a12273552c871602813ad807cc0e44c5c9c15bf85ac40e6546fe9790afd44450	510464	data/processed/deglitch_work/S0918a/ucla_runtime/UCLA_v4/S0235b_VBB.mseed
3339b5a792b6ce451d3ca994af140261d41567be9ff572b5e1e84cc5339e7521	610	data/processed/deglitch_work/S0918a/ucla_runtime/UCLA_v4/SampleFraction.m
8f6098dcea352194b5c896a5d46fde54c68528fd1019503b9f1c4be573aa0e1f	378	data/processed/deglitch_work/S0918a/ucla_runtime/UCLA_v4/TruncateXcov.m
cc6f80160a6579c38b91b240fb969950edd2382ee49637c2795c053a29f67153	2102	data/processed/deglitch_work/S0918a/ucla_runtime/UCLA_v4/XseedDataFDS.m
90c6bf09db4bfbc9ad32b7a276cce83c74394c08b2085e7faa26e4966d122eb7	7730	data/processed/deglitch_work/S0918a/ucla_runtime/UCLA_v4/aaout3.mat
0f29b8f216d4dfafacfb62a980c1c802e0838fc00ef9913136fe7a7da96c5439	179	data/processed/deglitch_work/S0918a/ucla_runtime/UCLA_v4/cclim.mat
a4f5bddd025e8bff941ffafbc11866f0f95948ee3b36bfdb2fc368b31276a5a5	181	data/processed/deglitch_work/S0918a/ucla_runtime/UCLA_v4/cclim2.mat
7cc4f0dadc14c5da533e46532d4090954ea1f07f552792769191c29512798647	1018199	data/processed/deglitch_work/S0918a/ucla_runtime/UCLA_v4/dc.mat
4349134d158f2f9a130cda002003852f5a401989ff3360d77e28cccd07492d1c	226	data/processed/deglitch_work/S0918a/ucla_runtime/UCLA_v4/decimeFPGA.m
f2e4440a240c7409444b6faba95f46e4a866fe12880b3d39cbe9808af4601c63	299	data/processed/deglitch_work/S0918a/ucla_runtime/UCLA_v4/deriviti.m
d03256442fcd51b630446dccd82e15f8d87b3b29ec97018745d9c11ef73b8833	192	data/processed/deglitch_work/S0918a/ucla_runtime/UCLA_v4/errors.m
2d1bfd611786fd2e70f23d1d284c0237e408099b0a38ef32603e79afe9ed35d5	175	data/processed/deglitch_work/S0918a/ucla_runtime/UCLA_v4/fetch.mat
86901dd234de26e7fcfa8c76fbdf7f4b03e95913280393648e1346bacfb62d61	475	data/processed/deglitch_work/S0918a/ucla_runtime/UCLA_v4/findI1PG1P.m
26901d09a6160a982f3ebd408c8079bc6a6b0d595e308c6128c582edc019f459	2092	data/processed/deglitch_work/S0918a/ucla_runtime/UCLA_v4/findmaxs.m
169f5ee6fe580633b465bffdee1550af46101aef46a3093db08db5ca049440a7	1903	data/processed/deglitch_work/S0918a/ucla_runtime/UCLA_v4/func.m
c34983ca96989ae643e74d20c4bc99f5c4a95ce510ede0750867bec8a4652572	938	data/processed/deglitch_work/S0918a/ucla_runtime/UCLA_v4/funcConvGaussSpikeThree.m
0996a4b2d7d7437661faac556cec16ffa42ee2773dad91661b85ee9e9b259731	3218	data/processed/deglitch_work/S0918a/ucla_runtime/UCLA_v4/funcPeaker.m
0c899e161b58e547a0c7ad3c1974bb61188fa41b57cb0d3a3dd887b8f894e02d	659	data/processed/deglitch_work/S0918a/ucla_runtime/UCLA_v4/funcadjustTimes.m
3ee00247fdf49859f4f317f084f039e1f664362ec4a5cd9040798ded8e02da0e	155199	data/processed/deglitch_work/S0918a/ucla_runtime/UCLA_v4/green20sps.mat
5f8c70eb1a3c0f850f3f6f75c6a8cea42a6e70ce42b03f2593cd9d1d0ac8669e	15639	data/processed/deglitch_work/S0918a/ucla_runtime/UCLA_v4/green2sps.mat
a7d5f244fff6c2fb5d53760cc0f6c830b36e1dc4aa619745f52bd469f007a5d2	837	data/processed/deglitch_work/S0918a/ucla_runtime/UCLA_v4/greenfitExpCSpike20SPS.m
28cb00d8ea228efd8e4576e4ab34815069791916ee5ff45ea477d4543578238e	927	data/processed/deglitch_work/S0918a/ucla_runtime/UCLA_v4/greenfitSlope.m
b215fd424deede19266682be3aa44148527e088e902c4ba4a4974136b5dd42b2	154916	data/processed/deglitch_work/S0918a/ucla_runtime/UCLA_v4/greenspike.mat
97e8ec837cb54080c9c424c10c57189c5687062f9c8e62e831c10144d3dab917	447	data/processed/deglitch_work/S0918a/ucla_runtime/UCLA_v4/junk
fc419ab9ba26bc84eebff7c7ed621e3554c8384b7f8dbc07305d1dfa470b5673	3160148	data/processed/deglitch_work/S0918a/ucla_runtime/UCLA_v4/metadata/RESP.XB.ELYSE.02.BHU
df3f74ac2730027d03d28841e3bf591ac55919de29840e30f35a64984aff58fe	3246875	data/processed/deglitch_work/S0918a/ucla_runtime/UCLA_v4/metadata/RESP.XB.ELYSE.02.BHV
54e51ce083258ef3252bd5bc4499e50de1d3b80cacda113570ae7086cea48955	3158312	data/processed/deglitch_work/S0918a/ucla_runtime/UCLA_v4/metadata/RESP.XB.ELYSE.02.BHW
110f3de4e7d5f6e9467147f77383982e6446b36bb5a3f85ed6b4776be98d7f71	784592	data/processed/deglitch_work/S0918a/ucla_runtime/UCLA_v4/metadata/RESP.XB.ELYSE.02.MHU
6605374c270b77f2bd330bfc684ba0e4b593ff46f1149def3116152615ca843b	784592	data/processed/deglitch_work/S0918a/ucla_runtime/UCLA_v4/metadata/RESP.XB.ELYSE.02.MHV
a1832e0f3aac73fc23ab402c1d8761d01b05d3d1e0b907ff8dd1cebeb07338cf	784592	data/processed/deglitch_work/S0918a/ucla_runtime/UCLA_v4/metadata/RESP.XB.ELYSE.02.MHW
0a08dc49461f0d677667f525f54861a5dc27f1aa6919ac5413c7756a2f3f74f4	17048	data/processed/deglitch_work/S0918a/ucla_runtime/UCLA_v4/mkmseed.m
3d4167bcea896854ff3170bbfd2aff5df3e9ec497ad665512c4fd30a8ff867f3	744	data/processed/deglitch_work/S0918a/ucla_runtime/UCLA_v4/mylsq.m
b14eadd66699f5ab30c262b4adf1b692a7e73b20c7eff3997f56521f72e11c50	778	data/processed/deglitch_work/S0918a/ucla_runtime/UCLA_v4/plotresultsFinal.m
606adc66abc3cee5c3ff91122d0959a0150770d88111380f230bede24c5fe8e3	34676	data/processed/deglitch_work/S0918a/ucla_runtime/UCLA_v4/rdmseed.m
38593b70a5113fccf99c57174f67b6e9a6d9b730fa3efd1ec7c492f67f9568a0	2154	data/processed/deglitch_work/S0918a/ucla_runtime/UCLA_v4/read_resp_v2.m
7bdacba195f49d202ccbb337f712d221075032aec57af96dda00225cb6b08acd	472	data/processed/deglitch_work/S0918a/ucla_runtime/UCLA_v4/rephase.m
b0627fab5f9a446d6acc3338442d98de14152a99bb70bc324d506257a8daeada	1833	data/processed/deglitch_work/S0918a/ucla_runtime/UCLA_v4/stalta.m
978c1cb7440cae89163d4398793737be45a3e57a21c9100d63bdbaa63180912a	1642	data/processed/deglitch_work/S0918a/ucla_runtime/UCLA_v4/testSpikes.m
c2a412762ba1583f9fd7d1230ef005691129af7311ccf9b625e632843241e4a7	17	data/processed/deglitch_work/S0918a/ucla_runtime/UCLA_v4/wminus
084b67b078775bf08c15ed64018d0a91eaa95b9ab4da1e24183b8b2e59788af8	833	data/processed/deglitch_work/S0918a/ucla_runtime/UCLA_v4/y
7cca30eeb7b413897520033905958e893e78c0ccbe5e4f09a196261cd44d78d3	182272	data/processed/deglitch_work/S1012d/S1012d.mseed
847bc7c29a880334b4f16d24928465db8139f8ccfb18682c8ae69d2b4e6c6ead	691200	data/processed/deglitch_work/S1012d/S1012d_deglitched.mseed
50d4a0fcf587a3774c13b01ffe801ceede7fd3d46c3bba9013511bb3e667ea04	1380864	data/processed/deglitch_work/S1012d/S1012d_glitches.mseed
847bc7c29a880334b4f16d24928465db8139f8ccfb18682c8ae69d2b4e6c6ead	691200	data/processed/deglitch_work/S1012d/S1012d_mps_before_ucla.mseed
2ad44a9cc5bf7c19e562a83ed2b30c520d69a729c4be3007d777261503904b7f	9027	data/processed/deglitch_work/S1012d/glitches_S1012d.txt
f94a04e522c6214fab53148698e6edf740412475fee5ffae8868243f1b7368ad	2241	data/processed/deglitch_work/S1012d/seisglitch_config.yml
812a49dcca93168d48b33192d1d2058cea0185ffbdb15bd770a55cb828abda3f	120	data/processed/deglitch_work/S1012d/ucla_runtime/UCLA_v4/._MAIN.m
812a49dcca93168d48b33192d1d2058cea0185ffbdb15bd770a55cb828abda3f	120	data/processed/deglitch_work/S1012d/ucla_runtime/UCLA_v4/._MAIN20SPSJuly26.m
812a49dcca93168d48b33192d1d2058cea0185ffbdb15bd770a55cb828abda3f	120	data/processed/deglitch_work/S1012d/ucla_runtime/UCLA_v4/._MAIN2SPS.m
812a49dcca93168d48b33192d1d2058cea0185ffbdb15bd770a55cb828abda3f	120	data/processed/deglitch_work/S1012d/ucla_runtime/UCLA_v4/._PREP08.m
812a49dcca93168d48b33192d1d2058cea0185ffbdb15bd770a55cb828abda3f	120	data/processed/deglitch_work/S1012d/ucla_runtime/UCLA_v4/._PREPmkmseedNew.m
812a49dcca93168d48b33192d1d2058cea0185ffbdb15bd770a55cb828abda3f	120	data/processed/deglitch_work/S1012d/ucla_runtime/UCLA_v4/._TruncateXcov.m
812a49dcca93168d48b33192d1d2058cea0185ffbdb15bd770a55cb828abda3f	120	data/processed/deglitch_work/S1012d/ucla_runtime/UCLA_v4/._findmaxs.m
812a49dcca93168d48b33192d1d2058cea0185ffbdb15bd770a55cb828abda3f	120	data/processed/deglitch_work/S1012d/ucla_runtime/UCLA_v4/._func.m
812a49dcca93168d48b33192d1d2058cea0185ffbdb15bd770a55cb828abda3f	120	data/processed/deglitch_work/S1012d/ucla_runtime/UCLA_v4/._testSpikes.m
dc2899a90d04a1d1642827cca701af7a8bb95c17c794e0bbfff695cb50595405	184	data/processed/deglitch_work/S1012d/ucla_runtime/UCLA_v4/Conservative.mat
88a29a4c4bc1c6a43b8172890748d123e310141074f27be8e79beaa38b44c951	1028	data/processed/deglitch_work/S1012d/ucla_runtime/UCLA_v4/FindPrecursors.m
c28425c01be4ea7600a77944ed1b06b58151ab75d05a48c957567556ccf7eedf	2876	data/processed/deglitch_work/S1012d/ucla_runtime/UCLA_v4/MAIN.m
5b4be53f17dbf968abd360eb3bc7a203a4816a49a9d77f7b6101923000142236	5852	data/processed/deglitch_work/S1012d/ucla_runtime/UCLA_v4/MAIN20SPSJuly26.m
8ba27940cfcbca3ea091ff72218d8196f9c568727646206db74ee4a5a76d707c	2811	data/processed/deglitch_work/S1012d/ucla_runtime/UCLA_v4/MAIN20SPSReconcile.m
e4cc9c3ad46f8f153fc4bb4fc16ad6ada1770be3be69718f73e0cbd79d3eecfa	2542	data/processed/deglitch_work/S1012d/ucla_runtime/UCLA_v4/MAIN20SPSReconcileNew.m
dec95e6132a0452dfdfa088c130af5ef36ba42c3fcbba6b0429116372a7e8c66	2538	data/processed/deglitch_work/S1012d/ucla_runtime/UCLA_v4/MAIN20SPSReconcileNew.m~
f1d4808322e0eca5f14cda83e962ec115f1bee52d920af00530ccdc7fa4f1ab1	2821	data/processed/deglitch_work/S1012d/ucla_runtime/UCLA_v4/MAIN2SPS.m
157dd036a546ba62631ade4ebe8a2fa61179a55b51f34fdec2605ac736f147b4	1949	data/processed/deglitch_work/S1012d/ucla_runtime/UCLA_v4/MakeGlitch.m
52f5addeda49f642dba28b8ec840197c725b506f9ddaf67c644212fa89350d8e	181	data/processed/deglitch_work/S1012d/ucla_runtime/UCLA_v4/NLIMspike.mat
04d2cf0718e7f4d888f03538216e3ea09d47d9413c0cd14993ae7effb2388ab1	511	data/processed/deglitch_work/S1012d/ucla_runtime/UCLA_v4/NSpikeFloatGreenLine.m
34d81214d8851a20a2e2489cb4b7a39fb9988bd39f7ba5130dcc1926bcc92e1c	178	data/processed/deglitch_work/S1012d/ucla_runtime/UCLA_v4/Nlevel.mat
77dade4e3e4875f9937f762dc4948903fe7336ff62aed43b23ae8bc4eb746695	1261	data/processed/deglitch_work/S1012d/ucla_runtime/UCLA_v4/PFO_div2.txt
3cd93fb164e83a6e0af241535afbcde3fb1ac7c4fb1bdb69f527521b9d68a8de	2436	data/processed/deglitch_work/S1012d/ucla_runtime/UCLA_v4/PFO_div5.txt
4332dfc92a0a5f20043845ff47147a17d70f6eefb2e3a4efb06b2fd296f6a75f	1944	data/processed/deglitch_work/S1012d/ucla_runtime/UCLA_v4/PREP03.m
04251c9e9012937fd4a1cca54c3dd19c1683300fbd8912afc3e583f666108c88	2553	data/processed/deglitch_work/S1012d/ucla_runtime/UCLA_v4/PREP08.m
9b41e10e7f72de36df8c77193dc2f3bdbaf248d84568400d94bf127be15991d3	1864	data/processed/deglitch_work/S1012d/ucla_runtime/UCLA_v4/PREP39.m
b67b43101764998deeaddb3ff57f454ae0a37182b808b310ae2945988af2fd90	1068	data/processed/deglitch_work/S1012d/ucla_runtime/UCLA_v4/PREPmkmseed.m
8c76812821b0b125644abbe5e2ae83aae9e7d6fd1d909ed720845dbfb57195ff	1392	data/processed/deglitch_work/S1012d/ucla_runtime/UCLA_v4/PREPmkmseedNew.m
9921518f8e9d4cde172edec6e08f50206f1456f10d509e8044958a1e022d23b5	1223	data/processed/deglitch_work/S1012d/ucla_runtime/UCLA_v4/PlotFinalNew.m
e2e048539122c61b800a66533394a4ffa7ffad663bc77e4220feea1f3e3261fb	1280	data/processed/deglitch_work/S1012d/ucla_runtime/UCLA_v4/PlotFinalNew2SPS.m
2c3c2cbeef099247b3271e85cbb569f1d0387388c9af84c3247131497a701570	398	data/processed/deglitch_work/S1012d/ucla_runtime/UCLA_v4/QuickClean.m
a988a011241e2919fd0307c7b9ac92e00ab2e12519905daf2440b0a7dce520a0	486	data/processed/deglitch_work/S1012d/ucla_runtime/UCLA_v4/README.m
a12273552c871602813ad807cc0e44c5c9c15bf85ac40e6546fe9790afd44450	510464	data/processed/deglitch_work/S1012d/ucla_runtime/UCLA_v4/S0235b_VBB.mseed
3339b5a792b6ce451d3ca994af140261d41567be9ff572b5e1e84cc5339e7521	610	data/processed/deglitch_work/S1012d/ucla_runtime/UCLA_v4/SampleFraction.m
8f6098dcea352194b5c896a5d46fde54c68528fd1019503b9f1c4be573aa0e1f	378	data/processed/deglitch_work/S1012d/ucla_runtime/UCLA_v4/TruncateXcov.m
cc6f80160a6579c38b91b240fb969950edd2382ee49637c2795c053a29f67153	2102	data/processed/deglitch_work/S1012d/ucla_runtime/UCLA_v4/XseedDataFDS.m
90c6bf09db4bfbc9ad32b7a276cce83c74394c08b2085e7faa26e4966d122eb7	7730	data/processed/deglitch_work/S1012d/ucla_runtime/UCLA_v4/aaout3.mat
0f29b8f216d4dfafacfb62a980c1c802e0838fc00ef9913136fe7a7da96c5439	179	data/processed/deglitch_work/S1012d/ucla_runtime/UCLA_v4/cclim.mat
a4f5bddd025e8bff941ffafbc11866f0f95948ee3b36bfdb2fc368b31276a5a5	181	data/processed/deglitch_work/S1012d/ucla_runtime/UCLA_v4/cclim2.mat
7cc4f0dadc14c5da533e46532d4090954ea1f07f552792769191c29512798647	1018199	data/processed/deglitch_work/S1012d/ucla_runtime/UCLA_v4/dc.mat
4349134d158f2f9a130cda002003852f5a401989ff3360d77e28cccd07492d1c	226	data/processed/deglitch_work/S1012d/ucla_runtime/UCLA_v4/decimeFPGA.m
f2e4440a240c7409444b6faba95f46e4a866fe12880b3d39cbe9808af4601c63	299	data/processed/deglitch_work/S1012d/ucla_runtime/UCLA_v4/deriviti.m
d03256442fcd51b630446dccd82e15f8d87b3b29ec97018745d9c11ef73b8833	192	data/processed/deglitch_work/S1012d/ucla_runtime/UCLA_v4/errors.m
2d1bfd611786fd2e70f23d1d284c0237e408099b0a38ef32603e79afe9ed35d5	175	data/processed/deglitch_work/S1012d/ucla_runtime/UCLA_v4/fetch.mat
86901dd234de26e7fcfa8c76fbdf7f4b03e95913280393648e1346bacfb62d61	475	data/processed/deglitch_work/S1012d/ucla_runtime/UCLA_v4/findI1PG1P.m
26901d09a6160a982f3ebd408c8079bc6a6b0d595e308c6128c582edc019f459	2092	data/processed/deglitch_work/S1012d/ucla_runtime/UCLA_v4/findmaxs.m
169f5ee6fe580633b465bffdee1550af46101aef46a3093db08db5ca049440a7	1903	data/processed/deglitch_work/S1012d/ucla_runtime/UCLA_v4/func.m
c34983ca96989ae643e74d20c4bc99f5c4a95ce510ede0750867bec8a4652572	938	data/processed/deglitch_work/S1012d/ucla_runtime/UCLA_v4/funcConvGaussSpikeThree.m
0996a4b2d7d7437661faac556cec16ffa42ee2773dad91661b85ee9e9b259731	3218	data/processed/deglitch_work/S1012d/ucla_runtime/UCLA_v4/funcPeaker.m
0c899e161b58e547a0c7ad3c1974bb61188fa41b57cb0d3a3dd887b8f894e02d	659	data/processed/deglitch_work/S1012d/ucla_runtime/UCLA_v4/funcadjustTimes.m
3ee00247fdf49859f4f317f084f039e1f664362ec4a5cd9040798ded8e02da0e	155199	data/processed/deglitch_work/S1012d/ucla_runtime/UCLA_v4/green20sps.mat
5f8c70eb1a3c0f850f3f6f75c6a8cea42a6e70ce42b03f2593cd9d1d0ac8669e	15639	data/processed/deglitch_work/S1012d/ucla_runtime/UCLA_v4/green2sps.mat
a7d5f244fff6c2fb5d53760cc0f6c830b36e1dc4aa619745f52bd469f007a5d2	837	data/processed/deglitch_work/S1012d/ucla_runtime/UCLA_v4/greenfitExpCSpike20SPS.m
28cb00d8ea228efd8e4576e4ab34815069791916ee5ff45ea477d4543578238e	927	data/processed/deglitch_work/S1012d/ucla_runtime/UCLA_v4/greenfitSlope.m
b215fd424deede19266682be3aa44148527e088e902c4ba4a4974136b5dd42b2	154916	data/processed/deglitch_work/S1012d/ucla_runtime/UCLA_v4/greenspike.mat
97e8ec837cb54080c9c424c10c57189c5687062f9c8e62e831c10144d3dab917	447	data/processed/deglitch_work/S1012d/ucla_runtime/UCLA_v4/junk
fc419ab9ba26bc84eebff7c7ed621e3554c8384b7f8dbc07305d1dfa470b5673	3160148	data/processed/deglitch_work/S1012d/ucla_runtime/UCLA_v4/metadata/RESP.XB.ELYSE.02.BHU
df3f74ac2730027d03d28841e3bf591ac55919de29840e30f35a64984aff58fe	3246875	data/processed/deglitch_work/S1012d/ucla_runtime/UCLA_v4/metadata/RESP.XB.ELYSE.02.BHV
54e51ce083258ef3252bd5bc4499e50de1d3b80cacda113570ae7086cea48955	3158312	data/processed/deglitch_work/S1012d/ucla_runtime/UCLA_v4/metadata/RESP.XB.ELYSE.02.BHW
110f3de4e7d5f6e9467147f77383982e6446b36bb5a3f85ed6b4776be98d7f71	784592	data/processed/deglitch_work/S1012d/ucla_runtime/UCLA_v4/metadata/RESP.XB.ELYSE.02.MHU
6605374c270b77f2bd330bfc684ba0e4b593ff46f1149def3116152615ca843b	784592	data/processed/deglitch_work/S1012d/ucla_runtime/UCLA_v4/metadata/RESP.XB.ELYSE.02.MHV
a1832e0f3aac73fc23ab402c1d8761d01b05d3d1e0b907ff8dd1cebeb07338cf	784592	data/processed/deglitch_work/S1012d/ucla_runtime/UCLA_v4/metadata/RESP.XB.ELYSE.02.MHW
0a08dc49461f0d677667f525f54861a5dc27f1aa6919ac5413c7756a2f3f74f4	17048	data/processed/deglitch_work/S1012d/ucla_runtime/UCLA_v4/mkmseed.m
3d4167bcea896854ff3170bbfd2aff5df3e9ec497ad665512c4fd30a8ff867f3	744	data/processed/deglitch_work/S1012d/ucla_runtime/UCLA_v4/mylsq.m
b14eadd66699f5ab30c262b4adf1b692a7e73b20c7eff3997f56521f72e11c50	778	data/processed/deglitch_work/S1012d/ucla_runtime/UCLA_v4/plotresultsFinal.m
606adc66abc3cee5c3ff91122d0959a0150770d88111380f230bede24c5fe8e3	34676	data/processed/deglitch_work/S1012d/ucla_runtime/UCLA_v4/rdmseed.m
38593b70a5113fccf99c57174f67b6e9a6d9b730fa3efd1ec7c492f67f9568a0	2154	data/processed/deglitch_work/S1012d/ucla_runtime/UCLA_v4/read_resp_v2.m
7bdacba195f49d202ccbb337f712d221075032aec57af96dda00225cb6b08acd	472	data/processed/deglitch_work/S1012d/ucla_runtime/UCLA_v4/rephase.m
b0627fab5f9a446d6acc3338442d98de14152a99bb70bc324d506257a8daeada	1833	data/processed/deglitch_work/S1012d/ucla_runtime/UCLA_v4/stalta.m
978c1cb7440cae89163d4398793737be45a3e57a21c9100d63bdbaa63180912a	1642	data/processed/deglitch_work/S1012d/ucla_runtime/UCLA_v4/testSpikes.m
c2a412762ba1583f9fd7d1230ef005691129af7311ccf9b625e632843241e4a7	17	data/processed/deglitch_work/S1012d/ucla_runtime/UCLA_v4/wminus
084b67b078775bf08c15ed64018d0a91eaa95b9ab4da1e24183b8b2e59788af8	833	data/processed/deglitch_work/S1012d/ucla_runtime/UCLA_v4/y
e12f465e2848609dde86b0be30792cec1a8d415d6646f0aaa15eb97a03037a52	248832	data/processed/deglitch_work/S1015f/S1015f.mseed
9a11dbebe1eafe55013d9d80886890649d5a5b5fc7ad3978a745e0c8203d0a59	691200	data/processed/deglitch_work/S1015f/S1015f_deglitched.mseed
dad0101e513a95875492ef24dd3df7d54e84fb11b600391e5074fe423ab5a802	1380864	data/processed/deglitch_work/S1015f/S1015f_glitches.mseed
9a11dbebe1eafe55013d9d80886890649d5a5b5fc7ad3978a745e0c8203d0a59	691200	data/processed/deglitch_work/S1015f/S1015f_mps_before_ucla.mseed
a71707941b5374e6cb67684fa595399bf20114b6f89941664f68f20a1e0d62ac	9332	data/processed/deglitch_work/S1015f/glitches_S1015f.txt
959ea71bc5ec41ba1a69d21838fdc2c10caf1edfe82c216650d583dab4d64c3a	2241	data/processed/deglitch_work/S1015f/seisglitch_config.yml
812a49dcca93168d48b33192d1d2058cea0185ffbdb15bd770a55cb828abda3f	120	data/processed/deglitch_work/S1015f/ucla_runtime/UCLA_v4/._MAIN.m
812a49dcca93168d48b33192d1d2058cea0185ffbdb15bd770a55cb828abda3f	120	data/processed/deglitch_work/S1015f/ucla_runtime/UCLA_v4/._MAIN20SPSJuly26.m
812a49dcca93168d48b33192d1d2058cea0185ffbdb15bd770a55cb828abda3f	120	data/processed/deglitch_work/S1015f/ucla_runtime/UCLA_v4/._MAIN2SPS.m
812a49dcca93168d48b33192d1d2058cea0185ffbdb15bd770a55cb828abda3f	120	data/processed/deglitch_work/S1015f/ucla_runtime/UCLA_v4/._PREP08.m
812a49dcca93168d48b33192d1d2058cea0185ffbdb15bd770a55cb828abda3f	120	data/processed/deglitch_work/S1015f/ucla_runtime/UCLA_v4/._PREPmkmseedNew.m
812a49dcca93168d48b33192d1d2058cea0185ffbdb15bd770a55cb828abda3f	120	data/processed/deglitch_work/S1015f/ucla_runtime/UCLA_v4/._TruncateXcov.m
812a49dcca93168d48b33192d1d2058cea0185ffbdb15bd770a55cb828abda3f	120	data/processed/deglitch_work/S1015f/ucla_runtime/UCLA_v4/._findmaxs.m
812a49dcca93168d48b33192d1d2058cea0185ffbdb15bd770a55cb828abda3f	120	data/processed/deglitch_work/S1015f/ucla_runtime/UCLA_v4/._func.m
812a49dcca93168d48b33192d1d2058cea0185ffbdb15bd770a55cb828abda3f	120	data/processed/deglitch_work/S1015f/ucla_runtime/UCLA_v4/._testSpikes.m
dc2899a90d04a1d1642827cca701af7a8bb95c17c794e0bbfff695cb50595405	184	data/processed/deglitch_work/S1015f/ucla_runtime/UCLA_v4/Conservative.mat
88a29a4c4bc1c6a43b8172890748d123e310141074f27be8e79beaa38b44c951	1028	data/processed/deglitch_work/S1015f/ucla_runtime/UCLA_v4/FindPrecursors.m
c28425c01be4ea7600a77944ed1b06b58151ab75d05a48c957567556ccf7eedf	2876	data/processed/deglitch_work/S1015f/ucla_runtime/UCLA_v4/MAIN.m
5b4be53f17dbf968abd360eb3bc7a203a4816a49a9d77f7b6101923000142236	5852	data/processed/deglitch_work/S1015f/ucla_runtime/UCLA_v4/MAIN20SPSJuly26.m
8ba27940cfcbca3ea091ff72218d8196f9c568727646206db74ee4a5a76d707c	2811	data/processed/deglitch_work/S1015f/ucla_runtime/UCLA_v4/MAIN20SPSReconcile.m
e4cc9c3ad46f8f153fc4bb4fc16ad6ada1770be3be69718f73e0cbd79d3eecfa	2542	data/processed/deglitch_work/S1015f/ucla_runtime/UCLA_v4/MAIN20SPSReconcileNew.m
dec95e6132a0452dfdfa088c130af5ef36ba42c3fcbba6b0429116372a7e8c66	2538	data/processed/deglitch_work/S1015f/ucla_runtime/UCLA_v4/MAIN20SPSReconcileNew.m~
f1d4808322e0eca5f14cda83e962ec115f1bee52d920af00530ccdc7fa4f1ab1	2821	data/processed/deglitch_work/S1015f/ucla_runtime/UCLA_v4/MAIN2SPS.m
157dd036a546ba62631ade4ebe8a2fa61179a55b51f34fdec2605ac736f147b4	1949	data/processed/deglitch_work/S1015f/ucla_runtime/UCLA_v4/MakeGlitch.m
52f5addeda49f642dba28b8ec840197c725b506f9ddaf67c644212fa89350d8e	181	data/processed/deglitch_work/S1015f/ucla_runtime/UCLA_v4/NLIMspike.mat
04d2cf0718e7f4d888f03538216e3ea09d47d9413c0cd14993ae7effb2388ab1	511	data/processed/deglitch_work/S1015f/ucla_runtime/UCLA_v4/NSpikeFloatGreenLine.m
34d81214d8851a20a2e2489cb4b7a39fb9988bd39f7ba5130dcc1926bcc92e1c	178	data/processed/deglitch_work/S1015f/ucla_runtime/UCLA_v4/Nlevel.mat
77dade4e3e4875f9937f762dc4948903fe7336ff62aed43b23ae8bc4eb746695	1261	data/processed/deglitch_work/S1015f/ucla_runtime/UCLA_v4/PFO_div2.txt
3cd93fb164e83a6e0af241535afbcde3fb1ac7c4fb1bdb69f527521b9d68a8de	2436	data/processed/deglitch_work/S1015f/ucla_runtime/UCLA_v4/PFO_div5.txt
4332dfc92a0a5f20043845ff47147a17d70f6eefb2e3a4efb06b2fd296f6a75f	1944	data/processed/deglitch_work/S1015f/ucla_runtime/UCLA_v4/PREP03.m
04251c9e9012937fd4a1cca54c3dd19c1683300fbd8912afc3e583f666108c88	2553	data/processed/deglitch_work/S1015f/ucla_runtime/UCLA_v4/PREP08.m
9b41e10e7f72de36df8c77193dc2f3bdbaf248d84568400d94bf127be15991d3	1864	data/processed/deglitch_work/S1015f/ucla_runtime/UCLA_v4/PREP39.m
b67b43101764998deeaddb3ff57f454ae0a37182b808b310ae2945988af2fd90	1068	data/processed/deglitch_work/S1015f/ucla_runtime/UCLA_v4/PREPmkmseed.m
8c76812821b0b125644abbe5e2ae83aae9e7d6fd1d909ed720845dbfb57195ff	1392	data/processed/deglitch_work/S1015f/ucla_runtime/UCLA_v4/PREPmkmseedNew.m
9921518f8e9d4cde172edec6e08f50206f1456f10d509e8044958a1e022d23b5	1223	data/processed/deglitch_work/S1015f/ucla_runtime/UCLA_v4/PlotFinalNew.m
e2e048539122c61b800a66533394a4ffa7ffad663bc77e4220feea1f3e3261fb	1280	data/processed/deglitch_work/S1015f/ucla_runtime/UCLA_v4/PlotFinalNew2SPS.m
2c3c2cbeef099247b3271e85cbb569f1d0387388c9af84c3247131497a701570	398	data/processed/deglitch_work/S1015f/ucla_runtime/UCLA_v4/QuickClean.m
a988a011241e2919fd0307c7b9ac92e00ab2e12519905daf2440b0a7dce520a0	486	data/processed/deglitch_work/S1015f/ucla_runtime/UCLA_v4/README.m
a12273552c871602813ad807cc0e44c5c9c15bf85ac40e6546fe9790afd44450	510464	data/processed/deglitch_work/S1015f/ucla_runtime/UCLA_v4/S0235b_VBB.mseed
3339b5a792b6ce451d3ca994af140261d41567be9ff572b5e1e84cc5339e7521	610	data/processed/deglitch_work/S1015f/ucla_runtime/UCLA_v4/SampleFraction.m
8f6098dcea352194b5c896a5d46fde54c68528fd1019503b9f1c4be573aa0e1f	378	data/processed/deglitch_work/S1015f/ucla_runtime/UCLA_v4/TruncateXcov.m
cc6f80160a6579c38b91b240fb969950edd2382ee49637c2795c053a29f67153	2102	data/processed/deglitch_work/S1015f/ucla_runtime/UCLA_v4/XseedDataFDS.m
90c6bf09db4bfbc9ad32b7a276cce83c74394c08b2085e7faa26e4966d122eb7	7730	data/processed/deglitch_work/S1015f/ucla_runtime/UCLA_v4/aaout3.mat
0f29b8f216d4dfafacfb62a980c1c802e0838fc00ef9913136fe7a7da96c5439	179	data/processed/deglitch_work/S1015f/ucla_runtime/UCLA_v4/cclim.mat
a4f5bddd025e8bff941ffafbc11866f0f95948ee3b36bfdb2fc368b31276a5a5	181	data/processed/deglitch_work/S1015f/ucla_runtime/UCLA_v4/cclim2.mat
7cc4f0dadc14c5da533e46532d4090954ea1f07f552792769191c29512798647	1018199	data/processed/deglitch_work/S1015f/ucla_runtime/UCLA_v4/dc.mat
4349134d158f2f9a130cda002003852f5a401989ff3360d77e28cccd07492d1c	226	data/processed/deglitch_work/S1015f/ucla_runtime/UCLA_v4/decimeFPGA.m
f2e4440a240c7409444b6faba95f46e4a866fe12880b3d39cbe9808af4601c63	299	data/processed/deglitch_work/S1015f/ucla_runtime/UCLA_v4/deriviti.m
d03256442fcd51b630446dccd82e15f8d87b3b29ec97018745d9c11ef73b8833	192	data/processed/deglitch_work/S1015f/ucla_runtime/UCLA_v4/errors.m
2d1bfd611786fd2e70f23d1d284c0237e408099b0a38ef32603e79afe9ed35d5	175	data/processed/deglitch_work/S1015f/ucla_runtime/UCLA_v4/fetch.mat
86901dd234de26e7fcfa8c76fbdf7f4b03e95913280393648e1346bacfb62d61	475	data/processed/deglitch_work/S1015f/ucla_runtime/UCLA_v4/findI1PG1P.m
26901d09a6160a982f3ebd408c8079bc6a6b0d595e308c6128c582edc019f459	2092	data/processed/deglitch_work/S1015f/ucla_runtime/UCLA_v4/findmaxs.m
169f5ee6fe580633b465bffdee1550af46101aef46a3093db08db5ca049440a7	1903	data/processed/deglitch_work/S1015f/ucla_runtime/UCLA_v4/func.m
c34983ca96989ae643e74d20c4bc99f5c4a95ce510ede0750867bec8a4652572	938	data/processed/deglitch_work/S1015f/ucla_runtime/UCLA_v4/funcConvGaussSpikeThree.m
0996a4b2d7d7437661faac556cec16ffa42ee2773dad91661b85ee9e9b259731	3218	data/processed/deglitch_work/S1015f/ucla_runtime/UCLA_v4/funcPeaker.m
0c899e161b58e547a0c7ad3c1974bb61188fa41b57cb0d3a3dd887b8f894e02d	659	data/processed/deglitch_work/S1015f/ucla_runtime/UCLA_v4/funcadjustTimes.m
3ee00247fdf49859f4f317f084f039e1f664362ec4a5cd9040798ded8e02da0e	155199	data/processed/deglitch_work/S1015f/ucla_runtime/UCLA_v4/green20sps.mat
5f8c70eb1a3c0f850f3f6f75c6a8cea42a6e70ce42b03f2593cd9d1d0ac8669e	15639	data/processed/deglitch_work/S1015f/ucla_runtime/UCLA_v4/green2sps.mat
a7d5f244fff6c2fb5d53760cc0f6c830b36e1dc4aa619745f52bd469f007a5d2	837	data/processed/deglitch_work/S1015f/ucla_runtime/UCLA_v4/greenfitExpCSpike20SPS.m
28cb00d8ea228efd8e4576e4ab34815069791916ee5ff45ea477d4543578238e	927	data/processed/deglitch_work/S1015f/ucla_runtime/UCLA_v4/greenfitSlope.m
b215fd424deede19266682be3aa44148527e088e902c4ba4a4974136b5dd42b2	154916	data/processed/deglitch_work/S1015f/ucla_runtime/UCLA_v4/greenspike.mat
97e8ec837cb54080c9c424c10c57189c5687062f9c8e62e831c10144d3dab917	447	data/processed/deglitch_work/S1015f/ucla_runtime/UCLA_v4/junk
fc419ab9ba26bc84eebff7c7ed621e3554c8384b7f8dbc07305d1dfa470b5673	3160148	data/processed/deglitch_work/S1015f/ucla_runtime/UCLA_v4/metadata/RESP.XB.ELYSE.02.BHU
df3f74ac2730027d03d28841e3bf591ac55919de29840e30f35a64984aff58fe	3246875	data/processed/deglitch_work/S1015f/ucla_runtime/UCLA_v4/metadata/RESP.XB.ELYSE.02.BHV
54e51ce083258ef3252bd5bc4499e50de1d3b80cacda113570ae7086cea48955	3158312	data/processed/deglitch_work/S1015f/ucla_runtime/UCLA_v4/metadata/RESP.XB.ELYSE.02.BHW
110f3de4e7d5f6e9467147f77383982e6446b36bb5a3f85ed6b4776be98d7f71	784592	data/processed/deglitch_work/S1015f/ucla_runtime/UCLA_v4/metadata/RESP.XB.ELYSE.02.MHU
6605374c270b77f2bd330bfc684ba0e4b593ff46f1149def3116152615ca843b	784592	data/processed/deglitch_work/S1015f/ucla_runtime/UCLA_v4/metadata/RESP.XB.ELYSE.02.MHV
a1832e0f3aac73fc23ab402c1d8761d01b05d3d1e0b907ff8dd1cebeb07338cf	784592	data/processed/deglitch_work/S1015f/ucla_runtime/UCLA_v4/metadata/RESP.XB.ELYSE.02.MHW
0a08dc49461f0d677667f525f54861a5dc27f1aa6919ac5413c7756a2f3f74f4	17048	data/processed/deglitch_work/S1015f/ucla_runtime/UCLA_v4/mkmseed.m
3d4167bcea896854ff3170bbfd2aff5df3e9ec497ad665512c4fd30a8ff867f3	744	data/processed/deglitch_work/S1015f/ucla_runtime/UCLA_v4/mylsq.m
b14eadd66699f5ab30c262b4adf1b692a7e73b20c7eff3997f56521f72e11c50	778	data/processed/deglitch_work/S1015f/ucla_runtime/UCLA_v4/plotresultsFinal.m
606adc66abc3cee5c3ff91122d0959a0150770d88111380f230bede24c5fe8e3	34676	data/processed/deglitch_work/S1015f/ucla_runtime/UCLA_v4/rdmseed.m
38593b70a5113fccf99c57174f67b6e9a6d9b730fa3efd1ec7c492f67f9568a0	2154	data/processed/deglitch_work/S1015f/ucla_runtime/UCLA_v4/read_resp_v2.m
7bdacba195f49d202ccbb337f712d221075032aec57af96dda00225cb6b08acd	472	data/processed/deglitch_work/S1015f/ucla_runtime/UCLA_v4/rephase.m
b0627fab5f9a446d6acc3338442d98de14152a99bb70bc324d506257a8daeada	1833	data/processed/deglitch_work/S1015f/ucla_runtime/UCLA_v4/stalta.m
978c1cb7440cae89163d4398793737be45a3e57a21c9100d63bdbaa63180912a	1642	data/processed/deglitch_work/S1015f/ucla_runtime/UCLA_v4/testSpikes.m
c2a412762ba1583f9fd7d1230ef005691129af7311ccf9b625e632843241e4a7	17	data/processed/deglitch_work/S1015f/ucla_runtime/UCLA_v4/wminus
084b67b078775bf08c15ed64018d0a91eaa95b9ab4da1e24183b8b2e59788af8	833	data/processed/deglitch_work/S1015f/ucla_runtime/UCLA_v4/y
df9c3583c6c347998b5fc684e0be6ad61bb938ef1cce6dd7e69d72b05911cfcd	241152	data/processed/deglitch_work/S1022a/S1022a.mseed
df9c3583c6c347998b5fc684e0be6ad61bb938ef1cce6dd7e69d72b05911cfcd	241152	data/processed/deglitch_work/S1022a/S1022a_mps_before_ucla.mseed
45928018f36765d33eb4e55f799f4ba1c9ea08b0975c4f675060b3b2d07920d1	1253376	data/processed/deglitch_work/S1022a/S1022a_ucla.mseed
5969fd69fd5440c9d5ed3a7b01e7c49d7e55e6b96ceffc51f222811a56a5329d	314	data/processed/deglitch_work/S1022a/S1022a_ucla.mseed.ucla.json
8094578d9d75b9b7dc391be5370c0aecd326cb24c1f2f68853cf266856193a7c	6282	data/processed/deglitch_work/S1022a/glitches_S1022a.txt
1a200a5a62b1d2c8f5cb11f255357142dfce23616b32fab51cd51538d23fab85	2241	data/processed/deglitch_work/S1022a/seisglitch_config.yml
1bbb97fdadbd26dfcc442db75e1e33da0bfc066d30cdf51af50dea49db6ddba5	417792	data/processed/deglitch_work/S1022a/ucla_mseed_parts/XB.ELYSE.02.BHU.2021.284
f57784b2928bb797bfb513e3d41816775e9f3fb18251dc0afd2de27e4af46aa6	417792	data/processed/deglitch_work/S1022a/ucla_mseed_parts/XB.ELYSE.02.BHV.2021.284
23ce0fa593655b0ab584b06afc6db6e07bfc08e612390dd7568b7ff7d0152086	417792	data/processed/deglitch_work/S1022a/ucla_mseed_parts/XB.ELYSE.02.BHW.2021.284
a58b7aebebbe6123929a1546a22ded14dc5038c490a0416f8a1c87d6ef50d996	1105674	data/processed/deglitch_work/S1022a/ucla_results.mat
812a49dcca93168d48b33192d1d2058cea0185ffbdb15bd770a55cb828abda3f	120	data/processed/deglitch_work/S1022a/ucla_runtime/UCLA_v4/._MAIN.m
812a49dcca93168d48b33192d1d2058cea0185ffbdb15bd770a55cb828abda3f	120	data/processed/deglitch_work/S1022a/ucla_runtime/UCLA_v4/._MAIN20SPSJuly26.m
812a49dcca93168d48b33192d1d2058cea0185ffbdb15bd770a55cb828abda3f	120	data/processed/deglitch_work/S1022a/ucla_runtime/UCLA_v4/._MAIN2SPS.m
812a49dcca93168d48b33192d1d2058cea0185ffbdb15bd770a55cb828abda3f	120	data/processed/deglitch_work/S1022a/ucla_runtime/UCLA_v4/._PREP08.m
812a49dcca93168d48b33192d1d2058cea0185ffbdb15bd770a55cb828abda3f	120	data/processed/deglitch_work/S1022a/ucla_runtime/UCLA_v4/._PREPmkmseedNew.m
812a49dcca93168d48b33192d1d2058cea0185ffbdb15bd770a55cb828abda3f	120	data/processed/deglitch_work/S1022a/ucla_runtime/UCLA_v4/._TruncateXcov.m
812a49dcca93168d48b33192d1d2058cea0185ffbdb15bd770a55cb828abda3f	120	data/processed/deglitch_work/S1022a/ucla_runtime/UCLA_v4/._findmaxs.m
812a49dcca93168d48b33192d1d2058cea0185ffbdb15bd770a55cb828abda3f	120	data/processed/deglitch_work/S1022a/ucla_runtime/UCLA_v4/._func.m
812a49dcca93168d48b33192d1d2058cea0185ffbdb15bd770a55cb828abda3f	120	data/processed/deglitch_work/S1022a/ucla_runtime/UCLA_v4/._testSpikes.m
dc2899a90d04a1d1642827cca701af7a8bb95c17c794e0bbfff695cb50595405	184	data/processed/deglitch_work/S1022a/ucla_runtime/UCLA_v4/Conservative.mat
88a29a4c4bc1c6a43b8172890748d123e310141074f27be8e79beaa38b44c951	1028	data/processed/deglitch_work/S1022a/ucla_runtime/UCLA_v4/FindPrecursors.m
c28425c01be4ea7600a77944ed1b06b58151ab75d05a48c957567556ccf7eedf	2876	data/processed/deglitch_work/S1022a/ucla_runtime/UCLA_v4/MAIN.m
5b4be53f17dbf968abd360eb3bc7a203a4816a49a9d77f7b6101923000142236	5852	data/processed/deglitch_work/S1022a/ucla_runtime/UCLA_v4/MAIN20SPSJuly26.m
8ba27940cfcbca3ea091ff72218d8196f9c568727646206db74ee4a5a76d707c	2811	data/processed/deglitch_work/S1022a/ucla_runtime/UCLA_v4/MAIN20SPSReconcile.m
e4cc9c3ad46f8f153fc4bb4fc16ad6ada1770be3be69718f73e0cbd79d3eecfa	2542	data/processed/deglitch_work/S1022a/ucla_runtime/UCLA_v4/MAIN20SPSReconcileNew.m
dec95e6132a0452dfdfa088c130af5ef36ba42c3fcbba6b0429116372a7e8c66	2538	data/processed/deglitch_work/S1022a/ucla_runtime/UCLA_v4/MAIN20SPSReconcileNew.m~
f1d4808322e0eca5f14cda83e962ec115f1bee52d920af00530ccdc7fa4f1ab1	2821	data/processed/deglitch_work/S1022a/ucla_runtime/UCLA_v4/MAIN2SPS.m
157dd036a546ba62631ade4ebe8a2fa61179a55b51f34fdec2605ac736f147b4	1949	data/processed/deglitch_work/S1022a/ucla_runtime/UCLA_v4/MakeGlitch.m
52f5addeda49f642dba28b8ec840197c725b506f9ddaf67c644212fa89350d8e	181	data/processed/deglitch_work/S1022a/ucla_runtime/UCLA_v4/NLIMspike.mat
04d2cf0718e7f4d888f03538216e3ea09d47d9413c0cd14993ae7effb2388ab1	511	data/processed/deglitch_work/S1022a/ucla_runtime/UCLA_v4/NSpikeFloatGreenLine.m
34d81214d8851a20a2e2489cb4b7a39fb9988bd39f7ba5130dcc1926bcc92e1c	178	data/processed/deglitch_work/S1022a/ucla_runtime/UCLA_v4/Nlevel.mat
77dade4e3e4875f9937f762dc4948903fe7336ff62aed43b23ae8bc4eb746695	1261	data/processed/deglitch_work/S1022a/ucla_runtime/UCLA_v4/PFO_div2.txt
3cd93fb164e83a6e0af241535afbcde3fb1ac7c4fb1bdb69f527521b9d68a8de	2436	data/processed/deglitch_work/S1022a/ucla_runtime/UCLA_v4/PFO_div5.txt
4332dfc92a0a5f20043845ff47147a17d70f6eefb2e3a4efb06b2fd296f6a75f	1944	data/processed/deglitch_work/S1022a/ucla_runtime/UCLA_v4/PREP03.m
04251c9e9012937fd4a1cca54c3dd19c1683300fbd8912afc3e583f666108c88	2553	data/processed/deglitch_work/S1022a/ucla_runtime/UCLA_v4/PREP08.m
9b41e10e7f72de36df8c77193dc2f3bdbaf248d84568400d94bf127be15991d3	1864	data/processed/deglitch_work/S1022a/ucla_runtime/UCLA_v4/PREP39.m
b67b43101764998deeaddb3ff57f454ae0a37182b808b310ae2945988af2fd90	1068	data/processed/deglitch_work/S1022a/ucla_runtime/UCLA_v4/PREPmkmseed.m
8c76812821b0b125644abbe5e2ae83aae9e7d6fd1d909ed720845dbfb57195ff	1392	data/processed/deglitch_work/S1022a/ucla_runtime/UCLA_v4/PREPmkmseedNew.m
9921518f8e9d4cde172edec6e08f50206f1456f10d509e8044958a1e022d23b5	1223	data/processed/deglitch_work/S1022a/ucla_runtime/UCLA_v4/PlotFinalNew.m
e2e048539122c61b800a66533394a4ffa7ffad663bc77e4220feea1f3e3261fb	1280	data/processed/deglitch_work/S1022a/ucla_runtime/UCLA_v4/PlotFinalNew2SPS.m
2c3c2cbeef099247b3271e85cbb569f1d0387388c9af84c3247131497a701570	398	data/processed/deglitch_work/S1022a/ucla_runtime/UCLA_v4/QuickClean.m
a988a011241e2919fd0307c7b9ac92e00ab2e12519905daf2440b0a7dce520a0	486	data/processed/deglitch_work/S1022a/ucla_runtime/UCLA_v4/README.m
a12273552c871602813ad807cc0e44c5c9c15bf85ac40e6546fe9790afd44450	510464	data/processed/deglitch_work/S1022a/ucla_runtime/UCLA_v4/S0235b_VBB.mseed
3339b5a792b6ce451d3ca994af140261d41567be9ff572b5e1e84cc5339e7521	610	data/processed/deglitch_work/S1022a/ucla_runtime/UCLA_v4/SampleFraction.m
8f6098dcea352194b5c896a5d46fde54c68528fd1019503b9f1c4be573aa0e1f	378	data/processed/deglitch_work/S1022a/ucla_runtime/UCLA_v4/TruncateXcov.m
cc6f80160a6579c38b91b240fb969950edd2382ee49637c2795c053a29f67153	2102	data/processed/deglitch_work/S1022a/ucla_runtime/UCLA_v4/XseedDataFDS.m
990fe4f74768818afed0a765db1eed69dd9644541d8c1e9c641627fa39f4110c	6837	data/processed/deglitch_work/S1022a/ucla_runtime/UCLA_v4/aaout3
90c6bf09db4bfbc9ad32b7a276cce83c74394c08b2085e7faa26e4966d122eb7	7730	data/processed/deglitch_work/S1022a/ucla_runtime/UCLA_v4/aaout3.mat
0f29b8f216d4dfafacfb62a980c1c802e0838fc00ef9913136fe7a7da96c5439	179	data/processed/deglitch_work/S1022a/ucla_runtime/UCLA_v4/cclim.mat
a4f5bddd025e8bff941ffafbc11866f0f95948ee3b36bfdb2fc368b31276a5a5	181	data/processed/deglitch_work/S1022a/ucla_runtime/UCLA_v4/cclim2.mat
20e325f9e6b82cc72e31c34edf7a1a0923865bb14a5914133d24f9be491f2e58	1276788	data/processed/deglitch_work/S1022a/ucla_runtime/UCLA_v4/dc
7cc4f0dadc14c5da533e46532d4090954ea1f07f552792769191c29512798647	1018199	data/processed/deglitch_work/S1022a/ucla_runtime/UCLA_v4/dc.mat
4349134d158f2f9a130cda002003852f5a401989ff3360d77e28cccd07492d1c	226	data/processed/deglitch_work/S1022a/ucla_runtime/UCLA_v4/decimeFPGA.m
f2e4440a240c7409444b6faba95f46e4a866fe12880b3d39cbe9808af4601c63	299	data/processed/deglitch_work/S1022a/ucla_runtime/UCLA_v4/deriviti.m
d03256442fcd51b630446dccd82e15f8d87b3b29ec97018745d9c11ef73b8833	192	data/processed/deglitch_work/S1022a/ucla_runtime/UCLA_v4/errors.m
2d1bfd611786fd2e70f23d1d284c0237e408099b0a38ef32603e79afe9ed35d5	175	data/processed/deglitch_work/S1022a/ucla_runtime/UCLA_v4/fetch.mat
86901dd234de26e7fcfa8c76fbdf7f4b03e95913280393648e1346bacfb62d61	475	data/processed/deglitch_work/S1022a/ucla_runtime/UCLA_v4/findI1PG1P.m
26901d09a6160a982f3ebd408c8079bc6a6b0d595e308c6128c582edc019f459	2092	data/processed/deglitch_work/S1022a/ucla_runtime/UCLA_v4/findmaxs.m
169f5ee6fe580633b465bffdee1550af46101aef46a3093db08db5ca049440a7	1903	data/processed/deglitch_work/S1022a/ucla_runtime/UCLA_v4/func.m
c34983ca96989ae643e74d20c4bc99f5c4a95ce510ede0750867bec8a4652572	938	data/processed/deglitch_work/S1022a/ucla_runtime/UCLA_v4/funcConvGaussSpikeThree.m
0996a4b2d7d7437661faac556cec16ffa42ee2773dad91661b85ee9e9b259731	3218	data/processed/deglitch_work/S1022a/ucla_runtime/UCLA_v4/funcPeaker.m
0c899e161b58e547a0c7ad3c1974bb61188fa41b57cb0d3a3dd887b8f894e02d	659	data/processed/deglitch_work/S1022a/ucla_runtime/UCLA_v4/funcadjustTimes.m
3ee00247fdf49859f4f317f084f039e1f664362ec4a5cd9040798ded8e02da0e	155199	data/processed/deglitch_work/S1022a/ucla_runtime/UCLA_v4/green20sps.mat
5f8c70eb1a3c0f850f3f6f75c6a8cea42a6e70ce42b03f2593cd9d1d0ac8669e	15639	data/processed/deglitch_work/S1022a/ucla_runtime/UCLA_v4/green2sps.mat
a7d5f244fff6c2fb5d53760cc0f6c830b36e1dc4aa619745f52bd469f007a5d2	837	data/processed/deglitch_work/S1022a/ucla_runtime/UCLA_v4/greenfitExpCSpike20SPS.m
28cb00d8ea228efd8e4576e4ab34815069791916ee5ff45ea477d4543578238e	927	data/processed/deglitch_work/S1022a/ucla_runtime/UCLA_v4/greenfitSlope.m
b215fd424deede19266682be3aa44148527e088e902c4ba4a4974136b5dd42b2	154916	data/processed/deglitch_work/S1022a/ucla_runtime/UCLA_v4/greenspike.mat
97e8ec837cb54080c9c424c10c57189c5687062f9c8e62e831c10144d3dab917	447	data/processed/deglitch_work/S1022a/ucla_runtime/UCLA_v4/junk
fc419ab9ba26bc84eebff7c7ed621e3554c8384b7f8dbc07305d1dfa470b5673	3160148	data/processed/deglitch_work/S1022a/ucla_runtime/UCLA_v4/metadata/RESP.XB.ELYSE.02.BHU
df3f74ac2730027d03d28841e3bf591ac55919de29840e30f35a64984aff58fe	3246875	data/processed/deglitch_work/S1022a/ucla_runtime/UCLA_v4/metadata/RESP.XB.ELYSE.02.BHV
54e51ce083258ef3252bd5bc4499e50de1d3b80cacda113570ae7086cea48955	3158312	data/processed/deglitch_work/S1022a/ucla_runtime/UCLA_v4/metadata/RESP.XB.ELYSE.02.BHW
110f3de4e7d5f6e9467147f77383982e6446b36bb5a3f85ed6b4776be98d7f71	784592	data/processed/deglitch_work/S1022a/ucla_runtime/UCLA_v4/metadata/RESP.XB.ELYSE.02.MHU
6605374c270b77f2bd330bfc684ba0e4b593ff46f1149def3116152615ca843b	784592	data/processed/deglitch_work/S1022a/ucla_runtime/UCLA_v4/metadata/RESP.XB.ELYSE.02.MHV
a1832e0f3aac73fc23ab402c1d8761d01b05d3d1e0b907ff8dd1cebeb07338cf	784592	data/processed/deglitch_work/S1022a/ucla_runtime/UCLA_v4/metadata/RESP.XB.ELYSE.02.MHW
0a08dc49461f0d677667f525f54861a5dc27f1aa6919ac5413c7756a2f3f74f4	17048	data/processed/deglitch_work/S1022a/ucla_runtime/UCLA_v4/mkmseed.m
3d4167bcea896854ff3170bbfd2aff5df3e9ec497ad665512c4fd30a8ff867f3	744	data/processed/deglitch_work/S1022a/ucla_runtime/UCLA_v4/mylsq.m
b14eadd66699f5ab30c262b4adf1b692a7e73b20c7eff3997f56521f72e11c50	778	data/processed/deglitch_work/S1022a/ucla_runtime/UCLA_v4/plotresultsFinal.m
606adc66abc3cee5c3ff91122d0959a0150770d88111380f230bede24c5fe8e3	34676	data/processed/deglitch_work/S1022a/ucla_runtime/UCLA_v4/rdmseed.m
38593b70a5113fccf99c57174f67b6e9a6d9b730fa3efd1ec7c492f67f9568a0	2154	data/processed/deglitch_work/S1022a/ucla_runtime/UCLA_v4/read_resp_v2.m
7bdacba195f49d202ccbb337f712d221075032aec57af96dda00225cb6b08acd	472	data/processed/deglitch_work/S1022a/ucla_runtime/UCLA_v4/rephase.m
b0627fab5f9a446d6acc3338442d98de14152a99bb70bc324d506257a8daeada	1833	data/processed/deglitch_work/S1022a/ucla_runtime/UCLA_v4/stalta.m
978c1cb7440cae89163d4398793737be45a3e57a21c9100d63bdbaa63180912a	1642	data/processed/deglitch_work/S1022a/ucla_runtime/UCLA_v4/testSpikes.m
c2a412762ba1583f9fd7d1230ef005691129af7311ccf9b625e632843241e4a7	17	data/processed/deglitch_work/S1022a/ucla_runtime/UCLA_v4/wminus
084b67b078775bf08c15ed64018d0a91eaa95b9ab4da1e24183b8b2e59788af8	833	data/processed/deglitch_work/S1022a/ucla_runtime/UCLA_v4/y
8db285b3a9ea22753fa46228ef7ab0f5b6205751f01d6b9118e3fc4a9f70e802	181760	data/processed/deglitch_work/S1039b/S1039b.mseed
dc153ab0c70ead70661f1ef7c922ea03d8d99125cd2d062f4099f1939e659ac5	691200	data/processed/deglitch_work/S1039b/S1039b_deglitched.mseed
1f7bc0047ed0fac4196ed2d5c6d1ac4d89d49b483dc82e322f15821d31951e27	1380864	data/processed/deglitch_work/S1039b/S1039b_glitches.mseed
dc153ab0c70ead70661f1ef7c922ea03d8d99125cd2d062f4099f1939e659ac5	691200	data/processed/deglitch_work/S1039b/S1039b_mps_before_ucla.mseed
7b500eea98f6c152fa6a57a30637d839fda794ce0e9de5229ae5b533580b266a	7197	data/processed/deglitch_work/S1039b/glitches_S1039b.txt
40876c1a7c9c4307982051f1910ec98d09debd17ea8824031f8f0b98fa72c4cb	2241	data/processed/deglitch_work/S1039b/seisglitch_config.yml
812a49dcca93168d48b33192d1d2058cea0185ffbdb15bd770a55cb828abda3f	120	data/processed/deglitch_work/S1039b/ucla_runtime/UCLA_v4/._MAIN.m
812a49dcca93168d48b33192d1d2058cea0185ffbdb15bd770a55cb828abda3f	120	data/processed/deglitch_work/S1039b/ucla_runtime/UCLA_v4/._MAIN20SPSJuly26.m
812a49dcca93168d48b33192d1d2058cea0185ffbdb15bd770a55cb828abda3f	120	data/processed/deglitch_work/S1039b/ucla_runtime/UCLA_v4/._MAIN2SPS.m
812a49dcca93168d48b33192d1d2058cea0185ffbdb15bd770a55cb828abda3f	120	data/processed/deglitch_work/S1039b/ucla_runtime/UCLA_v4/._PREP08.m
812a49dcca93168d48b33192d1d2058cea0185ffbdb15bd770a55cb828abda3f	120	data/processed/deglitch_work/S1039b/ucla_runtime/UCLA_v4/._PREPmkmseedNew.m
812a49dcca93168d48b33192d1d2058cea0185ffbdb15bd770a55cb828abda3f	120	data/processed/deglitch_work/S1039b/ucla_runtime/UCLA_v4/._TruncateXcov.m
812a49dcca93168d48b33192d1d2058cea0185ffbdb15bd770a55cb828abda3f	120	data/processed/deglitch_work/S1039b/ucla_runtime/UCLA_v4/._findmaxs.m
812a49dcca93168d48b33192d1d2058cea0185ffbdb15bd770a55cb828abda3f	120	data/processed/deglitch_work/S1039b/ucla_runtime/UCLA_v4/._func.m
812a49dcca93168d48b33192d1d2058cea0185ffbdb15bd770a55cb828abda3f	120	data/processed/deglitch_work/S1039b/ucla_runtime/UCLA_v4/._testSpikes.m
dc2899a90d04a1d1642827cca701af7a8bb95c17c794e0bbfff695cb50595405	184	data/processed/deglitch_work/S1039b/ucla_runtime/UCLA_v4/Conservative.mat
88a29a4c4bc1c6a43b8172890748d123e310141074f27be8e79beaa38b44c951	1028	data/processed/deglitch_work/S1039b/ucla_runtime/UCLA_v4/FindPrecursors.m
c28425c01be4ea7600a77944ed1b06b58151ab75d05a48c957567556ccf7eedf	2876	data/processed/deglitch_work/S1039b/ucla_runtime/UCLA_v4/MAIN.m
5b4be53f17dbf968abd360eb3bc7a203a4816a49a9d77f7b6101923000142236	5852	data/processed/deglitch_work/S1039b/ucla_runtime/UCLA_v4/MAIN20SPSJuly26.m
8ba27940cfcbca3ea091ff72218d8196f9c568727646206db74ee4a5a76d707c	2811	data/processed/deglitch_work/S1039b/ucla_runtime/UCLA_v4/MAIN20SPSReconcile.m
e4cc9c3ad46f8f153fc4bb4fc16ad6ada1770be3be69718f73e0cbd79d3eecfa	2542	data/processed/deglitch_work/S1039b/ucla_runtime/UCLA_v4/MAIN20SPSReconcileNew.m
dec95e6132a0452dfdfa088c130af5ef36ba42c3fcbba6b0429116372a7e8c66	2538	data/processed/deglitch_work/S1039b/ucla_runtime/UCLA_v4/MAIN20SPSReconcileNew.m~
f1d4808322e0eca5f14cda83e962ec115f1bee52d920af00530ccdc7fa4f1ab1	2821	data/processed/deglitch_work/S1039b/ucla_runtime/UCLA_v4/MAIN2SPS.m
157dd036a546ba62631ade4ebe8a2fa61179a55b51f34fdec2605ac736f147b4	1949	data/processed/deglitch_work/S1039b/ucla_runtime/UCLA_v4/MakeGlitch.m
52f5addeda49f642dba28b8ec840197c725b506f9ddaf67c644212fa89350d8e	181	data/processed/deglitch_work/S1039b/ucla_runtime/UCLA_v4/NLIMspike.mat
04d2cf0718e7f4d888f03538216e3ea09d47d9413c0cd14993ae7effb2388ab1	511	data/processed/deglitch_work/S1039b/ucla_runtime/UCLA_v4/NSpikeFloatGreenLine.m
34d81214d8851a20a2e2489cb4b7a39fb9988bd39f7ba5130dcc1926bcc92e1c	178	data/processed/deglitch_work/S1039b/ucla_runtime/UCLA_v4/Nlevel.mat
77dade4e3e4875f9937f762dc4948903fe7336ff62aed43b23ae8bc4eb746695	1261	data/processed/deglitch_work/S1039b/ucla_runtime/UCLA_v4/PFO_div2.txt
3cd93fb164e83a6e0af241535afbcde3fb1ac7c4fb1bdb69f527521b9d68a8de	2436	data/processed/deglitch_work/S1039b/ucla_runtime/UCLA_v4/PFO_div5.txt
4332dfc92a0a5f20043845ff47147a17d70f6eefb2e3a4efb06b2fd296f6a75f	1944	data/processed/deglitch_work/S1039b/ucla_runtime/UCLA_v4/PREP03.m
04251c9e9012937fd4a1cca54c3dd19c1683300fbd8912afc3e583f666108c88	2553	data/processed/deglitch_work/S1039b/ucla_runtime/UCLA_v4/PREP08.m
9b41e10e7f72de36df8c77193dc2f3bdbaf248d84568400d94bf127be15991d3	1864	data/processed/deglitch_work/S1039b/ucla_runtime/UCLA_v4/PREP39.m
b67b43101764998deeaddb3ff57f454ae0a37182b808b310ae2945988af2fd90	1068	data/processed/deglitch_work/S1039b/ucla_runtime/UCLA_v4/PREPmkmseed.m
8c76812821b0b125644abbe5e2ae83aae9e7d6fd1d909ed720845dbfb57195ff	1392	data/processed/deglitch_work/S1039b/ucla_runtime/UCLA_v4/PREPmkmseedNew.m
9921518f8e9d4cde172edec6e08f50206f1456f10d509e8044958a1e022d23b5	1223	data/processed/deglitch_work/S1039b/ucla_runtime/UCLA_v4/PlotFinalNew.m
e2e048539122c61b800a66533394a4ffa7ffad663bc77e4220feea1f3e3261fb	1280	data/processed/deglitch_work/S1039b/ucla_runtime/UCLA_v4/PlotFinalNew2SPS.m
2c3c2cbeef099247b3271e85cbb569f1d0387388c9af84c3247131497a701570	398	data/processed/deglitch_work/S1039b/ucla_runtime/UCLA_v4/QuickClean.m
a988a011241e2919fd0307c7b9ac92e00ab2e12519905daf2440b0a7dce520a0	486	data/processed/deglitch_work/S1039b/ucla_runtime/UCLA_v4/README.m
a12273552c871602813ad807cc0e44c5c9c15bf85ac40e6546fe9790afd44450	510464	data/processed/deglitch_work/S1039b/ucla_runtime/UCLA_v4/S0235b_VBB.mseed
3339b5a792b6ce451d3ca994af140261d41567be9ff572b5e1e84cc5339e7521	610	data/processed/deglitch_work/S1039b/ucla_runtime/UCLA_v4/SampleFraction.m
8f6098dcea352194b5c896a5d46fde54c68528fd1019503b9f1c4be573aa0e1f	378	data/processed/deglitch_work/S1039b/ucla_runtime/UCLA_v4/TruncateXcov.m
cc6f80160a6579c38b91b240fb969950edd2382ee49637c2795c053a29f67153	2102	data/processed/deglitch_work/S1039b/ucla_runtime/UCLA_v4/XseedDataFDS.m
90c6bf09db4bfbc9ad32b7a276cce83c74394c08b2085e7faa26e4966d122eb7	7730	data/processed/deglitch_work/S1039b/ucla_runtime/UCLA_v4/aaout3.mat
0f29b8f216d4dfafacfb62a980c1c802e0838fc00ef9913136fe7a7da96c5439	179	data/processed/deglitch_work/S1039b/ucla_runtime/UCLA_v4/cclim.mat
a4f5bddd025e8bff941ffafbc11866f0f95948ee3b36bfdb2fc368b31276a5a5	181	data/processed/deglitch_work/S1039b/ucla_runtime/UCLA_v4/cclim2.mat
7cc4f0dadc14c5da533e46532d4090954ea1f07f552792769191c29512798647	1018199	data/processed/deglitch_work/S1039b/ucla_runtime/UCLA_v4/dc.mat
4349134d158f2f9a130cda002003852f5a401989ff3360d77e28cccd07492d1c	226	data/processed/deglitch_work/S1039b/ucla_runtime/UCLA_v4/decimeFPGA.m
f2e4440a240c7409444b6faba95f46e4a866fe12880b3d39cbe9808af4601c63	299	data/processed/deglitch_work/S1039b/ucla_runtime/UCLA_v4/deriviti.m
d03256442fcd51b630446dccd82e15f8d87b3b29ec97018745d9c11ef73b8833	192	data/processed/deglitch_work/S1039b/ucla_runtime/UCLA_v4/errors.m
2d1bfd611786fd2e70f23d1d284c0237e408099b0a38ef32603e79afe9ed35d5	175	data/processed/deglitch_work/S1039b/ucla_runtime/UCLA_v4/fetch.mat
86901dd234de26e7fcfa8c76fbdf7f4b03e95913280393648e1346bacfb62d61	475	data/processed/deglitch_work/S1039b/ucla_runtime/UCLA_v4/findI1PG1P.m
26901d09a6160a982f3ebd408c8079bc6a6b0d595e308c6128c582edc019f459	2092	data/processed/deglitch_work/S1039b/ucla_runtime/UCLA_v4/findmaxs.m
169f5ee6fe580633b465bffdee1550af46101aef46a3093db08db5ca049440a7	1903	data/processed/deglitch_work/S1039b/ucla_runtime/UCLA_v4/func.m
c34983ca96989ae643e74d20c4bc99f5c4a95ce510ede0750867bec8a4652572	938	data/processed/deglitch_work/S1039b/ucla_runtime/UCLA_v4/funcConvGaussSpikeThree.m
0996a4b2d7d7437661faac556cec16ffa42ee2773dad91661b85ee9e9b259731	3218	data/processed/deglitch_work/S1039b/ucla_runtime/UCLA_v4/funcPeaker.m
0c899e161b58e547a0c7ad3c1974bb61188fa41b57cb0d3a3dd887b8f894e02d	659	data/processed/deglitch_work/S1039b/ucla_runtime/UCLA_v4/funcadjustTimes.m
3ee00247fdf49859f4f317f084f039e1f664362ec4a5cd9040798ded8e02da0e	155199	data/processed/deglitch_work/S1039b/ucla_runtime/UCLA_v4/green20sps.mat
5f8c70eb1a3c0f850f3f6f75c6a8cea42a6e70ce42b03f2593cd9d1d0ac8669e	15639	data/processed/deglitch_work/S1039b/ucla_runtime/UCLA_v4/green2sps.mat
a7d5f244fff6c2fb5d53760cc0f6c830b36e1dc4aa619745f52bd469f007a5d2	837	data/processed/deglitch_work/S1039b/ucla_runtime/UCLA_v4/greenfitExpCSpike20SPS.m
28cb00d8ea228efd8e4576e4ab34815069791916ee5ff45ea477d4543578238e	927	data/processed/deglitch_work/S1039b/ucla_runtime/UCLA_v4/greenfitSlope.m
b215fd424deede19266682be3aa44148527e088e902c4ba4a4974136b5dd42b2	154916	data/processed/deglitch_work/S1039b/ucla_runtime/UCLA_v4/greenspike.mat
97e8ec837cb54080c9c424c10c57189c5687062f9c8e62e831c10144d3dab917	447	data/processed/deglitch_work/S1039b/ucla_runtime/UCLA_v4/junk
fc419ab9ba26bc84eebff7c7ed621e3554c8384b7f8dbc07305d1dfa470b5673	3160148	data/processed/deglitch_work/S1039b/ucla_runtime/UCLA_v4/metadata/RESP.XB.ELYSE.02.BHU
df3f74ac2730027d03d28841e3bf591ac55919de29840e30f35a64984aff58fe	3246875	data/processed/deglitch_work/S1039b/ucla_runtime/UCLA_v4/metadata/RESP.XB.ELYSE.02.BHV
54e51ce083258ef3252bd5bc4499e50de1d3b80cacda113570ae7086cea48955	3158312	data/processed/deglitch_work/S1039b/ucla_runtime/UCLA_v4/metadata/RESP.XB.ELYSE.02.BHW
110f3de4e7d5f6e9467147f77383982e6446b36bb5a3f85ed6b4776be98d7f71	784592	data/processed/deglitch_work/S1039b/ucla_runtime/UCLA_v4/metadata/RESP.XB.ELYSE.02.MHU
6605374c270b77f2bd330bfc684ba0e4b593ff46f1149def3116152615ca843b	784592	data/processed/deglitch_work/S1039b/ucla_runtime/UCLA_v4/metadata/RESP.XB.ELYSE.02.MHV
a1832e0f3aac73fc23ab402c1d8761d01b05d3d1e0b907ff8dd1cebeb07338cf	784592	data/processed/deglitch_work/S1039b/ucla_runtime/UCLA_v4/metadata/RESP.XB.ELYSE.02.MHW
0a08dc49461f0d677667f525f54861a5dc27f1aa6919ac5413c7756a2f3f74f4	17048	data/processed/deglitch_work/S1039b/ucla_runtime/UCLA_v4/mkmseed.m
3d4167bcea896854ff3170bbfd2aff5df3e9ec497ad665512c4fd30a8ff867f3	744	data/processed/deglitch_work/S1039b/ucla_runtime/UCLA_v4/mylsq.m
b14eadd66699f5ab30c262b4adf1b692a7e73b20c7eff3997f56521f72e11c50	778	data/processed/deglitch_work/S1039b/ucla_runtime/UCLA_v4/plotresultsFinal.m
606adc66abc3cee5c3ff91122d0959a0150770d88111380f230bede24c5fe8e3	34676	data/processed/deglitch_work/S1039b/ucla_runtime/UCLA_v4/rdmseed.m
38593b70a5113fccf99c57174f67b6e9a6d9b730fa3efd1ec7c492f67f9568a0	2154	data/processed/deglitch_work/S1039b/ucla_runtime/UCLA_v4/read_resp_v2.m
7bdacba195f49d202ccbb337f712d221075032aec57af96dda00225cb6b08acd	472	data/processed/deglitch_work/S1039b/ucla_runtime/UCLA_v4/rephase.m
b0627fab5f9a446d6acc3338442d98de14152a99bb70bc324d506257a8daeada	1833	data/processed/deglitch_work/S1039b/ucla_runtime/UCLA_v4/stalta.m
978c1cb7440cae89163d4398793737be45a3e57a21c9100d63bdbaa63180912a	1642	data/processed/deglitch_work/S1039b/ucla_runtime/UCLA_v4/testSpikes.m
c2a412762ba1583f9fd7d1230ef005691129af7311ccf9b625e632843241e4a7	17	data/processed/deglitch_work/S1039b/ucla_runtime/UCLA_v4/wminus
084b67b078775bf08c15ed64018d0a91eaa95b9ab4da1e24183b8b2e59788af8	833	data/processed/deglitch_work/S1039b/ucla_runtime/UCLA_v4/y
ba8228acc15ed4753db95bd3c60252a64137118b58ee298695a945631dc08803	181248	data/processed/deglitch_work/S1048d/S1048d.mseed
e30ec8c0392987a016a038b693dbba842ec1645497d13e2735cd8b55b58824a8	691200	data/processed/deglitch_work/S1048d/S1048d_deglitched.mseed
01790e3dac22734a1f9c0033d11544804a7f551b218dbc3034695b19149bc123	1380864	data/processed/deglitch_work/S1048d/S1048d_glitches.mseed
e30ec8c0392987a016a038b693dbba842ec1645497d13e2735cd8b55b58824a8	691200	data/processed/deglitch_work/S1048d/S1048d_mps_before_ucla.mseed
92e69a32f3f80d340f73b02186d4efd3eb69ab4e3ebea4731b8c0aec800a4604	7807	data/processed/deglitch_work/S1048d/glitches_S1048d.txt
93f23c369baaf9777e73da34def1cc4c105f202bb9bfb1c7338e7a75f0f9823a	2241	data/processed/deglitch_work/S1048d/seisglitch_config.yml
812a49dcca93168d48b33192d1d2058cea0185ffbdb15bd770a55cb828abda3f	120	data/processed/deglitch_work/S1048d/ucla_runtime/UCLA_v4/._MAIN.m
812a49dcca93168d48b33192d1d2058cea0185ffbdb15bd770a55cb828abda3f	120	data/processed/deglitch_work/S1048d/ucla_runtime/UCLA_v4/._MAIN20SPSJuly26.m
812a49dcca93168d48b33192d1d2058cea0185ffbdb15bd770a55cb828abda3f	120	data/processed/deglitch_work/S1048d/ucla_runtime/UCLA_v4/._MAIN2SPS.m
812a49dcca93168d48b33192d1d2058cea0185ffbdb15bd770a55cb828abda3f	120	data/processed/deglitch_work/S1048d/ucla_runtime/UCLA_v4/._PREP08.m
812a49dcca93168d48b33192d1d2058cea0185ffbdb15bd770a55cb828abda3f	120	data/processed/deglitch_work/S1048d/ucla_runtime/UCLA_v4/._PREPmkmseedNew.m
812a49dcca93168d48b33192d1d2058cea0185ffbdb15bd770a55cb828abda3f	120	data/processed/deglitch_work/S1048d/ucla_runtime/UCLA_v4/._TruncateXcov.m
812a49dcca93168d48b33192d1d2058cea0185ffbdb15bd770a55cb828abda3f	120	data/processed/deglitch_work/S1048d/ucla_runtime/UCLA_v4/._findmaxs.m
812a49dcca93168d48b33192d1d2058cea0185ffbdb15bd770a55cb828abda3f	120	data/processed/deglitch_work/S1048d/ucla_runtime/UCLA_v4/._func.m
812a49dcca93168d48b33192d1d2058cea0185ffbdb15bd770a55cb828abda3f	120	data/processed/deglitch_work/S1048d/ucla_runtime/UCLA_v4/._testSpikes.m
dc2899a90d04a1d1642827cca701af7a8bb95c17c794e0bbfff695cb50595405	184	data/processed/deglitch_work/S1048d/ucla_runtime/UCLA_v4/Conservative.mat
88a29a4c4bc1c6a43b8172890748d123e310141074f27be8e79beaa38b44c951	1028	data/processed/deglitch_work/S1048d/ucla_runtime/UCLA_v4/FindPrecursors.m
c28425c01be4ea7600a77944ed1b06b58151ab75d05a48c957567556ccf7eedf	2876	data/processed/deglitch_work/S1048d/ucla_runtime/UCLA_v4/MAIN.m
5b4be53f17dbf968abd360eb3bc7a203a4816a49a9d77f7b6101923000142236	5852	data/processed/deglitch_work/S1048d/ucla_runtime/UCLA_v4/MAIN20SPSJuly26.m
8ba27940cfcbca3ea091ff72218d8196f9c568727646206db74ee4a5a76d707c	2811	data/processed/deglitch_work/S1048d/ucla_runtime/UCLA_v4/MAIN20SPSReconcile.m
e4cc9c3ad46f8f153fc4bb4fc16ad6ada1770be3be69718f73e0cbd79d3eecfa	2542	data/processed/deglitch_work/S1048d/ucla_runtime/UCLA_v4/MAIN20SPSReconcileNew.m
dec95e6132a0452dfdfa088c130af5ef36ba42c3fcbba6b0429116372a7e8c66	2538	data/processed/deglitch_work/S1048d/ucla_runtime/UCLA_v4/MAIN20SPSReconcileNew.m~
f1d4808322e0eca5f14cda83e962ec115f1bee52d920af00530ccdc7fa4f1ab1	2821	data/processed/deglitch_work/S1048d/ucla_runtime/UCLA_v4/MAIN2SPS.m
157dd036a546ba62631ade4ebe8a2fa61179a55b51f34fdec2605ac736f147b4	1949	data/processed/deglitch_work/S1048d/ucla_runtime/UCLA_v4/MakeGlitch.m
52f5addeda49f642dba28b8ec840197c725b506f9ddaf67c644212fa89350d8e	181	data/processed/deglitch_work/S1048d/ucla_runtime/UCLA_v4/NLIMspike.mat
04d2cf0718e7f4d888f03538216e3ea09d47d9413c0cd14993ae7effb2388ab1	511	data/processed/deglitch_work/S1048d/ucla_runtime/UCLA_v4/NSpikeFloatGreenLine.m
34d81214d8851a20a2e2489cb4b7a39fb9988bd39f7ba5130dcc1926bcc92e1c	178	data/processed/deglitch_work/S1048d/ucla_runtime/UCLA_v4/Nlevel.mat
77dade4e3e4875f9937f762dc4948903fe7336ff62aed43b23ae8bc4eb746695	1261	data/processed/deglitch_work/S1048d/ucla_runtime/UCLA_v4/PFO_div2.txt
3cd93fb164e83a6e0af241535afbcde3fb1ac7c4fb1bdb69f527521b9d68a8de	2436	data/processed/deglitch_work/S1048d/ucla_runtime/UCLA_v4/PFO_div5.txt
4332dfc92a0a5f20043845ff47147a17d70f6eefb2e3a4efb06b2fd296f6a75f	1944	data/processed/deglitch_work/S1048d/ucla_runtime/UCLA_v4/PREP03.m
04251c9e9012937fd4a1cca54c3dd19c1683300fbd8912afc3e583f666108c88	2553	data/processed/deglitch_work/S1048d/ucla_runtime/UCLA_v4/PREP08.m
9b41e10e7f72de36df8c77193dc2f3bdbaf248d84568400d94bf127be15991d3	1864	data/processed/deglitch_work/S1048d/ucla_runtime/UCLA_v4/PREP39.m
b67b43101764998deeaddb3ff57f454ae0a37182b808b310ae2945988af2fd90	1068	data/processed/deglitch_work/S1048d/ucla_runtime/UCLA_v4/PREPmkmseed.m
8c76812821b0b125644abbe5e2ae83aae9e7d6fd1d909ed720845dbfb57195ff	1392	data/processed/deglitch_work/S1048d/ucla_runtime/UCLA_v4/PREPmkmseedNew.m
9921518f8e9d4cde172edec6e08f50206f1456f10d509e8044958a1e022d23b5	1223	data/processed/deglitch_work/S1048d/ucla_runtime/UCLA_v4/PlotFinalNew.m
e2e048539122c61b800a66533394a4ffa7ffad663bc77e4220feea1f3e3261fb	1280	data/processed/deglitch_work/S1048d/ucla_runtime/UCLA_v4/PlotFinalNew2SPS.m
2c3c2cbeef099247b3271e85cbb569f1d0387388c9af84c3247131497a701570	398	data/processed/deglitch_work/S1048d/ucla_runtime/UCLA_v4/QuickClean.m
a988a011241e2919fd0307c7b9ac92e00ab2e12519905daf2440b0a7dce520a0	486	data/processed/deglitch_work/S1048d/ucla_runtime/UCLA_v4/README.m
a12273552c871602813ad807cc0e44c5c9c15bf85ac40e6546fe9790afd44450	510464	data/processed/deglitch_work/S1048d/ucla_runtime/UCLA_v4/S0235b_VBB.mseed
3339b5a792b6ce451d3ca994af140261d41567be9ff572b5e1e84cc5339e7521	610	data/processed/deglitch_work/S1048d/ucla_runtime/UCLA_v4/SampleFraction.m
8f6098dcea352194b5c896a5d46fde54c68528fd1019503b9f1c4be573aa0e1f	378	data/processed/deglitch_work/S1048d/ucla_runtime/UCLA_v4/TruncateXcov.m
cc6f80160a6579c38b91b240fb969950edd2382ee49637c2795c053a29f67153	2102	data/processed/deglitch_work/S1048d/ucla_runtime/UCLA_v4/XseedDataFDS.m
90c6bf09db4bfbc9ad32b7a276cce83c74394c08b2085e7faa26e4966d122eb7	7730	data/processed/deglitch_work/S1048d/ucla_runtime/UCLA_v4/aaout3.mat
0f29b8f216d4dfafacfb62a980c1c802e0838fc00ef9913136fe7a7da96c5439	179	data/processed/deglitch_work/S1048d/ucla_runtime/UCLA_v4/cclim.mat
a4f5bddd025e8bff941ffafbc11866f0f95948ee3b36bfdb2fc368b31276a5a5	181	data/processed/deglitch_work/S1048d/ucla_runtime/UCLA_v4/cclim2.mat
7cc4f0dadc14c5da533e46532d4090954ea1f07f552792769191c29512798647	1018199	data/processed/deglitch_work/S1048d/ucla_runtime/UCLA_v4/dc.mat
4349134d158f2f9a130cda002003852f5a401989ff3360d77e28cccd07492d1c	226	data/processed/deglitch_work/S1048d/ucla_runtime/UCLA_v4/decimeFPGA.m
f2e4440a240c7409444b6faba95f46e4a866fe12880b3d39cbe9808af4601c63	299	data/processed/deglitch_work/S1048d/ucla_runtime/UCLA_v4/deriviti.m
d03256442fcd51b630446dccd82e15f8d87b3b29ec97018745d9c11ef73b8833	192	data/processed/deglitch_work/S1048d/ucla_runtime/UCLA_v4/errors.m
2d1bfd611786fd2e70f23d1d284c0237e408099b0a38ef32603e79afe9ed35d5	175	data/processed/deglitch_work/S1048d/ucla_runtime/UCLA_v4/fetch.mat
86901dd234de26e7fcfa8c76fbdf7f4b03e95913280393648e1346bacfb62d61	475	data/processed/deglitch_work/S1048d/ucla_runtime/UCLA_v4/findI1PG1P.m
26901d09a6160a982f3ebd408c8079bc6a6b0d595e308c6128c582edc019f459	2092	data/processed/deglitch_work/S1048d/ucla_runtime/UCLA_v4/findmaxs.m
169f5ee6fe580633b465bffdee1550af46101aef46a3093db08db5ca049440a7	1903	data/processed/deglitch_work/S1048d/ucla_runtime/UCLA_v4/func.m
c34983ca96989ae643e74d20c4bc99f5c4a95ce510ede0750867bec8a4652572	938	data/processed/deglitch_work/S1048d/ucla_runtime/UCLA_v4/funcConvGaussSpikeThree.m
0996a4b2d7d7437661faac556cec16ffa42ee2773dad91661b85ee9e9b259731	3218	data/processed/deglitch_work/S1048d/ucla_runtime/UCLA_v4/funcPeaker.m
0c899e161b58e547a0c7ad3c1974bb61188fa41b57cb0d3a3dd887b8f894e02d	659	data/processed/deglitch_work/S1048d/ucla_runtime/UCLA_v4/funcadjustTimes.m
3ee00247fdf49859f4f317f084f039e1f664362ec4a5cd9040798ded8e02da0e	155199	data/processed/deglitch_work/S1048d/ucla_runtime/UCLA_v4/green20sps.mat
5f8c70eb1a3c0f850f3f6f75c6a8cea42a6e70ce42b03f2593cd9d1d0ac8669e	15639	data/processed/deglitch_work/S1048d/ucla_runtime/UCLA_v4/green2sps.mat
a7d5f244fff6c2fb5d53760cc0f6c830b36e1dc4aa619745f52bd469f007a5d2	837	data/processed/deglitch_work/S1048d/ucla_runtime/UCLA_v4/greenfitExpCSpike20SPS.m
28cb00d8ea228efd8e4576e4ab34815069791916ee5ff45ea477d4543578238e	927	data/processed/deglitch_work/S1048d/ucla_runtime/UCLA_v4/greenfitSlope.m
b215fd424deede19266682be3aa44148527e088e902c4ba4a4974136b5dd42b2	154916	data/processed/deglitch_work/S1048d/ucla_runtime/UCLA_v4/greenspike.mat
97e8ec837cb54080c9c424c10c57189c5687062f9c8e62e831c10144d3dab917	447	data/processed/deglitch_work/S1048d/ucla_runtime/UCLA_v4/junk
fc419ab9ba26bc84eebff7c7ed621e3554c8384b7f8dbc07305d1dfa470b5673	3160148	data/processed/deglitch_work/S1048d/ucla_runtime/UCLA_v4/metadata/RESP.XB.ELYSE.02.BHU
df3f74ac2730027d03d28841e3bf591ac55919de29840e30f35a64984aff58fe	3246875	data/processed/deglitch_work/S1048d/ucla_runtime/UCLA_v4/metadata/RESP.XB.ELYSE.02.BHV
54e51ce083258ef3252bd5bc4499e50de1d3b80cacda113570ae7086cea48955	3158312	data/processed/deglitch_work/S1048d/ucla_runtime/UCLA_v4/metadata/RESP.XB.ELYSE.02.BHW
110f3de4e7d5f6e9467147f77383982e6446b36bb5a3f85ed6b4776be98d7f71	784592	data/processed/deglitch_work/S1048d/ucla_runtime/UCLA_v4/metadata/RESP.XB.ELYSE.02.MHU
6605374c270b77f2bd330bfc684ba0e4b593ff46f1149def3116152615ca843b	784592	data/processed/deglitch_work/S1048d/ucla_runtime/UCLA_v4/metadata/RESP.XB.ELYSE.02.MHV
a1832e0f3aac73fc23ab402c1d8761d01b05d3d1e0b907ff8dd1cebeb07338cf	784592	data/processed/deglitch_work/S1048d/ucla_runtime/UCLA_v4/metadata/RESP.XB.ELYSE.02.MHW
0a08dc49461f0d677667f525f54861a5dc27f1aa6919ac5413c7756a2f3f74f4	17048	data/processed/deglitch_work/S1048d/ucla_runtime/UCLA_v4/mkmseed.m
3d4167bcea896854ff3170bbfd2aff5df3e9ec497ad665512c4fd30a8ff867f3	744	data/processed/deglitch_work/S1048d/ucla_runtime/UCLA_v4/mylsq.m
b14eadd66699f5ab30c262b4adf1b692a7e73b20c7eff3997f56521f72e11c50	778	data/processed/deglitch_work/S1048d/ucla_runtime/UCLA_v4/plotresultsFinal.m
606adc66abc3cee5c3ff91122d0959a0150770d88111380f230bede24c5fe8e3	34676	data/processed/deglitch_work/S1048d/ucla_runtime/UCLA_v4/rdmseed.m
38593b70a5113fccf99c57174f67b6e9a6d9b730fa3efd1ec7c492f67f9568a0	2154	data/processed/deglitch_work/S1048d/ucla_runtime/UCLA_v4/read_resp_v2.m
7bdacba195f49d202ccbb337f712d221075032aec57af96dda00225cb6b08acd	472	data/processed/deglitch_work/S1048d/ucla_runtime/UCLA_v4/rephase.m
b0627fab5f9a446d6acc3338442d98de14152a99bb70bc324d506257a8daeada	1833	data/processed/deglitch_work/S1048d/ucla_runtime/UCLA_v4/stalta.m
978c1cb7440cae89163d4398793737be45a3e57a21c9100d63bdbaa63180912a	1642	data/processed/deglitch_work/S1048d/ucla_runtime/UCLA_v4/testSpikes.m
c2a412762ba1583f9fd7d1230ef005691129af7311ccf9b625e632843241e4a7	17	data/processed/deglitch_work/S1048d/ucla_runtime/UCLA_v4/wminus
084b67b078775bf08c15ed64018d0a91eaa95b9ab4da1e24183b8b2e59788af8	833	data/processed/deglitch_work/S1048d/ucla_runtime/UCLA_v4/y
bf0bf57dee0d7eca09e8ba13602c29b691a8d61e4c72c406b27648a11d320829	209920	data/processed/deglitch_work/S1102a/S1102a.mseed
bf0bf57dee0d7eca09e8ba13602c29b691a8d61e4c72c406b27648a11d320829	209920	data/processed/deglitch_work/S1102a/S1102a_mps_before_ucla.mseed
ddc25f9f573fc966d5f3bdeb52554e1933bfc5f65f8c74fde5e893b48c86ae21	1253376	data/processed/deglitch_work/S1102a/S1102a_ucla.mseed
5eee4ba2744748f0ea6ae505fa9d995f07cbe4a18fff319fc44a5cc6af8df5d7	314	data/processed/deglitch_work/S1102a/S1102a_ucla.mseed.ucla.json
f04ea59ae68b94ce44ff960da62254a83c712e61d7349007975e36d1667f4eb2	6282	data/processed/deglitch_work/S1102a/glitches_S1102a.txt
5ad679dcd2bebc90e3209415a1c31d040276f29c8d9848baaafd050847deac98	2241	data/processed/deglitch_work/S1102a/seisglitch_config.yml
defece0998d1ef310d4a504e98d4144be101fa31afc774ac09bac9f88154387a	417792	data/processed/deglitch_work/S1102a/ucla_mseed_parts/XB.ELYSE.02.BHU.2022.002
c3d52867d80f0627c10bda57af67d67c9820e95c7869812c68ac64f3476732fd	417792	data/processed/deglitch_work/S1102a/ucla_mseed_parts/XB.ELYSE.02.BHV.2022.002
b27d4823a1d42e0f2b206f67424dce73deff5bd5a6d1d15f0500d738ecff0c69	417792	data/processed/deglitch_work/S1102a/ucla_mseed_parts/XB.ELYSE.02.BHW.2022.002
fffb9432910f3678954a52c589eb0a83a8f317512bcb826b175a2f1501f42eba	1023311	data/processed/deglitch_work/S1102a/ucla_results.mat
812a49dcca93168d48b33192d1d2058cea0185ffbdb15bd770a55cb828abda3f	120	data/processed/deglitch_work/S1102a/ucla_runtime/UCLA_v4/._MAIN.m
812a49dcca93168d48b33192d1d2058cea0185ffbdb15bd770a55cb828abda3f	120	data/processed/deglitch_work/S1102a/ucla_runtime/UCLA_v4/._MAIN20SPSJuly26.m
812a49dcca93168d48b33192d1d2058cea0185ffbdb15bd770a55cb828abda3f	120	data/processed/deglitch_work/S1102a/ucla_runtime/UCLA_v4/._MAIN2SPS.m
812a49dcca93168d48b33192d1d2058cea0185ffbdb15bd770a55cb828abda3f	120	data/processed/deglitch_work/S1102a/ucla_runtime/UCLA_v4/._PREP08.m
812a49dcca93168d48b33192d1d2058cea0185ffbdb15bd770a55cb828abda3f	120	data/processed/deglitch_work/S1102a/ucla_runtime/UCLA_v4/._PREPmkmseedNew.m
812a49dcca93168d48b33192d1d2058cea0185ffbdb15bd770a55cb828abda3f	120	data/processed/deglitch_work/S1102a/ucla_runtime/UCLA_v4/._TruncateXcov.m
812a49dcca93168d48b33192d1d2058cea0185ffbdb15bd770a55cb828abda3f	120	data/processed/deglitch_work/S1102a/ucla_runtime/UCLA_v4/._findmaxs.m
812a49dcca93168d48b33192d1d2058cea0185ffbdb15bd770a55cb828abda3f	120	data/processed/deglitch_work/S1102a/ucla_runtime/UCLA_v4/._func.m
812a49dcca93168d48b33192d1d2058cea0185ffbdb15bd770a55cb828abda3f	120	data/processed/deglitch_work/S1102a/ucla_runtime/UCLA_v4/._testSpikes.m
dc2899a90d04a1d1642827cca701af7a8bb95c17c794e0bbfff695cb50595405	184	data/processed/deglitch_work/S1102a/ucla_runtime/UCLA_v4/Conservative.mat
88a29a4c4bc1c6a43b8172890748d123e310141074f27be8e79beaa38b44c951	1028	data/processed/deglitch_work/S1102a/ucla_runtime/UCLA_v4/FindPrecursors.m
c28425c01be4ea7600a77944ed1b06b58151ab75d05a48c957567556ccf7eedf	2876	data/processed/deglitch_work/S1102a/ucla_runtime/UCLA_v4/MAIN.m
5b4be53f17dbf968abd360eb3bc7a203a4816a49a9d77f7b6101923000142236	5852	data/processed/deglitch_work/S1102a/ucla_runtime/UCLA_v4/MAIN20SPSJuly26.m
8ba27940cfcbca3ea091ff72218d8196f9c568727646206db74ee4a5a76d707c	2811	data/processed/deglitch_work/S1102a/ucla_runtime/UCLA_v4/MAIN20SPSReconcile.m
e4cc9c3ad46f8f153fc4bb4fc16ad6ada1770be3be69718f73e0cbd79d3eecfa	2542	data/processed/deglitch_work/S1102a/ucla_runtime/UCLA_v4/MAIN20SPSReconcileNew.m
dec95e6132a0452dfdfa088c130af5ef36ba42c3fcbba6b0429116372a7e8c66	2538	data/processed/deglitch_work/S1102a/ucla_runtime/UCLA_v4/MAIN20SPSReconcileNew.m~
f1d4808322e0eca5f14cda83e962ec115f1bee52d920af00530ccdc7fa4f1ab1	2821	data/processed/deglitch_work/S1102a/ucla_runtime/UCLA_v4/MAIN2SPS.m
157dd036a546ba62631ade4ebe8a2fa61179a55b51f34fdec2605ac736f147b4	1949	data/processed/deglitch_work/S1102a/ucla_runtime/UCLA_v4/MakeGlitch.m
52f5addeda49f642dba28b8ec840197c725b506f9ddaf67c644212fa89350d8e	181	data/processed/deglitch_work/S1102a/ucla_runtime/UCLA_v4/NLIMspike.mat
04d2cf0718e7f4d888f03538216e3ea09d47d9413c0cd14993ae7effb2388ab1	511	data/processed/deglitch_work/S1102a/ucla_runtime/UCLA_v4/NSpikeFloatGreenLine.m
34d81214d8851a20a2e2489cb4b7a39fb9988bd39f7ba5130dcc1926bcc92e1c	178	data/processed/deglitch_work/S1102a/ucla_runtime/UCLA_v4/Nlevel.mat
77dade4e3e4875f9937f762dc4948903fe7336ff62aed43b23ae8bc4eb746695	1261	data/processed/deglitch_work/S1102a/ucla_runtime/UCLA_v4/PFO_div2.txt
3cd93fb164e83a6e0af241535afbcde3fb1ac7c4fb1bdb69f527521b9d68a8de	2436	data/processed/deglitch_work/S1102a/ucla_runtime/UCLA_v4/PFO_div5.txt
4332dfc92a0a5f20043845ff47147a17d70f6eefb2e3a4efb06b2fd296f6a75f	1944	data/processed/deglitch_work/S1102a/ucla_runtime/UCLA_v4/PREP03.m
04251c9e9012937fd4a1cca54c3dd19c1683300fbd8912afc3e583f666108c88	2553	data/processed/deglitch_work/S1102a/ucla_runtime/UCLA_v4/PREP08.m
9b41e10e7f72de36df8c77193dc2f3bdbaf248d84568400d94bf127be15991d3	1864	data/processed/deglitch_work/S1102a/ucla_runtime/UCLA_v4/PREP39.m
b67b43101764998deeaddb3ff57f454ae0a37182b808b310ae2945988af2fd90	1068	data/processed/deglitch_work/S1102a/ucla_runtime/UCLA_v4/PREPmkmseed.m
8c76812821b0b125644abbe5e2ae83aae9e7d6fd1d909ed720845dbfb57195ff	1392	data/processed/deglitch_work/S1102a/ucla_runtime/UCLA_v4/PREPmkmseedNew.m
9921518f8e9d4cde172edec6e08f50206f1456f10d509e8044958a1e022d23b5	1223	data/processed/deglitch_work/S1102a/ucla_runtime/UCLA_v4/PlotFinalNew.m
e2e048539122c61b800a66533394a4ffa7ffad663bc77e4220feea1f3e3261fb	1280	data/processed/deglitch_work/S1102a/ucla_runtime/UCLA_v4/PlotFinalNew2SPS.m
2c3c2cbeef099247b3271e85cbb569f1d0387388c9af84c3247131497a701570	398	data/processed/deglitch_work/S1102a/ucla_runtime/UCLA_v4/QuickClean.m
a988a011241e2919fd0307c7b9ac92e00ab2e12519905daf2440b0a7dce520a0	486	data/processed/deglitch_work/S1102a/ucla_runtime/UCLA_v4/README.m
a12273552c871602813ad807cc0e44c5c9c15bf85ac40e6546fe9790afd44450	510464	data/processed/deglitch_work/S1102a/ucla_runtime/UCLA_v4/S0235b_VBB.mseed
3339b5a792b6ce451d3ca994af140261d41567be9ff572b5e1e84cc5339e7521	610	data/processed/deglitch_work/S1102a/ucla_runtime/UCLA_v4/SampleFraction.m
8f6098dcea352194b5c896a5d46fde54c68528fd1019503b9f1c4be573aa0e1f	378	data/processed/deglitch_work/S1102a/ucla_runtime/UCLA_v4/TruncateXcov.m
cc6f80160a6579c38b91b240fb969950edd2382ee49637c2795c053a29f67153	2102	data/processed/deglitch_work/S1102a/ucla_runtime/UCLA_v4/XseedDataFDS.m
35fb47bc1beb48556bd0a55088c3d3cc073a7dce76808239896cca22b05a90e9	3559	data/processed/deglitch_work/S1102a/ucla_runtime/UCLA_v4/aaout3
90c6bf09db4bfbc9ad32b7a276cce83c74394c08b2085e7faa26e4966d122eb7	7730	data/processed/deglitch_work/S1102a/ucla_runtime/UCLA_v4/aaout3.mat
0f29b8f216d4dfafacfb62a980c1c802e0838fc00ef9913136fe7a7da96c5439	179	data/processed/deglitch_work/S1102a/ucla_runtime/UCLA_v4/cclim.mat
a4f5bddd025e8bff941ffafbc11866f0f95948ee3b36bfdb2fc368b31276a5a5	181	data/processed/deglitch_work/S1102a/ucla_runtime/UCLA_v4/cclim2.mat
43a99d9288097ce561dcfc2b9f3d9e8b94711b4ca4c95941472a7b2af34f8690	1319844	data/processed/deglitch_work/S1102a/ucla_runtime/UCLA_v4/dc
7cc4f0dadc14c5da533e46532d4090954ea1f07f552792769191c29512798647	1018199	data/processed/deglitch_work/S1102a/ucla_runtime/UCLA_v4/dc.mat
4349134d158f2f9a130cda002003852f5a401989ff3360d77e28cccd07492d1c	226	data/processed/deglitch_work/S1102a/ucla_runtime/UCLA_v4/decimeFPGA.m
f2e4440a240c7409444b6faba95f46e4a866fe12880b3d39cbe9808af4601c63	299	data/processed/deglitch_work/S1102a/ucla_runtime/UCLA_v4/deriviti.m
d03256442fcd51b630446dccd82e15f8d87b3b29ec97018745d9c11ef73b8833	192	data/processed/deglitch_work/S1102a/ucla_runtime/UCLA_v4/errors.m
2d1bfd611786fd2e70f23d1d284c0237e408099b0a38ef32603e79afe9ed35d5	175	data/processed/deglitch_work/S1102a/ucla_runtime/UCLA_v4/fetch.mat
86901dd234de26e7fcfa8c76fbdf7f4b03e95913280393648e1346bacfb62d61	475	data/processed/deglitch_work/S1102a/ucla_runtime/UCLA_v4/findI1PG1P.m
26901d09a6160a982f3ebd408c8079bc6a6b0d595e308c6128c582edc019f459	2092	data/processed/deglitch_work/S1102a/ucla_runtime/UCLA_v4/findmaxs.m
169f5ee6fe580633b465bffdee1550af46101aef46a3093db08db5ca049440a7	1903	data/processed/deglitch_work/S1102a/ucla_runtime/UCLA_v4/func.m
c34983ca96989ae643e74d20c4bc99f5c4a95ce510ede0750867bec8a4652572	938	data/processed/deglitch_work/S1102a/ucla_runtime/UCLA_v4/funcConvGaussSpikeThree.m
0996a4b2d7d7437661faac556cec16ffa42ee2773dad91661b85ee9e9b259731	3218	data/processed/deglitch_work/S1102a/ucla_runtime/UCLA_v4/funcPeaker.m
0c899e161b58e547a0c7ad3c1974bb61188fa41b57cb0d3a3dd887b8f894e02d	659	data/processed/deglitch_work/S1102a/ucla_runtime/UCLA_v4/funcadjustTimes.m
3ee00247fdf49859f4f317f084f039e1f664362ec4a5cd9040798ded8e02da0e	155199	data/processed/deglitch_work/S1102a/ucla_runtime/UCLA_v4/green20sps.mat
5f8c70eb1a3c0f850f3f6f75c6a8cea42a6e70ce42b03f2593cd9d1d0ac8669e	15639	data/processed/deglitch_work/S1102a/ucla_runtime/UCLA_v4/green2sps.mat
a7d5f244fff6c2fb5d53760cc0f6c830b36e1dc4aa619745f52bd469f007a5d2	837	data/processed/deglitch_work/S1102a/ucla_runtime/UCLA_v4/greenfitExpCSpike20SPS.m
28cb00d8ea228efd8e4576e4ab34815069791916ee5ff45ea477d4543578238e	927	data/processed/deglitch_work/S1102a/ucla_runtime/UCLA_v4/greenfitSlope.m
b215fd424deede19266682be3aa44148527e088e902c4ba4a4974136b5dd42b2	154916	data/processed/deglitch_work/S1102a/ucla_runtime/UCLA_v4/greenspike.mat
97e8ec837cb54080c9c424c10c57189c5687062f9c8e62e831c10144d3dab917	447	data/processed/deglitch_work/S1102a/ucla_runtime/UCLA_v4/junk
fc419ab9ba26bc84eebff7c7ed621e3554c8384b7f8dbc07305d1dfa470b5673	3160148	data/processed/deglitch_work/S1102a/ucla_runtime/UCLA_v4/metadata/RESP.XB.ELYSE.02.BHU
df3f74ac2730027d03d28841e3bf591ac55919de29840e30f35a64984aff58fe	3246875	data/processed/deglitch_work/S1102a/ucla_runtime/UCLA_v4/metadata/RESP.XB.ELYSE.02.BHV
54e51ce083258ef3252bd5bc4499e50de1d3b80cacda113570ae7086cea48955	3158312	data/processed/deglitch_work/S1102a/ucla_runtime/UCLA_v4/metadata/RESP.XB.ELYSE.02.BHW
110f3de4e7d5f6e9467147f77383982e6446b36bb5a3f85ed6b4776be98d7f71	784592	data/processed/deglitch_work/S1102a/ucla_runtime/UCLA_v4/metadata/RESP.XB.ELYSE.02.MHU
6605374c270b77f2bd330bfc684ba0e4b593ff46f1149def3116152615ca843b	784592	data/processed/deglitch_work/S1102a/ucla_runtime/UCLA_v4/metadata/RESP.XB.ELYSE.02.MHV
a1832e0f3aac73fc23ab402c1d8761d01b05d3d1e0b907ff8dd1cebeb07338cf	784592	data/processed/deglitch_work/S1102a/ucla_runtime/UCLA_v4/metadata/RESP.XB.ELYSE.02.MHW
0a08dc49461f0d677667f525f54861a5dc27f1aa6919ac5413c7756a2f3f74f4	17048	data/processed/deglitch_work/S1102a/ucla_runtime/UCLA_v4/mkmseed.m
3d4167bcea896854ff3170bbfd2aff5df3e9ec497ad665512c4fd30a8ff867f3	744	data/processed/deglitch_work/S1102a/ucla_runtime/UCLA_v4/mylsq.m
b14eadd66699f5ab30c262b4adf1b692a7e73b20c7eff3997f56521f72e11c50	778	data/processed/deglitch_work/S1102a/ucla_runtime/UCLA_v4/plotresultsFinal.m
606adc66abc3cee5c3ff91122d0959a0150770d88111380f230bede24c5fe8e3	34676	data/processed/deglitch_work/S1102a/ucla_runtime/UCLA_v4/rdmseed.m
38593b70a5113fccf99c57174f67b6e9a6d9b730fa3efd1ec7c492f67f9568a0	2154	data/processed/deglitch_work/S1102a/ucla_runtime/UCLA_v4/read_resp_v2.m
7bdacba195f49d202ccbb337f712d221075032aec57af96dda00225cb6b08acd	472	data/processed/deglitch_work/S1102a/ucla_runtime/UCLA_v4/rephase.m
b0627fab5f9a446d6acc3338442d98de14152a99bb70bc324d506257a8daeada	1833	data/processed/deglitch_work/S1102a/ucla_runtime/UCLA_v4/stalta.m
978c1cb7440cae89163d4398793737be45a3e57a21c9100d63bdbaa63180912a	1642	data/processed/deglitch_work/S1102a/ucla_runtime/UCLA_v4/testSpikes.m
c2a412762ba1583f9fd7d1230ef005691129af7311ccf9b625e632843241e4a7	17	data/processed/deglitch_work/S1102a/ucla_runtime/UCLA_v4/wminus
084b67b078775bf08c15ed64018d0a91eaa95b9ab4da1e24183b8b2e59788af8	833	data/processed/deglitch_work/S1102a/ucla_runtime/UCLA_v4/y
8f45b11eb24fb5ff2f20415b2725e558c2cb375ab824a3dd1a67f3bebd48eea9	191488	data/processed/deglitch_work/S1133c/S1133c.mseed
66f6fc46db62c3ec661bd24ec68c3b6c9a5ac821e80d7756a41acdff858c2738	691200	data/processed/deglitch_work/S1133c/S1133c_deglitched.mseed
b0a256776e48fa2806a0a550f401f49623bc76a9fda52e4cf15221a3ac275bf8	1380864	data/processed/deglitch_work/S1133c/S1133c_glitches.mseed
66f6fc46db62c3ec661bd24ec68c3b6c9a5ac821e80d7756a41acdff858c2738	691200	data/processed/deglitch_work/S1133c/S1133c_mps_before_ucla.mseed
9b51b123d9c7eca7a2373796d6fe337743f1bee02bf6d2e0347412f29bd69635	8417	data/processed/deglitch_work/S1133c/glitches_S1133c.txt
cef64fedc44d6c7eeba99d61d5e13679b4556ba760773d78f3a3a6188fe683cb	2241	data/processed/deglitch_work/S1133c/seisglitch_config.yml
812a49dcca93168d48b33192d1d2058cea0185ffbdb15bd770a55cb828abda3f	120	data/processed/deglitch_work/S1133c/ucla_runtime/UCLA_v4/._MAIN.m
812a49dcca93168d48b33192d1d2058cea0185ffbdb15bd770a55cb828abda3f	120	data/processed/deglitch_work/S1133c/ucla_runtime/UCLA_v4/._MAIN20SPSJuly26.m
812a49dcca93168d48b33192d1d2058cea0185ffbdb15bd770a55cb828abda3f	120	data/processed/deglitch_work/S1133c/ucla_runtime/UCLA_v4/._MAIN2SPS.m
812a49dcca93168d48b33192d1d2058cea0185ffbdb15bd770a55cb828abda3f	120	data/processed/deglitch_work/S1133c/ucla_runtime/UCLA_v4/._PREP08.m
812a49dcca93168d48b33192d1d2058cea0185ffbdb15bd770a55cb828abda3f	120	data/processed/deglitch_work/S1133c/ucla_runtime/UCLA_v4/._PREPmkmseedNew.m
812a49dcca93168d48b33192d1d2058cea0185ffbdb15bd770a55cb828abda3f	120	data/processed/deglitch_work/S1133c/ucla_runtime/UCLA_v4/._TruncateXcov.m
812a49dcca93168d48b33192d1d2058cea0185ffbdb15bd770a55cb828abda3f	120	data/processed/deglitch_work/S1133c/ucla_runtime/UCLA_v4/._findmaxs.m
812a49dcca93168d48b33192d1d2058cea0185ffbdb15bd770a55cb828abda3f	120	data/processed/deglitch_work/S1133c/ucla_runtime/UCLA_v4/._func.m
812a49dcca93168d48b33192d1d2058cea0185ffbdb15bd770a55cb828abda3f	120	data/processed/deglitch_work/S1133c/ucla_runtime/UCLA_v4/._testSpikes.m
dc2899a90d04a1d1642827cca701af7a8bb95c17c794e0bbfff695cb50595405	184	data/processed/deglitch_work/S1133c/ucla_runtime/UCLA_v4/Conservative.mat
88a29a4c4bc1c6a43b8172890748d123e310141074f27be8e79beaa38b44c951	1028	data/processed/deglitch_work/S1133c/ucla_runtime/UCLA_v4/FindPrecursors.m
c28425c01be4ea7600a77944ed1b06b58151ab75d05a48c957567556ccf7eedf	2876	data/processed/deglitch_work/S1133c/ucla_runtime/UCLA_v4/MAIN.m
5b4be53f17dbf968abd360eb3bc7a203a4816a49a9d77f7b6101923000142236	5852	data/processed/deglitch_work/S1133c/ucla_runtime/UCLA_v4/MAIN20SPSJuly26.m
8ba27940cfcbca3ea091ff72218d8196f9c568727646206db74ee4a5a76d707c	2811	data/processed/deglitch_work/S1133c/ucla_runtime/UCLA_v4/MAIN20SPSReconcile.m
e4cc9c3ad46f8f153fc4bb4fc16ad6ada1770be3be69718f73e0cbd79d3eecfa	2542	data/processed/deglitch_work/S1133c/ucla_runtime/UCLA_v4/MAIN20SPSReconcileNew.m
dec95e6132a0452dfdfa088c130af5ef36ba42c3fcbba6b0429116372a7e8c66	2538	data/processed/deglitch_work/S1133c/ucla_runtime/UCLA_v4/MAIN20SPSReconcileNew.m~
f1d4808322e0eca5f14cda83e962ec115f1bee52d920af00530ccdc7fa4f1ab1	2821	data/processed/deglitch_work/S1133c/ucla_runtime/UCLA_v4/MAIN2SPS.m
157dd036a546ba62631ade4ebe8a2fa61179a55b51f34fdec2605ac736f147b4	1949	data/processed/deglitch_work/S1133c/ucla_runtime/UCLA_v4/MakeGlitch.m
52f5addeda49f642dba28b8ec840197c725b506f9ddaf67c644212fa89350d8e	181	data/processed/deglitch_work/S1133c/ucla_runtime/UCLA_v4/NLIMspike.mat
04d2cf0718e7f4d888f03538216e3ea09d47d9413c0cd14993ae7effb2388ab1	511	data/processed/deglitch_work/S1133c/ucla_runtime/UCLA_v4/NSpikeFloatGreenLine.m
34d81214d8851a20a2e2489cb4b7a39fb9988bd39f7ba5130dcc1926bcc92e1c	178	data/processed/deglitch_work/S1133c/ucla_runtime/UCLA_v4/Nlevel.mat
77dade4e3e4875f9937f762dc4948903fe7336ff62aed43b23ae8bc4eb746695	1261	data/processed/deglitch_work/S1133c/ucla_runtime/UCLA_v4/PFO_div2.txt
3cd93fb164e83a6e0af241535afbcde3fb1ac7c4fb1bdb69f527521b9d68a8de	2436	data/processed/deglitch_work/S1133c/ucla_runtime/UCLA_v4/PFO_div5.txt
4332dfc92a0a5f20043845ff47147a17d70f6eefb2e3a4efb06b2fd296f6a75f	1944	data/processed/deglitch_work/S1133c/ucla_runtime/UCLA_v4/PREP03.m
04251c9e9012937fd4a1cca54c3dd19c1683300fbd8912afc3e583f666108c88	2553	data/processed/deglitch_work/S1133c/ucla_runtime/UCLA_v4/PREP08.m
9b41e10e7f72de36df8c77193dc2f3bdbaf248d84568400d94bf127be15991d3	1864	data/processed/deglitch_work/S1133c/ucla_runtime/UCLA_v4/PREP39.m
b67b43101764998deeaddb3ff57f454ae0a37182b808b310ae2945988af2fd90	1068	data/processed/deglitch_work/S1133c/ucla_runtime/UCLA_v4/PREPmkmseed.m
8c76812821b0b125644abbe5e2ae83aae9e7d6fd1d909ed720845dbfb57195ff	1392	data/processed/deglitch_work/S1133c/ucla_runtime/UCLA_v4/PREPmkmseedNew.m
9921518f8e9d4cde172edec6e08f50206f1456f10d509e8044958a1e022d23b5	1223	data/processed/deglitch_work/S1133c/ucla_runtime/UCLA_v4/PlotFinalNew.m
e2e048539122c61b800a66533394a4ffa7ffad663bc77e4220feea1f3e3261fb	1280	data/processed/deglitch_work/S1133c/ucla_runtime/UCLA_v4/PlotFinalNew2SPS.m
2c3c2cbeef099247b3271e85cbb569f1d0387388c9af84c3247131497a701570	398	data/processed/deglitch_work/S1133c/ucla_runtime/UCLA_v4/QuickClean.m
a988a011241e2919fd0307c7b9ac92e00ab2e12519905daf2440b0a7dce520a0	486	data/processed/deglitch_work/S1133c/ucla_runtime/UCLA_v4/README.m
a12273552c871602813ad807cc0e44c5c9c15bf85ac40e6546fe9790afd44450	510464	data/processed/deglitch_work/S1133c/ucla_runtime/UCLA_v4/S0235b_VBB.mseed
3339b5a792b6ce451d3ca994af140261d41567be9ff572b5e1e84cc5339e7521	610	data/processed/deglitch_work/S1133c/ucla_runtime/UCLA_v4/SampleFraction.m
8f6098dcea352194b5c896a5d46fde54c68528fd1019503b9f1c4be573aa0e1f	378	data/processed/deglitch_work/S1133c/ucla_runtime/UCLA_v4/TruncateXcov.m
cc6f80160a6579c38b91b240fb969950edd2382ee49637c2795c053a29f67153	2102	data/processed/deglitch_work/S1133c/ucla_runtime/UCLA_v4/XseedDataFDS.m
90c6bf09db4bfbc9ad32b7a276cce83c74394c08b2085e7faa26e4966d122eb7	7730	data/processed/deglitch_work/S1133c/ucla_runtime/UCLA_v4/aaout3.mat
0f29b8f216d4dfafacfb62a980c1c802e0838fc00ef9913136fe7a7da96c5439	179	data/processed/deglitch_work/S1133c/ucla_runtime/UCLA_v4/cclim.mat
a4f5bddd025e8bff941ffafbc11866f0f95948ee3b36bfdb2fc368b31276a5a5	181	data/processed/deglitch_work/S1133c/ucla_runtime/UCLA_v4/cclim2.mat
7cc4f0dadc14c5da533e46532d4090954ea1f07f552792769191c29512798647	1018199	data/processed/deglitch_work/S1133c/ucla_runtime/UCLA_v4/dc.mat
4349134d158f2f9a130cda002003852f5a401989ff3360d77e28cccd07492d1c	226	data/processed/deglitch_work/S1133c/ucla_runtime/UCLA_v4/decimeFPGA.m
f2e4440a240c7409444b6faba95f46e4a866fe12880b3d39cbe9808af4601c63	299	data/processed/deglitch_work/S1133c/ucla_runtime/UCLA_v4/deriviti.m
d03256442fcd51b630446dccd82e15f8d87b3b29ec97018745d9c11ef73b8833	192	data/processed/deglitch_work/S1133c/ucla_runtime/UCLA_v4/errors.m
2d1bfd611786fd2e70f23d1d284c0237e408099b0a38ef32603e79afe9ed35d5	175	data/processed/deglitch_work/S1133c/ucla_runtime/UCLA_v4/fetch.mat
86901dd234de26e7fcfa8c76fbdf7f4b03e95913280393648e1346bacfb62d61	475	data/processed/deglitch_work/S1133c/ucla_runtime/UCLA_v4/findI1PG1P.m
26901d09a6160a982f3ebd408c8079bc6a6b0d595e308c6128c582edc019f459	2092	data/processed/deglitch_work/S1133c/ucla_runtime/UCLA_v4/findmaxs.m
169f5ee6fe580633b465bffdee1550af46101aef46a3093db08db5ca049440a7	1903	data/processed/deglitch_work/S1133c/ucla_runtime/UCLA_v4/func.m
c34983ca96989ae643e74d20c4bc99f5c4a95ce510ede0750867bec8a4652572	938	data/processed/deglitch_work/S1133c/ucla_runtime/UCLA_v4/funcConvGaussSpikeThree.m
0996a4b2d7d7437661faac556cec16ffa42ee2773dad91661b85ee9e9b259731	3218	data/processed/deglitch_work/S1133c/ucla_runtime/UCLA_v4/funcPeaker.m
0c899e161b58e547a0c7ad3c1974bb61188fa41b57cb0d3a3dd887b8f894e02d	659	data/processed/deglitch_work/S1133c/ucla_runtime/UCLA_v4/funcadjustTimes.m
3ee00247fdf49859f4f317f084f039e1f664362ec4a5cd9040798ded8e02da0e	155199	data/processed/deglitch_work/S1133c/ucla_runtime/UCLA_v4/green20sps.mat
5f8c70eb1a3c0f850f3f6f75c6a8cea42a6e70ce42b03f2593cd9d1d0ac8669e	15639	data/processed/deglitch_work/S1133c/ucla_runtime/UCLA_v4/green2sps.mat
a7d5f244fff6c2fb5d53760cc0f6c830b36e1dc4aa619745f52bd469f007a5d2	837	data/processed/deglitch_work/S1133c/ucla_runtime/UCLA_v4/greenfitExpCSpike20SPS.m
28cb00d8ea228efd8e4576e4ab34815069791916ee5ff45ea477d4543578238e	927	data/processed/deglitch_work/S1133c/ucla_runtime/UCLA_v4/greenfitSlope.m
b215fd424deede19266682be3aa44148527e088e902c4ba4a4974136b5dd42b2	154916	data/processed/deglitch_work/S1133c/ucla_runtime/UCLA_v4/greenspike.mat
97e8ec837cb54080c9c424c10c57189c5687062f9c8e62e831c10144d3dab917	447	data/processed/deglitch_work/S1133c/ucla_runtime/UCLA_v4/junk
fc419ab9ba26bc84eebff7c7ed621e3554c8384b7f8dbc07305d1dfa470b5673	3160148	data/processed/deglitch_work/S1133c/ucla_runtime/UCLA_v4/metadata/RESP.XB.ELYSE.02.BHU
df3f74ac2730027d03d28841e3bf591ac55919de29840e30f35a64984aff58fe	3246875	data/processed/deglitch_work/S1133c/ucla_runtime/UCLA_v4/metadata/RESP.XB.ELYSE.02.BHV
54e51ce083258ef3252bd5bc4499e50de1d3b80cacda113570ae7086cea48955	3158312	data/processed/deglitch_work/S1133c/ucla_runtime/UCLA_v4/metadata/RESP.XB.ELYSE.02.BHW
110f3de4e7d5f6e9467147f77383982e6446b36bb5a3f85ed6b4776be98d7f71	784592	data/processed/deglitch_work/S1133c/ucla_runtime/UCLA_v4/metadata/RESP.XB.ELYSE.02.MHU
6605374c270b77f2bd330bfc684ba0e4b593ff46f1149def3116152615ca843b	784592	data/processed/deglitch_work/S1133c/ucla_runtime/UCLA_v4/metadata/RESP.XB.ELYSE.02.MHV
a1832e0f3aac73fc23ab402c1d8761d01b05d3d1e0b907ff8dd1cebeb07338cf	784592	data/processed/deglitch_work/S1133c/ucla_runtime/UCLA_v4/metadata/RESP.XB.ELYSE.02.MHW
0a08dc49461f0d677667f525f54861a5dc27f1aa6919ac5413c7756a2f3f74f4	17048	data/processed/deglitch_work/S1133c/ucla_runtime/UCLA_v4/mkmseed.m
3d4167bcea896854ff3170bbfd2aff5df3e9ec497ad665512c4fd30a8ff867f3	744	data/processed/deglitch_work/S1133c/ucla_runtime/UCLA_v4/mylsq.m
b14eadd66699f5ab30c262b4adf1b692a7e73b20c7eff3997f56521f72e11c50	778	data/processed/deglitch_work/S1133c/ucla_runtime/UCLA_v4/plotresultsFinal.m
606adc66abc3cee5c3ff91122d0959a0150770d88111380f230bede24c5fe8e3	34676	data/processed/deglitch_work/S1133c/ucla_runtime/UCLA_v4/rdmseed.m
38593b70a5113fccf99c57174f67b6e9a6d9b730fa3efd1ec7c492f67f9568a0	2154	data/processed/deglitch_work/S1133c/ucla_runtime/UCLA_v4/read_resp_v2.m
7bdacba195f49d202ccbb337f712d221075032aec57af96dda00225cb6b08acd	472	data/processed/deglitch_work/S1133c/ucla_runtime/UCLA_v4/rephase.m
b0627fab5f9a446d6acc3338442d98de14152a99bb70bc324d506257a8daeada	1833	data/processed/deglitch_work/S1133c/ucla_runtime/UCLA_v4/stalta.m
978c1cb7440cae89163d4398793737be45a3e57a21c9100d63bdbaa63180912a	1642	data/processed/deglitch_work/S1133c/ucla_runtime/UCLA_v4/testSpikes.m
c2a412762ba1583f9fd7d1230ef005691129af7311ccf9b625e632843241e4a7	17	data/processed/deglitch_work/S1133c/ucla_runtime/UCLA_v4/wminus
084b67b078775bf08c15ed64018d0a91eaa95b9ab4da1e24183b8b2e59788af8	833	data/processed/deglitch_work/S1133c/ucla_runtime/UCLA_v4/y
d1d2a7e404fb8e91bafb759516217ecb3b9e9c10035d7dd48f36c713456b530d	190976	data/processed/deglitch_work/S1153a/S1153a.mseed
1d58bc5830bf715677e95ba332f8611ac1f8ada212459864542098980338e173	691200	data/processed/deglitch_work/S1153a/S1153a_deglitched.mseed
501a9b64bc5cc8910afc9a3650b1505325e6f9f897e37ea8bab637bc240bd9c3	1380864	data/processed/deglitch_work/S1153a/S1153a_glitches.mseed
1d58bc5830bf715677e95ba332f8611ac1f8ada212459864542098980338e173	691200	data/processed/deglitch_work/S1153a/S1153a_mps_before_ucla.mseed
cf45ba7f228d2b1c5e3e81f58f274d8937bc25e72661409d31ce70e835e73c16	7502	data/processed/deglitch_work/S1153a/glitches_S1153a.txt
b84a887390809c90fa8f9cde39ce6fd1d8aaae751359fb9a2ec1e2cdf0d2b1e4	2241	data/processed/deglitch_work/S1153a/seisglitch_config.yml
812a49dcca93168d48b33192d1d2058cea0185ffbdb15bd770a55cb828abda3f	120	data/processed/deglitch_work/S1153a/ucla_runtime/UCLA_v4/._MAIN.m
812a49dcca93168d48b33192d1d2058cea0185ffbdb15bd770a55cb828abda3f	120	data/processed/deglitch_work/S1153a/ucla_runtime/UCLA_v4/._MAIN20SPSJuly26.m
812a49dcca93168d48b33192d1d2058cea0185ffbdb15bd770a55cb828abda3f	120	data/processed/deglitch_work/S1153a/ucla_runtime/UCLA_v4/._MAIN2SPS.m
812a49dcca93168d48b33192d1d2058cea0185ffbdb15bd770a55cb828abda3f	120	data/processed/deglitch_work/S1153a/ucla_runtime/UCLA_v4/._PREP08.m
812a49dcca93168d48b33192d1d2058cea0185ffbdb15bd770a55cb828abda3f	120	data/processed/deglitch_work/S1153a/ucla_runtime/UCLA_v4/._PREPmkmseedNew.m
812a49dcca93168d48b33192d1d2058cea0185ffbdb15bd770a55cb828abda3f	120	data/processed/deglitch_work/S1153a/ucla_runtime/UCLA_v4/._TruncateXcov.m
812a49dcca93168d48b33192d1d2058cea0185ffbdb15bd770a55cb828abda3f	120	data/processed/deglitch_work/S1153a/ucla_runtime/UCLA_v4/._findmaxs.m
812a49dcca93168d48b33192d1d2058cea0185ffbdb15bd770a55cb828abda3f	120	data/processed/deglitch_work/S1153a/ucla_runtime/UCLA_v4/._func.m
812a49dcca93168d48b33192d1d2058cea0185ffbdb15bd770a55cb828abda3f	120	data/processed/deglitch_work/S1153a/ucla_runtime/UCLA_v4/._testSpikes.m
dc2899a90d04a1d1642827cca701af7a8bb95c17c794e0bbfff695cb50595405	184	data/processed/deglitch_work/S1153a/ucla_runtime/UCLA_v4/Conservative.mat
88a29a4c4bc1c6a43b8172890748d123e310141074f27be8e79beaa38b44c951	1028	data/processed/deglitch_work/S1153a/ucla_runtime/UCLA_v4/FindPrecursors.m
c28425c01be4ea7600a77944ed1b06b58151ab75d05a48c957567556ccf7eedf	2876	data/processed/deglitch_work/S1153a/ucla_runtime/UCLA_v4/MAIN.m
5b4be53f17dbf968abd360eb3bc7a203a4816a49a9d77f7b6101923000142236	5852	data/processed/deglitch_work/S1153a/ucla_runtime/UCLA_v4/MAIN20SPSJuly26.m
8ba27940cfcbca3ea091ff72218d8196f9c568727646206db74ee4a5a76d707c	2811	data/processed/deglitch_work/S1153a/ucla_runtime/UCLA_v4/MAIN20SPSReconcile.m
e4cc9c3ad46f8f153fc4bb4fc16ad6ada1770be3be69718f73e0cbd79d3eecfa	2542	data/processed/deglitch_work/S1153a/ucla_runtime/UCLA_v4/MAIN20SPSReconcileNew.m
dec95e6132a0452dfdfa088c130af5ef36ba42c3fcbba6b0429116372a7e8c66	2538	data/processed/deglitch_work/S1153a/ucla_runtime/UCLA_v4/MAIN20SPSReconcileNew.m~
f1d4808322e0eca5f14cda83e962ec115f1bee52d920af00530ccdc7fa4f1ab1	2821	data/processed/deglitch_work/S1153a/ucla_runtime/UCLA_v4/MAIN2SPS.m
157dd036a546ba62631ade4ebe8a2fa61179a55b51f34fdec2605ac736f147b4	1949	data/processed/deglitch_work/S1153a/ucla_runtime/UCLA_v4/MakeGlitch.m
52f5addeda49f642dba28b8ec840197c725b506f9ddaf67c644212fa89350d8e	181	data/processed/deglitch_work/S1153a/ucla_runtime/UCLA_v4/NLIMspike.mat
04d2cf0718e7f4d888f03538216e3ea09d47d9413c0cd14993ae7effb2388ab1	511	data/processed/deglitch_work/S1153a/ucla_runtime/UCLA_v4/NSpikeFloatGreenLine.m
34d81214d8851a20a2e2489cb4b7a39fb9988bd39f7ba5130dcc1926bcc92e1c	178	data/processed/deglitch_work/S1153a/ucla_runtime/UCLA_v4/Nlevel.mat
77dade4e3e4875f9937f762dc4948903fe7336ff62aed43b23ae8bc4eb746695	1261	data/processed/deglitch_work/S1153a/ucla_runtime/UCLA_v4/PFO_div2.txt
3cd93fb164e83a6e0af241535afbcde3fb1ac7c4fb1bdb69f527521b9d68a8de	2436	data/processed/deglitch_work/S1153a/ucla_runtime/UCLA_v4/PFO_div5.txt
4332dfc92a0a5f20043845ff47147a17d70f6eefb2e3a4efb06b2fd296f6a75f	1944	data/processed/deglitch_work/S1153a/ucla_runtime/UCLA_v4/PREP03.m
04251c9e9012937fd4a1cca54c3dd19c1683300fbd8912afc3e583f666108c88	2553	data/processed/deglitch_work/S1153a/ucla_runtime/UCLA_v4/PREP08.m
9b41e10e7f72de36df8c77193dc2f3bdbaf248d84568400d94bf127be15991d3	1864	data/processed/deglitch_work/S1153a/ucla_runtime/UCLA_v4/PREP39.m
b67b43101764998deeaddb3ff57f454ae0a37182b808b310ae2945988af2fd90	1068	data/processed/deglitch_work/S1153a/ucla_runtime/UCLA_v4/PREPmkmseed.m
8c76812821b0b125644abbe5e2ae83aae9e7d6fd1d909ed720845dbfb57195ff	1392	data/processed/deglitch_work/S1153a/ucla_runtime/UCLA_v4/PREPmkmseedNew.m
9921518f8e9d4cde172edec6e08f50206f1456f10d509e8044958a1e022d23b5	1223	data/processed/deglitch_work/S1153a/ucla_runtime/UCLA_v4/PlotFinalNew.m
e2e048539122c61b800a66533394a4ffa7ffad663bc77e4220feea1f3e3261fb	1280	data/processed/deglitch_work/S1153a/ucla_runtime/UCLA_v4/PlotFinalNew2SPS.m
2c3c2cbeef099247b3271e85cbb569f1d0387388c9af84c3247131497a701570	398	data/processed/deglitch_work/S1153a/ucla_runtime/UCLA_v4/QuickClean.m
a988a011241e2919fd0307c7b9ac92e00ab2e12519905daf2440b0a7dce520a0	486	data/processed/deglitch_work/S1153a/ucla_runtime/UCLA_v4/README.m
a12273552c871602813ad807cc0e44c5c9c15bf85ac40e6546fe9790afd44450	510464	data/processed/deglitch_work/S1153a/ucla_runtime/UCLA_v4/S0235b_VBB.mseed
3339b5a792b6ce451d3ca994af140261d41567be9ff572b5e1e84cc5339e7521	610	data/processed/deglitch_work/S1153a/ucla_runtime/UCLA_v4/SampleFraction.m
8f6098dcea352194b5c896a5d46fde54c68528fd1019503b9f1c4be573aa0e1f	378	data/processed/deglitch_work/S1153a/ucla_runtime/UCLA_v4/TruncateXcov.m
cc6f80160a6579c38b91b240fb969950edd2382ee49637c2795c053a29f67153	2102	data/processed/deglitch_work/S1153a/ucla_runtime/UCLA_v4/XseedDataFDS.m
90c6bf09db4bfbc9ad32b7a276cce83c74394c08b2085e7faa26e4966d122eb7	7730	data/processed/deglitch_work/S1153a/ucla_runtime/UCLA_v4/aaout3.mat
0f29b8f216d4dfafacfb62a980c1c802e0838fc00ef9913136fe7a7da96c5439	179	data/processed/deglitch_work/S1153a/ucla_runtime/UCLA_v4/cclim.mat
a4f5bddd025e8bff941ffafbc11866f0f95948ee3b36bfdb2fc368b31276a5a5	181	data/processed/deglitch_work/S1153a/ucla_runtime/UCLA_v4/cclim2.mat
7cc4f0dadc14c5da533e46532d4090954ea1f07f552792769191c29512798647	1018199	data/processed/deglitch_work/S1153a/ucla_runtime/UCLA_v4/dc.mat
4349134d158f2f9a130cda002003852f5a401989ff3360d77e28cccd07492d1c	226	data/processed/deglitch_work/S1153a/ucla_runtime/UCLA_v4/decimeFPGA.m
f2e4440a240c7409444b6faba95f46e4a866fe12880b3d39cbe9808af4601c63	299	data/processed/deglitch_work/S1153a/ucla_runtime/UCLA_v4/deriviti.m
d03256442fcd51b630446dccd82e15f8d87b3b29ec97018745d9c11ef73b8833	192	data/processed/deglitch_work/S1153a/ucla_runtime/UCLA_v4/errors.m
2d1bfd611786fd2e70f23d1d284c0237e408099b0a38ef32603e79afe9ed35d5	175	data/processed/deglitch_work/S1153a/ucla_runtime/UCLA_v4/fetch.mat
86901dd234de26e7fcfa8c76fbdf7f4b03e95913280393648e1346bacfb62d61	475	data/processed/deglitch_work/S1153a/ucla_runtime/UCLA_v4/findI1PG1P.m
26901d09a6160a982f3ebd408c8079bc6a6b0d595e308c6128c582edc019f459	2092	data/processed/deglitch_work/S1153a/ucla_runtime/UCLA_v4/findmaxs.m
169f5ee6fe580633b465bffdee1550af46101aef46a3093db08db5ca049440a7	1903	data/processed/deglitch_work/S1153a/ucla_runtime/UCLA_v4/func.m
c34983ca96989ae643e74d20c4bc99f5c4a95ce510ede0750867bec8a4652572	938	data/processed/deglitch_work/S1153a/ucla_runtime/UCLA_v4/funcConvGaussSpikeThree.m
0996a4b2d7d7437661faac556cec16ffa42ee2773dad91661b85ee9e9b259731	3218	data/processed/deglitch_work/S1153a/ucla_runtime/UCLA_v4/funcPeaker.m
0c899e161b58e547a0c7ad3c1974bb61188fa41b57cb0d3a3dd887b8f894e02d	659	data/processed/deglitch_work/S1153a/ucla_runtime/UCLA_v4/funcadjustTimes.m
3ee00247fdf49859f4f317f084f039e1f664362ec4a5cd9040798ded8e02da0e	155199	data/processed/deglitch_work/S1153a/ucla_runtime/UCLA_v4/green20sps.mat
5f8c70eb1a3c0f850f3f6f75c6a8cea42a6e70ce42b03f2593cd9d1d0ac8669e	15639	data/processed/deglitch_work/S1153a/ucla_runtime/UCLA_v4/green2sps.mat
a7d5f244fff6c2fb5d53760cc0f6c830b36e1dc4aa619745f52bd469f007a5d2	837	data/processed/deglitch_work/S1153a/ucla_runtime/UCLA_v4/greenfitExpCSpike20SPS.m
28cb00d8ea228efd8e4576e4ab34815069791916ee5ff45ea477d4543578238e	927	data/processed/deglitch_work/S1153a/ucla_runtime/UCLA_v4/greenfitSlope.m
b215fd424deede19266682be3aa44148527e088e902c4ba4a4974136b5dd42b2	154916	data/processed/deglitch_work/S1153a/ucla_runtime/UCLA_v4/greenspike.mat
97e8ec837cb54080c9c424c10c57189c5687062f9c8e62e831c10144d3dab917	447	data/processed/deglitch_work/S1153a/ucla_runtime/UCLA_v4/junk
fc419ab9ba26bc84eebff7c7ed621e3554c8384b7f8dbc07305d1dfa470b5673	3160148	data/processed/deglitch_work/S1153a/ucla_runtime/UCLA_v4/metadata/RESP.XB.ELYSE.02.BHU
df3f74ac2730027d03d28841e3bf591ac55919de29840e30f35a64984aff58fe	3246875	data/processed/deglitch_work/S1153a/ucla_runtime/UCLA_v4/metadata/RESP.XB.ELYSE.02.BHV
54e51ce083258ef3252bd5bc4499e50de1d3b80cacda113570ae7086cea48955	3158312	data/processed/deglitch_work/S1153a/ucla_runtime/UCLA_v4/metadata/RESP.XB.ELYSE.02.BHW
110f3de4e7d5f6e9467147f77383982e6446b36bb5a3f85ed6b4776be98d7f71	784592	data/processed/deglitch_work/S1153a/ucla_runtime/UCLA_v4/metadata/RESP.XB.ELYSE.02.MHU
6605374c270b77f2bd330bfc684ba0e4b593ff46f1149def3116152615ca843b	784592	data/processed/deglitch_work/S1153a/ucla_runtime/UCLA_v4/metadata/RESP.XB.ELYSE.02.MHV
a1832e0f3aac73fc23ab402c1d8761d01b05d3d1e0b907ff8dd1cebeb07338cf	784592	data/processed/deglitch_work/S1153a/ucla_runtime/UCLA_v4/metadata/RESP.XB.ELYSE.02.MHW
0a08dc49461f0d677667f525f54861a5dc27f1aa6919ac5413c7756a2f3f74f4	17048	data/processed/deglitch_work/S1153a/ucla_runtime/UCLA_v4/mkmseed.m
3d4167bcea896854ff3170bbfd2aff5df3e9ec497ad665512c4fd30a8ff867f3	744	data/processed/deglitch_work/S1153a/ucla_runtime/UCLA_v4/mylsq.m
b14eadd66699f5ab30c262b4adf1b692a7e73b20c7eff3997f56521f72e11c50	778	data/processed/deglitch_work/S1153a/ucla_runtime/UCLA_v4/plotresultsFinal.m
606adc66abc3cee5c3ff91122d0959a0150770d88111380f230bede24c5fe8e3	34676	data/processed/deglitch_work/S1153a/ucla_runtime/UCLA_v4/rdmseed.m
38593b70a5113fccf99c57174f67b6e9a6d9b730fa3efd1ec7c492f67f9568a0	2154	data/processed/deglitch_work/S1153a/ucla_runtime/UCLA_v4/read_resp_v2.m
7bdacba195f49d202ccbb337f712d221075032aec57af96dda00225cb6b08acd	472	data/processed/deglitch_work/S1153a/ucla_runtime/UCLA_v4/rephase.m
b0627fab5f9a446d6acc3338442d98de14152a99bb70bc324d506257a8daeada	1833	data/processed/deglitch_work/S1153a/ucla_runtime/UCLA_v4/stalta.m
978c1cb7440cae89163d4398793737be45a3e57a21c9100d63bdbaa63180912a	1642	data/processed/deglitch_work/S1153a/ucla_runtime/UCLA_v4/testSpikes.m
c2a412762ba1583f9fd7d1230ef005691129af7311ccf9b625e632843241e4a7	17	data/processed/deglitch_work/S1153a/ucla_runtime/UCLA_v4/wminus
084b67b078775bf08c15ed64018d0a91eaa95b9ab4da1e24183b8b2e59788af8	833	data/processed/deglitch_work/S1153a/ucla_runtime/UCLA_v4/y
4d73b79500b8682ab9bda4a0835b06d957c4a3be516cdb2c88637ea0e91b70c9	265728	data/processed/deglitch_work/S1157a/S1157a.mseed
84a41e0b63fbd26ee4c13c80a81f0b232f405746dbc5b2a89010ea584f6dbe7f	691200	data/processed/deglitch_work/S1157a/S1157a_deglitched.mseed
ed912974c2f4a5755a4463d04e612a854105b6162100f6ac520897dfd64a55af	1380864	data/processed/deglitch_work/S1157a/S1157a_glitches.mseed
84a41e0b63fbd26ee4c13c80a81f0b232f405746dbc5b2a89010ea584f6dbe7f	691200	data/processed/deglitch_work/S1157a/S1157a_mps_before_ucla.mseed
998c38d45b730c02c03ad2bd48b932ecbe85eacf2fc2eca894bb093ecc5d61ea	7807	data/processed/deglitch_work/S1157a/glitches_S1157a.txt
18406fbefb4eb29dab87de53670cc53383f3e1a4e1c71a8537ac5e86e006ae21	2241	data/processed/deglitch_work/S1157a/seisglitch_config.yml
812a49dcca93168d48b33192d1d2058cea0185ffbdb15bd770a55cb828abda3f	120	data/processed/deglitch_work/S1157a/ucla_runtime/UCLA_v4/._MAIN.m
812a49dcca93168d48b33192d1d2058cea0185ffbdb15bd770a55cb828abda3f	120	data/processed/deglitch_work/S1157a/ucla_runtime/UCLA_v4/._MAIN20SPSJuly26.m
812a49dcca93168d48b33192d1d2058cea0185ffbdb15bd770a55cb828abda3f	120	data/processed/deglitch_work/S1157a/ucla_runtime/UCLA_v4/._MAIN2SPS.m
812a49dcca93168d48b33192d1d2058cea0185ffbdb15bd770a55cb828abda3f	120	data/processed/deglitch_work/S1157a/ucla_runtime/UCLA_v4/._PREP08.m
812a49dcca93168d48b33192d1d2058cea0185ffbdb15bd770a55cb828abda3f	120	data/processed/deglitch_work/S1157a/ucla_runtime/UCLA_v4/._PREPmkmseedNew.m
812a49dcca93168d48b33192d1d2058cea0185ffbdb15bd770a55cb828abda3f	120	data/processed/deglitch_work/S1157a/ucla_runtime/UCLA_v4/._TruncateXcov.m
812a49dcca93168d48b33192d1d2058cea0185ffbdb15bd770a55cb828abda3f	120	data/processed/deglitch_work/S1157a/ucla_runtime/UCLA_v4/._findmaxs.m
812a49dcca93168d48b33192d1d2058cea0185ffbdb15bd770a55cb828abda3f	120	data/processed/deglitch_work/S1157a/ucla_runtime/UCLA_v4/._func.m
812a49dcca93168d48b33192d1d2058cea0185ffbdb15bd770a55cb828abda3f	120	data/processed/deglitch_work/S1157a/ucla_runtime/UCLA_v4/._testSpikes.m
dc2899a90d04a1d1642827cca701af7a8bb95c17c794e0bbfff695cb50595405	184	data/processed/deglitch_work/S1157a/ucla_runtime/UCLA_v4/Conservative.mat
88a29a4c4bc1c6a43b8172890748d123e310141074f27be8e79beaa38b44c951	1028	data/processed/deglitch_work/S1157a/ucla_runtime/UCLA_v4/FindPrecursors.m
c28425c01be4ea7600a77944ed1b06b58151ab75d05a48c957567556ccf7eedf	2876	data/processed/deglitch_work/S1157a/ucla_runtime/UCLA_v4/MAIN.m
5b4be53f17dbf968abd360eb3bc7a203a4816a49a9d77f7b6101923000142236	5852	data/processed/deglitch_work/S1157a/ucla_runtime/UCLA_v4/MAIN20SPSJuly26.m
8ba27940cfcbca3ea091ff72218d8196f9c568727646206db74ee4a5a76d707c	2811	data/processed/deglitch_work/S1157a/ucla_runtime/UCLA_v4/MAIN20SPSReconcile.m
e4cc9c3ad46f8f153fc4bb4fc16ad6ada1770be3be69718f73e0cbd79d3eecfa	2542	data/processed/deglitch_work/S1157a/ucla_runtime/UCLA_v4/MAIN20SPSReconcileNew.m
dec95e6132a0452dfdfa088c130af5ef36ba42c3fcbba6b0429116372a7e8c66	2538	data/processed/deglitch_work/S1157a/ucla_runtime/UCLA_v4/MAIN20SPSReconcileNew.m~
f1d4808322e0eca5f14cda83e962ec115f1bee52d920af00530ccdc7fa4f1ab1	2821	data/processed/deglitch_work/S1157a/ucla_runtime/UCLA_v4/MAIN2SPS.m
157dd036a546ba62631ade4ebe8a2fa61179a55b51f34fdec2605ac736f147b4	1949	data/processed/deglitch_work/S1157a/ucla_runtime/UCLA_v4/MakeGlitch.m
52f5addeda49f642dba28b8ec840197c725b506f9ddaf67c644212fa89350d8e	181	data/processed/deglitch_work/S1157a/ucla_runtime/UCLA_v4/NLIMspike.mat
04d2cf0718e7f4d888f03538216e3ea09d47d9413c0cd14993ae7effb2388ab1	511	data/processed/deglitch_work/S1157a/ucla_runtime/UCLA_v4/NSpikeFloatGreenLine.m
34d81214d8851a20a2e2489cb4b7a39fb9988bd39f7ba5130dcc1926bcc92e1c	178	data/processed/deglitch_work/S1157a/ucla_runtime/UCLA_v4/Nlevel.mat
77dade4e3e4875f9937f762dc4948903fe7336ff62aed43b23ae8bc4eb746695	1261	data/processed/deglitch_work/S1157a/ucla_runtime/UCLA_v4/PFO_div2.txt
3cd93fb164e83a6e0af241535afbcde3fb1ac7c4fb1bdb69f527521b9d68a8de	2436	data/processed/deglitch_work/S1157a/ucla_runtime/UCLA_v4/PFO_div5.txt
4332dfc92a0a5f20043845ff47147a17d70f6eefb2e3a4efb06b2fd296f6a75f	1944	data/processed/deglitch_work/S1157a/ucla_runtime/UCLA_v4/PREP03.m
04251c9e9012937fd4a1cca54c3dd19c1683300fbd8912afc3e583f666108c88	2553	data/processed/deglitch_work/S1157a/ucla_runtime/UCLA_v4/PREP08.m
9b41e10e7f72de36df8c77193dc2f3bdbaf248d84568400d94bf127be15991d3	1864	data/processed/deglitch_work/S1157a/ucla_runtime/UCLA_v4/PREP39.m
b67b43101764998deeaddb3ff57f454ae0a37182b808b310ae2945988af2fd90	1068	data/processed/deglitch_work/S1157a/ucla_runtime/UCLA_v4/PREPmkmseed.m
8c76812821b0b125644abbe5e2ae83aae9e7d6fd1d909ed720845dbfb57195ff	1392	data/processed/deglitch_work/S1157a/ucla_runtime/UCLA_v4/PREPmkmseedNew.m
9921518f8e9d4cde172edec6e08f50206f1456f10d509e8044958a1e022d23b5	1223	data/processed/deglitch_work/S1157a/ucla_runtime/UCLA_v4/PlotFinalNew.m
e2e048539122c61b800a66533394a4ffa7ffad663bc77e4220feea1f3e3261fb	1280	data/processed/deglitch_work/S1157a/ucla_runtime/UCLA_v4/PlotFinalNew2SPS.m
2c3c2cbeef099247b3271e85cbb569f1d0387388c9af84c3247131497a701570	398	data/processed/deglitch_work/S1157a/ucla_runtime/UCLA_v4/QuickClean.m
a988a011241e2919fd0307c7b9ac92e00ab2e12519905daf2440b0a7dce520a0	486	data/processed/deglitch_work/S1157a/ucla_runtime/UCLA_v4/README.m
a12273552c871602813ad807cc0e44c5c9c15bf85ac40e6546fe9790afd44450	510464	data/processed/deglitch_work/S1157a/ucla_runtime/UCLA_v4/S0235b_VBB.mseed
3339b5a792b6ce451d3ca994af140261d41567be9ff572b5e1e84cc5339e7521	610	data/processed/deglitch_work/S1157a/ucla_runtime/UCLA_v4/SampleFraction.m
8f6098dcea352194b5c896a5d46fde54c68528fd1019503b9f1c4be573aa0e1f	378	data/processed/deglitch_work/S1157a/ucla_runtime/UCLA_v4/TruncateXcov.m
cc6f80160a6579c38b91b240fb969950edd2382ee49637c2795c053a29f67153	2102	data/processed/deglitch_work/S1157a/ucla_runtime/UCLA_v4/XseedDataFDS.m
90c6bf09db4bfbc9ad32b7a276cce83c74394c08b2085e7faa26e4966d122eb7	7730	data/processed/deglitch_work/S1157a/ucla_runtime/UCLA_v4/aaout3.mat
0f29b8f216d4dfafacfb62a980c1c802e0838fc00ef9913136fe7a7da96c5439	179	data/processed/deglitch_work/S1157a/ucla_runtime/UCLA_v4/cclim.mat
a4f5bddd025e8bff941ffafbc11866f0f95948ee3b36bfdb2fc368b31276a5a5	181	data/processed/deglitch_work/S1157a/ucla_runtime/UCLA_v4/cclim2.mat
7cc4f0dadc14c5da533e46532d4090954ea1f07f552792769191c29512798647	1018199	data/processed/deglitch_work/S1157a/ucla_runtime/UCLA_v4/dc.mat
4349134d158f2f9a130cda002003852f5a401989ff3360d77e28cccd07492d1c	226	data/processed/deglitch_work/S1157a/ucla_runtime/UCLA_v4/decimeFPGA.m
f2e4440a240c7409444b6faba95f46e4a866fe12880b3d39cbe9808af4601c63	299	data/processed/deglitch_work/S1157a/ucla_runtime/UCLA_v4/deriviti.m
d03256442fcd51b630446dccd82e15f8d87b3b29ec97018745d9c11ef73b8833	192	data/processed/deglitch_work/S1157a/ucla_runtime/UCLA_v4/errors.m
2d1bfd611786fd2e70f23d1d284c0237e408099b0a38ef32603e79afe9ed35d5	175	data/processed/deglitch_work/S1157a/ucla_runtime/UCLA_v4/fetch.mat
86901dd234de26e7fcfa8c76fbdf7f4b03e95913280393648e1346bacfb62d61	475	data/processed/deglitch_work/S1157a/ucla_runtime/UCLA_v4/findI1PG1P.m
26901d09a6160a982f3ebd408c8079bc6a6b0d595e308c6128c582edc019f459	2092	data/processed/deglitch_work/S1157a/ucla_runtime/UCLA_v4/findmaxs.m
169f5ee6fe580633b465bffdee1550af46101aef46a3093db08db5ca049440a7	1903	data/processed/deglitch_work/S1157a/ucla_runtime/UCLA_v4/func.m
c34983ca96989ae643e74d20c4bc99f5c4a95ce510ede0750867bec8a4652572	938	data/processed/deglitch_work/S1157a/ucla_runtime/UCLA_v4/funcConvGaussSpikeThree.m
0996a4b2d7d7437661faac556cec16ffa42ee2773dad91661b85ee9e9b259731	3218	data/processed/deglitch_work/S1157a/ucla_runtime/UCLA_v4/funcPeaker.m
0c899e161b58e547a0c7ad3c1974bb61188fa41b57cb0d3a3dd887b8f894e02d	659	data/processed/deglitch_work/S1157a/ucla_runtime/UCLA_v4/funcadjustTimes.m
3ee00247fdf49859f4f317f084f039e1f664362ec4a5cd9040798ded8e02da0e	155199	data/processed/deglitch_work/S1157a/ucla_runtime/UCLA_v4/green20sps.mat
5f8c70eb1a3c0f850f3f6f75c6a8cea42a6e70ce42b03f2593cd9d1d0ac8669e	15639	data/processed/deglitch_work/S1157a/ucla_runtime/UCLA_v4/green2sps.mat
a7d5f244fff6c2fb5d53760cc0f6c830b36e1dc4aa619745f52bd469f007a5d2	837	data/processed/deglitch_work/S1157a/ucla_runtime/UCLA_v4/greenfitExpCSpike20SPS.m
28cb00d8ea228efd8e4576e4ab34815069791916ee5ff45ea477d4543578238e	927	data/processed/deglitch_work/S1157a/ucla_runtime/UCLA_v4/greenfitSlope.m
b215fd424deede19266682be3aa44148527e088e902c4ba4a4974136b5dd42b2	154916	data/processed/deglitch_work/S1157a/ucla_runtime/UCLA_v4/greenspike.mat
97e8ec837cb54080c9c424c10c57189c5687062f9c8e62e831c10144d3dab917	447	data/processed/deglitch_work/S1157a/ucla_runtime/UCLA_v4/junk
fc419ab9ba26bc84eebff7c7ed621e3554c8384b7f8dbc07305d1dfa470b5673	3160148	data/processed/deglitch_work/S1157a/ucla_runtime/UCLA_v4/metadata/RESP.XB.ELYSE.02.BHU
df3f74ac2730027d03d28841e3bf591ac55919de29840e30f35a64984aff58fe	3246875	data/processed/deglitch_work/S1157a/ucla_runtime/UCLA_v4/metadata/RESP.XB.ELYSE.02.BHV
54e51ce083258ef3252bd5bc4499e50de1d3b80cacda113570ae7086cea48955	3158312	data/processed/deglitch_work/S1157a/ucla_runtime/UCLA_v4/metadata/RESP.XB.ELYSE.02.BHW
110f3de4e7d5f6e9467147f77383982e6446b36bb5a3f85ed6b4776be98d7f71	784592	data/processed/deglitch_work/S1157a/ucla_runtime/UCLA_v4/metadata/RESP.XB.ELYSE.02.MHU
6605374c270b77f2bd330bfc684ba0e4b593ff46f1149def3116152615ca843b	784592	data/processed/deglitch_work/S1157a/ucla_runtime/UCLA_v4/metadata/RESP.XB.ELYSE.02.MHV
a1832e0f3aac73fc23ab402c1d8761d01b05d3d1e0b907ff8dd1cebeb07338cf	784592	data/processed/deglitch_work/S1157a/ucla_runtime/UCLA_v4/metadata/RESP.XB.ELYSE.02.MHW
0a08dc49461f0d677667f525f54861a5dc27f1aa6919ac5413c7756a2f3f74f4	17048	data/processed/deglitch_work/S1157a/ucla_runtime/UCLA_v4/mkmseed.m
3d4167bcea896854ff3170bbfd2aff5df3e9ec497ad665512c4fd30a8ff867f3	744	data/processed/deglitch_work/S1157a/ucla_runtime/UCLA_v4/mylsq.m
b14eadd66699f5ab30c262b4adf1b692a7e73b20c7eff3997f56521f72e11c50	778	data/processed/deglitch_work/S1157a/ucla_runtime/UCLA_v4/plotresultsFinal.m
606adc66abc3cee5c3ff91122d0959a0150770d88111380f230bede24c5fe8e3	34676	data/processed/deglitch_work/S1157a/ucla_runtime/UCLA_v4/rdmseed.m
38593b70a5113fccf99c57174f67b6e9a6d9b730fa3efd1ec7c492f67f9568a0	2154	data/processed/deglitch_work/S1157a/ucla_runtime/UCLA_v4/read_resp_v2.m
7bdacba195f49d202ccbb337f712d221075032aec57af96dda00225cb6b08acd	472	data/processed/deglitch_work/S1157a/ucla_runtime/UCLA_v4/rephase.m
b0627fab5f9a446d6acc3338442d98de14152a99bb70bc324d506257a8daeada	1833	data/processed/deglitch_work/S1157a/ucla_runtime/UCLA_v4/stalta.m
978c1cb7440cae89163d4398793737be45a3e57a21c9100d63bdbaa63180912a	1642	data/processed/deglitch_work/S1157a/ucla_runtime/UCLA_v4/testSpikes.m
c2a412762ba1583f9fd7d1230ef005691129af7311ccf9b625e632843241e4a7	17	data/processed/deglitch_work/S1157a/ucla_runtime/UCLA_v4/wminus
084b67b078775bf08c15ed64018d0a91eaa95b9ab4da1e24183b8b2e59788af8	833	data/processed/deglitch_work/S1157a/ucla_runtime/UCLA_v4/y
b544f3d99c5d71e5272841a8586393f3e70ae2732668324382d26f622c58fea7	241664	data/processed/deglitch_work/S1197a/S1197a.mseed
b544f3d99c5d71e5272841a8586393f3e70ae2732668324382d26f622c58fea7	241664	data/processed/deglitch_work/S1197a/S1197a_mps_before_ucla.mseed
daa2c1c4e1671c334ae0f429828e21f20fc17e93ce163bc98862507695807a0e	6282	data/processed/deglitch_work/S1197a/glitches_S1197a.txt
1e5fbb2658d8baf77dfaebfee2f07bb45b4af6a380dd105e89c5d0f3fc9bde6e	2241	data/processed/deglitch_work/S1197a/seisglitch_config.yml
812a49dcca93168d48b33192d1d2058cea0185ffbdb15bd770a55cb828abda3f	120	data/processed/deglitch_work/S1197a/ucla_runtime/UCLA_v4/._MAIN.m
812a49dcca93168d48b33192d1d2058cea0185ffbdb15bd770a55cb828abda3f	120	data/processed/deglitch_work/S1197a/ucla_runtime/UCLA_v4/._MAIN20SPSJuly26.m
812a49dcca93168d48b33192d1d2058cea0185ffbdb15bd770a55cb828abda3f	120	data/processed/deglitch_work/S1197a/ucla_runtime/UCLA_v4/._MAIN2SPS.m
812a49dcca93168d48b33192d1d2058cea0185ffbdb15bd770a55cb828abda3f	120	data/processed/deglitch_work/S1197a/ucla_runtime/UCLA_v4/._PREP08.m
812a49dcca93168d48b33192d1d2058cea0185ffbdb15bd770a55cb828abda3f	120	data/processed/deglitch_work/S1197a/ucla_runtime/UCLA_v4/._PREPmkmseedNew.m
812a49dcca93168d48b33192d1d2058cea0185ffbdb15bd770a55cb828abda3f	120	data/processed/deglitch_work/S1197a/ucla_runtime/UCLA_v4/._TruncateXcov.m
812a49dcca93168d48b33192d1d2058cea0185ffbdb15bd770a55cb828abda3f	120	data/processed/deglitch_work/S1197a/ucla_runtime/UCLA_v4/._findmaxs.m
812a49dcca93168d48b33192d1d2058cea0185ffbdb15bd770a55cb828abda3f	120	data/processed/deglitch_work/S1197a/ucla_runtime/UCLA_v4/._func.m
812a49dcca93168d48b33192d1d2058cea0185ffbdb15bd770a55cb828abda3f	120	data/processed/deglitch_work/S1197a/ucla_runtime/UCLA_v4/._testSpikes.m
dc2899a90d04a1d1642827cca701af7a8bb95c17c794e0bbfff695cb50595405	184	data/processed/deglitch_work/S1197a/ucla_runtime/UCLA_v4/Conservative.mat
88a29a4c4bc1c6a43b8172890748d123e310141074f27be8e79beaa38b44c951	1028	data/processed/deglitch_work/S1197a/ucla_runtime/UCLA_v4/FindPrecursors.m
c28425c01be4ea7600a77944ed1b06b58151ab75d05a48c957567556ccf7eedf	2876	data/processed/deglitch_work/S1197a/ucla_runtime/UCLA_v4/MAIN.m
5b4be53f17dbf968abd360eb3bc7a203a4816a49a9d77f7b6101923000142236	5852	data/processed/deglitch_work/S1197a/ucla_runtime/UCLA_v4/MAIN20SPSJuly26.m
8ba27940cfcbca3ea091ff72218d8196f9c568727646206db74ee4a5a76d707c	2811	data/processed/deglitch_work/S1197a/ucla_runtime/UCLA_v4/MAIN20SPSReconcile.m
e4cc9c3ad46f8f153fc4bb4fc16ad6ada1770be3be69718f73e0cbd79d3eecfa	2542	data/processed/deglitch_work/S1197a/ucla_runtime/UCLA_v4/MAIN20SPSReconcileNew.m
dec95e6132a0452dfdfa088c130af5ef36ba42c3fcbba6b0429116372a7e8c66	2538	data/processed/deglitch_work/S1197a/ucla_runtime/UCLA_v4/MAIN20SPSReconcileNew.m~
f1d4808322e0eca5f14cda83e962ec115f1bee52d920af00530ccdc7fa4f1ab1	2821	data/processed/deglitch_work/S1197a/ucla_runtime/UCLA_v4/MAIN2SPS.m
157dd036a546ba62631ade4ebe8a2fa61179a55b51f34fdec2605ac736f147b4	1949	data/processed/deglitch_work/S1197a/ucla_runtime/UCLA_v4/MakeGlitch.m
52f5addeda49f642dba28b8ec840197c725b506f9ddaf67c644212fa89350d8e	181	data/processed/deglitch_work/S1197a/ucla_runtime/UCLA_v4/NLIMspike.mat
04d2cf0718e7f4d888f03538216e3ea09d47d9413c0cd14993ae7effb2388ab1	511	data/processed/deglitch_work/S1197a/ucla_runtime/UCLA_v4/NSpikeFloatGreenLine.m
34d81214d8851a20a2e2489cb4b7a39fb9988bd39f7ba5130dcc1926bcc92e1c	178	data/processed/deglitch_work/S1197a/ucla_runtime/UCLA_v4/Nlevel.mat
77dade4e3e4875f9937f762dc4948903fe7336ff62aed43b23ae8bc4eb746695	1261	data/processed/deglitch_work/S1197a/ucla_runtime/UCLA_v4/PFO_div2.txt
3cd93fb164e83a6e0af241535afbcde3fb1ac7c4fb1bdb69f527521b9d68a8de	2436	data/processed/deglitch_work/S1197a/ucla_runtime/UCLA_v4/PFO_div5.txt
4332dfc92a0a5f20043845ff47147a17d70f6eefb2e3a4efb06b2fd296f6a75f	1944	data/processed/deglitch_work/S1197a/ucla_runtime/UCLA_v4/PREP03.m
04251c9e9012937fd4a1cca54c3dd19c1683300fbd8912afc3e583f666108c88	2553	data/processed/deglitch_work/S1197a/ucla_runtime/UCLA_v4/PREP08.m
9b41e10e7f72de36df8c77193dc2f3bdbaf248d84568400d94bf127be15991d3	1864	data/processed/deglitch_work/S1197a/ucla_runtime/UCLA_v4/PREP39.m
b67b43101764998deeaddb3ff57f454ae0a37182b808b310ae2945988af2fd90	1068	data/processed/deglitch_work/S1197a/ucla_runtime/UCLA_v4/PREPmkmseed.m
8c76812821b0b125644abbe5e2ae83aae9e7d6fd1d909ed720845dbfb57195ff	1392	data/processed/deglitch_work/S1197a/ucla_runtime/UCLA_v4/PREPmkmseedNew.m
9921518f8e9d4cde172edec6e08f50206f1456f10d509e8044958a1e022d23b5	1223	data/processed/deglitch_work/S1197a/ucla_runtime/UCLA_v4/PlotFinalNew.m
e2e048539122c61b800a66533394a4ffa7ffad663bc77e4220feea1f3e3261fb	1280	data/processed/deglitch_work/S1197a/ucla_runtime/UCLA_v4/PlotFinalNew2SPS.m
2c3c2cbeef099247b3271e85cbb569f1d0387388c9af84c3247131497a701570	398	data/processed/deglitch_work/S1197a/ucla_runtime/UCLA_v4/QuickClean.m
a988a011241e2919fd0307c7b9ac92e00ab2e12519905daf2440b0a7dce520a0	486	data/processed/deglitch_work/S1197a/ucla_runtime/UCLA_v4/README.m
a12273552c871602813ad807cc0e44c5c9c15bf85ac40e6546fe9790afd44450	510464	data/processed/deglitch_work/S1197a/ucla_runtime/UCLA_v4/S0235b_VBB.mseed
3339b5a792b6ce451d3ca994af140261d41567be9ff572b5e1e84cc5339e7521	610	data/processed/deglitch_work/S1197a/ucla_runtime/UCLA_v4/SampleFraction.m
8f6098dcea352194b5c896a5d46fde54c68528fd1019503b9f1c4be573aa0e1f	378	data/processed/deglitch_work/S1197a/ucla_runtime/UCLA_v4/TruncateXcov.m
cc6f80160a6579c38b91b240fb969950edd2382ee49637c2795c053a29f67153	2102	data/processed/deglitch_work/S1197a/ucla_runtime/UCLA_v4/XseedDataFDS.m
90c6bf09db4bfbc9ad32b7a276cce83c74394c08b2085e7faa26e4966d122eb7	7730	data/processed/deglitch_work/S1197a/ucla_runtime/UCLA_v4/aaout3.mat
0f29b8f216d4dfafacfb62a980c1c802e0838fc00ef9913136fe7a7da96c5439	179	data/processed/deglitch_work/S1197a/ucla_runtime/UCLA_v4/cclim.mat
a4f5bddd025e8bff941ffafbc11866f0f95948ee3b36bfdb2fc368b31276a5a5	181	data/processed/deglitch_work/S1197a/ucla_runtime/UCLA_v4/cclim2.mat
7cc4f0dadc14c5da533e46532d4090954ea1f07f552792769191c29512798647	1018199	data/processed/deglitch_work/S1197a/ucla_runtime/UCLA_v4/dc.mat
4349134d158f2f9a130cda002003852f5a401989ff3360d77e28cccd07492d1c	226	data/processed/deglitch_work/S1197a/ucla_runtime/UCLA_v4/decimeFPGA.m
f2e4440a240c7409444b6faba95f46e4a866fe12880b3d39cbe9808af4601c63	299	data/processed/deglitch_work/S1197a/ucla_runtime/UCLA_v4/deriviti.m
d03256442fcd51b630446dccd82e15f8d87b3b29ec97018745d9c11ef73b8833	192	data/processed/deglitch_work/S1197a/ucla_runtime/UCLA_v4/errors.m
2d1bfd611786fd2e70f23d1d284c0237e408099b0a38ef32603e79afe9ed35d5	175	data/processed/deglitch_work/S1197a/ucla_runtime/UCLA_v4/fetch.mat
86901dd234de26e7fcfa8c76fbdf7f4b03e95913280393648e1346bacfb62d61	475	data/processed/deglitch_work/S1197a/ucla_runtime/UCLA_v4/findI1PG1P.m
26901d09a6160a982f3ebd408c8079bc6a6b0d595e308c6128c582edc019f459	2092	data/processed/deglitch_work/S1197a/ucla_runtime/UCLA_v4/findmaxs.m
169f5ee6fe580633b465bffdee1550af46101aef46a3093db08db5ca049440a7	1903	data/processed/deglitch_work/S1197a/ucla_runtime/UCLA_v4/func.m
c34983ca96989ae643e74d20c4bc99f5c4a95ce510ede0750867bec8a4652572	938	data/processed/deglitch_work/S1197a/ucla_runtime/UCLA_v4/funcConvGaussSpikeThree.m
0996a4b2d7d7437661faac556cec16ffa42ee2773dad91661b85ee9e9b259731	3218	data/processed/deglitch_work/S1197a/ucla_runtime/UCLA_v4/funcPeaker.m
0c899e161b58e547a0c7ad3c1974bb61188fa41b57cb0d3a3dd887b8f894e02d	659	data/processed/deglitch_work/S1197a/ucla_runtime/UCLA_v4/funcadjustTimes.m
3ee00247fdf49859f4f317f084f039e1f664362ec4a5cd9040798ded8e02da0e	155199	data/processed/deglitch_work/S1197a/ucla_runtime/UCLA_v4/green20sps.mat
5f8c70eb1a3c0f850f3f6f75c6a8cea42a6e70ce42b03f2593cd9d1d0ac8669e	15639	data/processed/deglitch_work/S1197a/ucla_runtime/UCLA_v4/green2sps.mat
a7d5f244fff6c2fb5d53760cc0f6c830b36e1dc4aa619745f52bd469f007a5d2	837	data/processed/deglitch_work/S1197a/ucla_runtime/UCLA_v4/greenfitExpCSpike20SPS.m
28cb00d8ea228efd8e4576e4ab34815069791916ee5ff45ea477d4543578238e	927	data/processed/deglitch_work/S1197a/ucla_runtime/UCLA_v4/greenfitSlope.m
b215fd424deede19266682be3aa44148527e088e902c4ba4a4974136b5dd42b2	154916	data/processed/deglitch_work/S1197a/ucla_runtime/UCLA_v4/greenspike.mat
97e8ec837cb54080c9c424c10c57189c5687062f9c8e62e831c10144d3dab917	447	data/processed/deglitch_work/S1197a/ucla_runtime/UCLA_v4/junk
fc419ab9ba26bc84eebff7c7ed621e3554c8384b7f8dbc07305d1dfa470b5673	3160148	data/processed/deglitch_work/S1197a/ucla_runtime/UCLA_v4/metadata/RESP.XB.ELYSE.02.BHU
df3f74ac2730027d03d28841e3bf591ac55919de29840e30f35a64984aff58fe	3246875	data/processed/deglitch_work/S1197a/ucla_runtime/UCLA_v4/metadata/RESP.XB.ELYSE.02.BHV
54e51ce083258ef3252bd5bc4499e50de1d3b80cacda113570ae7086cea48955	3158312	data/processed/deglitch_work/S1197a/ucla_runtime/UCLA_v4/metadata/RESP.XB.ELYSE.02.BHW
110f3de4e7d5f6e9467147f77383982e6446b36bb5a3f85ed6b4776be98d7f71	784592	data/processed/deglitch_work/S1197a/ucla_runtime/UCLA_v4/metadata/RESP.XB.ELYSE.02.MHU
6605374c270b77f2bd330bfc684ba0e4b593ff46f1149def3116152615ca843b	784592	data/processed/deglitch_work/S1197a/ucla_runtime/UCLA_v4/metadata/RESP.XB.ELYSE.02.MHV
a1832e0f3aac73fc23ab402c1d8761d01b05d3d1e0b907ff8dd1cebeb07338cf	784592	data/processed/deglitch_work/S1197a/ucla_runtime/UCLA_v4/metadata/RESP.XB.ELYSE.02.MHW
0a08dc49461f0d677667f525f54861a5dc27f1aa6919ac5413c7756a2f3f74f4	17048	data/processed/deglitch_work/S1197a/ucla_runtime/UCLA_v4/mkmseed.m
3d4167bcea896854ff3170bbfd2aff5df3e9ec497ad665512c4fd30a8ff867f3	744	data/processed/deglitch_work/S1197a/ucla_runtime/UCLA_v4/mylsq.m
b14eadd66699f5ab30c262b4adf1b692a7e73b20c7eff3997f56521f72e11c50	778	data/processed/deglitch_work/S1197a/ucla_runtime/UCLA_v4/plotresultsFinal.m
606adc66abc3cee5c3ff91122d0959a0150770d88111380f230bede24c5fe8e3	34676	data/processed/deglitch_work/S1197a/ucla_runtime/UCLA_v4/rdmseed.m
38593b70a5113fccf99c57174f67b6e9a6d9b730fa3efd1ec7c492f67f9568a0	2154	data/processed/deglitch_work/S1197a/ucla_runtime/UCLA_v4/read_resp_v2.m
7bdacba195f49d202ccbb337f712d221075032aec57af96dda00225cb6b08acd	472	data/processed/deglitch_work/S1197a/ucla_runtime/UCLA_v4/rephase.m
b0627fab5f9a446d6acc3338442d98de14152a99bb70bc324d506257a8daeada	1833	data/processed/deglitch_work/S1197a/ucla_runtime/UCLA_v4/stalta.m
978c1cb7440cae89163d4398793737be45a3e57a21c9100d63bdbaa63180912a	1642	data/processed/deglitch_work/S1197a/ucla_runtime/UCLA_v4/testSpikes.m
c2a412762ba1583f9fd7d1230ef005691129af7311ccf9b625e632843241e4a7	17	data/processed/deglitch_work/S1197a/ucla_runtime/UCLA_v4/wminus
084b67b078775bf08c15ed64018d0a91eaa95b9ab4da1e24183b8b2e59788af8	833	data/processed/deglitch_work/S1197a/ucla_runtime/UCLA_v4/y
5344fda5261c0a588565f9328ea53c6e38b6fdc24fbcb9f8e0ad70f9365f2dc5	521728	data/processed/deglitch_work/S1222a/S1222a.mseed
5344fda5261c0a588565f9328ea53c6e38b6fdc24fbcb9f8e0ad70f9365f2dc5	521728	data/processed/deglitch_work/S1222a/S1222a_mps_before_ucla.mseed
51ae93a844d3c6113770561c7261f308984ccf875acbc82d05b8f3f8f2f59b4e	6282	data/processed/deglitch_work/S1222a/glitches_S1222a.txt
2c93a3030e6297a08993325fdb89cdd46032e071efe16555943ed0d284f79e0b	2241	data/processed/deglitch_work/S1222a/seisglitch_config.yml
812a49dcca93168d48b33192d1d2058cea0185ffbdb15bd770a55cb828abda3f	120	data/processed/deglitch_work/S1222a/ucla_runtime/UCLA_v4/._MAIN.m
812a49dcca93168d48b33192d1d2058cea0185ffbdb15bd770a55cb828abda3f	120	data/processed/deglitch_work/S1222a/ucla_runtime/UCLA_v4/._MAIN20SPSJuly26.m
812a49dcca93168d48b33192d1d2058cea0185ffbdb15bd770a55cb828abda3f	120	data/processed/deglitch_work/S1222a/ucla_runtime/UCLA_v4/._MAIN2SPS.m
812a49dcca93168d48b33192d1d2058cea0185ffbdb15bd770a55cb828abda3f	120	data/processed/deglitch_work/S1222a/ucla_runtime/UCLA_v4/._PREP08.m
812a49dcca93168d48b33192d1d2058cea0185ffbdb15bd770a55cb828abda3f	120	data/processed/deglitch_work/S1222a/ucla_runtime/UCLA_v4/._PREPmkmseedNew.m
812a49dcca93168d48b33192d1d2058cea0185ffbdb15bd770a55cb828abda3f	120	data/processed/deglitch_work/S1222a/ucla_runtime/UCLA_v4/._TruncateXcov.m
812a49dcca93168d48b33192d1d2058cea0185ffbdb15bd770a55cb828abda3f	120	data/processed/deglitch_work/S1222a/ucla_runtime/UCLA_v4/._findmaxs.m
812a49dcca93168d48b33192d1d2058cea0185ffbdb15bd770a55cb828abda3f	120	data/processed/deglitch_work/S1222a/ucla_runtime/UCLA_v4/._func.m
812a49dcca93168d48b33192d1d2058cea0185ffbdb15bd770a55cb828abda3f	120	data/processed/deglitch_work/S1222a/ucla_runtime/UCLA_v4/._testSpikes.m
dc2899a90d04a1d1642827cca701af7a8bb95c17c794e0bbfff695cb50595405	184	data/processed/deglitch_work/S1222a/ucla_runtime/UCLA_v4/Conservative.mat
88a29a4c4bc1c6a43b8172890748d123e310141074f27be8e79beaa38b44c951	1028	data/processed/deglitch_work/S1222a/ucla_runtime/UCLA_v4/FindPrecursors.m
c28425c01be4ea7600a77944ed1b06b58151ab75d05a48c957567556ccf7eedf	2876	data/processed/deglitch_work/S1222a/ucla_runtime/UCLA_v4/MAIN.m
5b4be53f17dbf968abd360eb3bc7a203a4816a49a9d77f7b6101923000142236	5852	data/processed/deglitch_work/S1222a/ucla_runtime/UCLA_v4/MAIN20SPSJuly26.m
8ba27940cfcbca3ea091ff72218d8196f9c568727646206db74ee4a5a76d707c	2811	data/processed/deglitch_work/S1222a/ucla_runtime/UCLA_v4/MAIN20SPSReconcile.m
e4cc9c3ad46f8f153fc4bb4fc16ad6ada1770be3be69718f73e0cbd79d3eecfa	2542	data/processed/deglitch_work/S1222a/ucla_runtime/UCLA_v4/MAIN20SPSReconcileNew.m
dec95e6132a0452dfdfa088c130af5ef36ba42c3fcbba6b0429116372a7e8c66	2538	data/processed/deglitch_work/S1222a/ucla_runtime/UCLA_v4/MAIN20SPSReconcileNew.m~
f1d4808322e0eca5f14cda83e962ec115f1bee52d920af00530ccdc7fa4f1ab1	2821	data/processed/deglitch_work/S1222a/ucla_runtime/UCLA_v4/MAIN2SPS.m
157dd036a546ba62631ade4ebe8a2fa61179a55b51f34fdec2605ac736f147b4	1949	data/processed/deglitch_work/S1222a/ucla_runtime/UCLA_v4/MakeGlitch.m
52f5addeda49f642dba28b8ec840197c725b506f9ddaf67c644212fa89350d8e	181	data/processed/deglitch_work/S1222a/ucla_runtime/UCLA_v4/NLIMspike.mat
04d2cf0718e7f4d888f03538216e3ea09d47d9413c0cd14993ae7effb2388ab1	511	data/processed/deglitch_work/S1222a/ucla_runtime/UCLA_v4/NSpikeFloatGreenLine.m
34d81214d8851a20a2e2489cb4b7a39fb9988bd39f7ba5130dcc1926bcc92e1c	178	data/processed/deglitch_work/S1222a/ucla_runtime/UCLA_v4/Nlevel.mat
77dade4e3e4875f9937f762dc4948903fe7336ff62aed43b23ae8bc4eb746695	1261	data/processed/deglitch_work/S1222a/ucla_runtime/UCLA_v4/PFO_div2.txt
3cd93fb164e83a6e0af241535afbcde3fb1ac7c4fb1bdb69f527521b9d68a8de	2436	data/processed/deglitch_work/S1222a/ucla_runtime/UCLA_v4/PFO_div5.txt
4332dfc92a0a5f20043845ff47147a17d70f6eefb2e3a4efb06b2fd296f6a75f	1944	data/processed/deglitch_work/S1222a/ucla_runtime/UCLA_v4/PREP03.m
04251c9e9012937fd4a1cca54c3dd19c1683300fbd8912afc3e583f666108c88	2553	data/processed/deglitch_work/S1222a/ucla_runtime/UCLA_v4/PREP08.m
9b41e10e7f72de36df8c77193dc2f3bdbaf248d84568400d94bf127be15991d3	1864	data/processed/deglitch_work/S1222a/ucla_runtime/UCLA_v4/PREP39.m
b67b43101764998deeaddb3ff57f454ae0a37182b808b310ae2945988af2fd90	1068	data/processed/deglitch_work/S1222a/ucla_runtime/UCLA_v4/PREPmkmseed.m
8c76812821b0b125644abbe5e2ae83aae9e7d6fd1d909ed720845dbfb57195ff	1392	data/processed/deglitch_work/S1222a/ucla_runtime/UCLA_v4/PREPmkmseedNew.m
9921518f8e9d4cde172edec6e08f50206f1456f10d509e8044958a1e022d23b5	1223	data/processed/deglitch_work/S1222a/ucla_runtime/UCLA_v4/PlotFinalNew.m
e2e048539122c61b800a66533394a4ffa7ffad663bc77e4220feea1f3e3261fb	1280	data/processed/deglitch_work/S1222a/ucla_runtime/UCLA_v4/PlotFinalNew2SPS.m
2c3c2cbeef099247b3271e85cbb569f1d0387388c9af84c3247131497a701570	398	data/processed/deglitch_work/S1222a/ucla_runtime/UCLA_v4/QuickClean.m
a988a011241e2919fd0307c7b9ac92e00ab2e12519905daf2440b0a7dce520a0	486	data/processed/deglitch_work/S1222a/ucla_runtime/UCLA_v4/README.m
a12273552c871602813ad807cc0e44c5c9c15bf85ac40e6546fe9790afd44450	510464	data/processed/deglitch_work/S1222a/ucla_runtime/UCLA_v4/S0235b_VBB.mseed
3339b5a792b6ce451d3ca994af140261d41567be9ff572b5e1e84cc5339e7521	610	data/processed/deglitch_work/S1222a/ucla_runtime/UCLA_v4/SampleFraction.m
8f6098dcea352194b5c896a5d46fde54c68528fd1019503b9f1c4be573aa0e1f	378	data/processed/deglitch_work/S1222a/ucla_runtime/UCLA_v4/TruncateXcov.m
cc6f80160a6579c38b91b240fb969950edd2382ee49637c2795c053a29f67153	2102	data/processed/deglitch_work/S1222a/ucla_runtime/UCLA_v4/XseedDataFDS.m
90c6bf09db4bfbc9ad32b7a276cce83c74394c08b2085e7faa26e4966d122eb7	7730	data/processed/deglitch_work/S1222a/ucla_runtime/UCLA_v4/aaout3.mat
0f29b8f216d4dfafacfb62a980c1c802e0838fc00ef9913136fe7a7da96c5439	179	data/processed/deglitch_work/S1222a/ucla_runtime/UCLA_v4/cclim.mat
a4f5bddd025e8bff941ffafbc11866f0f95948ee3b36bfdb2fc368b31276a5a5	181	data/processed/deglitch_work/S1222a/ucla_runtime/UCLA_v4/cclim2.mat
7cc4f0dadc14c5da533e46532d4090954ea1f07f552792769191c29512798647	1018199	data/processed/deglitch_work/S1222a/ucla_runtime/UCLA_v4/dc.mat
4349134d158f2f9a130cda002003852f5a401989ff3360d77e28cccd07492d1c	226	data/processed/deglitch_work/S1222a/ucla_runtime/UCLA_v4/decimeFPGA.m
f2e4440a240c7409444b6faba95f46e4a866fe12880b3d39cbe9808af4601c63	299	data/processed/deglitch_work/S1222a/ucla_runtime/UCLA_v4/deriviti.m
d03256442fcd51b630446dccd82e15f8d87b3b29ec97018745d9c11ef73b8833	192	data/processed/deglitch_work/S1222a/ucla_runtime/UCLA_v4/errors.m
2d1bfd611786fd2e70f23d1d284c0237e408099b0a38ef32603e79afe9ed35d5	175	data/processed/deglitch_work/S1222a/ucla_runtime/UCLA_v4/fetch.mat
86901dd234de26e7fcfa8c76fbdf7f4b03e95913280393648e1346bacfb62d61	475	data/processed/deglitch_work/S1222a/ucla_runtime/UCLA_v4/findI1PG1P.m
26901d09a6160a982f3ebd408c8079bc6a6b0d595e308c6128c582edc019f459	2092	data/processed/deglitch_work/S1222a/ucla_runtime/UCLA_v4/findmaxs.m
169f5ee6fe580633b465bffdee1550af46101aef46a3093db08db5ca049440a7	1903	data/processed/deglitch_work/S1222a/ucla_runtime/UCLA_v4/func.m
c34983ca96989ae643e74d20c4bc99f5c4a95ce510ede0750867bec8a4652572	938	data/processed/deglitch_work/S1222a/ucla_runtime/UCLA_v4/funcConvGaussSpikeThree.m
0996a4b2d7d7437661faac556cec16ffa42ee2773dad91661b85ee9e9b259731	3218	data/processed/deglitch_work/S1222a/ucla_runtime/UCLA_v4/funcPeaker.m
0c899e161b58e547a0c7ad3c1974bb61188fa41b57cb0d3a3dd887b8f894e02d	659	data/processed/deglitch_work/S1222a/ucla_runtime/UCLA_v4/funcadjustTimes.m
3ee00247fdf49859f4f317f084f039e1f664362ec4a5cd9040798ded8e02da0e	155199	data/processed/deglitch_work/S1222a/ucla_runtime/UCLA_v4/green20sps.mat
5f8c70eb1a3c0f850f3f6f75c6a8cea42a6e70ce42b03f2593cd9d1d0ac8669e	15639	data/processed/deglitch_work/S1222a/ucla_runtime/UCLA_v4/green2sps.mat
a7d5f244fff6c2fb5d53760cc0f6c830b36e1dc4aa619745f52bd469f007a5d2	837	data/processed/deglitch_work/S1222a/ucla_runtime/UCLA_v4/greenfitExpCSpike20SPS.m
28cb00d8ea228efd8e4576e4ab34815069791916ee5ff45ea477d4543578238e	927	data/processed/deglitch_work/S1222a/ucla_runtime/UCLA_v4/greenfitSlope.m
b215fd424deede19266682be3aa44148527e088e902c4ba4a4974136b5dd42b2	154916	data/processed/deglitch_work/S1222a/ucla_runtime/UCLA_v4/greenspike.mat
97e8ec837cb54080c9c424c10c57189c5687062f9c8e62e831c10144d3dab917	447	data/processed/deglitch_work/S1222a/ucla_runtime/UCLA_v4/junk
fc419ab9ba26bc84eebff7c7ed621e3554c8384b7f8dbc07305d1dfa470b5673	3160148	data/processed/deglitch_work/S1222a/ucla_runtime/UCLA_v4/metadata/RESP.XB.ELYSE.02.BHU
df3f74ac2730027d03d28841e3bf591ac55919de29840e30f35a64984aff58fe	3246875	data/processed/deglitch_work/S1222a/ucla_runtime/UCLA_v4/metadata/RESP.XB.ELYSE.02.BHV
54e51ce083258ef3252bd5bc4499e50de1d3b80cacda113570ae7086cea48955	3158312	data/processed/deglitch_work/S1222a/ucla_runtime/UCLA_v4/metadata/RESP.XB.ELYSE.02.BHW
110f3de4e7d5f6e9467147f77383982e6446b36bb5a3f85ed6b4776be98d7f71	784592	data/processed/deglitch_work/S1222a/ucla_runtime/UCLA_v4/metadata/RESP.XB.ELYSE.02.MHU
6605374c270b77f2bd330bfc684ba0e4b593ff46f1149def3116152615ca843b	784592	data/processed/deglitch_work/S1222a/ucla_runtime/UCLA_v4/metadata/RESP.XB.ELYSE.02.MHV
a1832e0f3aac73fc23ab402c1d8761d01b05d3d1e0b907ff8dd1cebeb07338cf	784592	data/processed/deglitch_work/S1222a/ucla_runtime/UCLA_v4/metadata/RESP.XB.ELYSE.02.MHW
0a08dc49461f0d677667f525f54861a5dc27f1aa6919ac5413c7756a2f3f74f4	17048	data/processed/deglitch_work/S1222a/ucla_runtime/UCLA_v4/mkmseed.m
3d4167bcea896854ff3170bbfd2aff5df3e9ec497ad665512c4fd30a8ff867f3	744	data/processed/deglitch_work/S1222a/ucla_runtime/UCLA_v4/mylsq.m
b14eadd66699f5ab30c262b4adf1b692a7e73b20c7eff3997f56521f72e11c50	778	data/processed/deglitch_work/S1222a/ucla_runtime/UCLA_v4/plotresultsFinal.m
606adc66abc3cee5c3ff91122d0959a0150770d88111380f230bede24c5fe8e3	34676	data/processed/deglitch_work/S1222a/ucla_runtime/UCLA_v4/rdmseed.m
38593b70a5113fccf99c57174f67b6e9a6d9b730fa3efd1ec7c492f67f9568a0	2154	data/processed/deglitch_work/S1222a/ucla_runtime/UCLA_v4/read_resp_v2.m
7bdacba195f49d202ccbb337f712d221075032aec57af96dda00225cb6b08acd	472	data/processed/deglitch_work/S1222a/ucla_runtime/UCLA_v4/rephase.m
b0627fab5f9a446d6acc3338442d98de14152a99bb70bc324d506257a8daeada	1833	data/processed/deglitch_work/S1222a/ucla_runtime/UCLA_v4/stalta.m
978c1cb7440cae89163d4398793737be45a3e57a21c9100d63bdbaa63180912a	1642	data/processed/deglitch_work/S1222a/ucla_runtime/UCLA_v4/testSpikes.m
c2a412762ba1583f9fd7d1230ef005691129af7311ccf9b625e632843241e4a7	17	data/processed/deglitch_work/S1222a/ucla_runtime/UCLA_v4/wminus
084b67b078775bf08c15ed64018d0a91eaa95b9ab4da1e24183b8b2e59788af8	833	data/processed/deglitch_work/S1222a/ucla_runtime/UCLA_v4/y
a3cf6692bc188b25ee52eaa2f7068970d1d3396b9002cf7f949f86bfc64625dc	204288	data/processed/deglitch_work/S1415a/S1415a.mseed
f94e06d9925ad1a7f6bd6e041870af3e894834dd02f17b0c2424f1974c21ca0a	691200	data/processed/deglitch_work/S1415a/S1415a_deglitched.mseed
76447db43e325d56721825adcd2d0fc5a129a11f74e8e887278378a8360b0c72	1380864	data/processed/deglitch_work/S1415a/S1415a_glitches.mseed
f94e06d9925ad1a7f6bd6e041870af3e894834dd02f17b0c2424f1974c21ca0a	691200	data/processed/deglitch_work/S1415a/S1415a_mps_before_ucla.mseed
d522f8e2078a9a2280fa7f96fc3580f218871dc044542bc3788f02946b9e3aac	6892	data/processed/deglitch_work/S1415a/glitches_S1415a.txt
0c9d353e23696b30ae864c20bbd2f9264c7997d39437b3e17f58a2022127e07e	2241	data/processed/deglitch_work/S1415a/seisglitch_config.yml
812a49dcca93168d48b33192d1d2058cea0185ffbdb15bd770a55cb828abda3f	120	data/processed/deglitch_work/S1415a/ucla_runtime/UCLA_v4/._MAIN.m
812a49dcca93168d48b33192d1d2058cea0185ffbdb15bd770a55cb828abda3f	120	data/processed/deglitch_work/S1415a/ucla_runtime/UCLA_v4/._MAIN20SPSJuly26.m
812a49dcca93168d48b33192d1d2058cea0185ffbdb15bd770a55cb828abda3f	120	data/processed/deglitch_work/S1415a/ucla_runtime/UCLA_v4/._MAIN2SPS.m
812a49dcca93168d48b33192d1d2058cea0185ffbdb15bd770a55cb828abda3f	120	data/processed/deglitch_work/S1415a/ucla_runtime/UCLA_v4/._PREP08.m
812a49dcca93168d48b33192d1d2058cea0185ffbdb15bd770a55cb828abda3f	120	data/processed/deglitch_work/S1415a/ucla_runtime/UCLA_v4/._PREPmkmseedNew.m
812a49dcca93168d48b33192d1d2058cea0185ffbdb15bd770a55cb828abda3f	120	data/processed/deglitch_work/S1415a/ucla_runtime/UCLA_v4/._TruncateXcov.m
812a49dcca93168d48b33192d1d2058cea0185ffbdb15bd770a55cb828abda3f	120	data/processed/deglitch_work/S1415a/ucla_runtime/UCLA_v4/._findmaxs.m
812a49dcca93168d48b33192d1d2058cea0185ffbdb15bd770a55cb828abda3f	120	data/processed/deglitch_work/S1415a/ucla_runtime/UCLA_v4/._func.m
812a49dcca93168d48b33192d1d2058cea0185ffbdb15bd770a55cb828abda3f	120	data/processed/deglitch_work/S1415a/ucla_runtime/UCLA_v4/._testSpikes.m
dc2899a90d04a1d1642827cca701af7a8bb95c17c794e0bbfff695cb50595405	184	data/processed/deglitch_work/S1415a/ucla_runtime/UCLA_v4/Conservative.mat
88a29a4c4bc1c6a43b8172890748d123e310141074f27be8e79beaa38b44c951	1028	data/processed/deglitch_work/S1415a/ucla_runtime/UCLA_v4/FindPrecursors.m
c28425c01be4ea7600a77944ed1b06b58151ab75d05a48c957567556ccf7eedf	2876	data/processed/deglitch_work/S1415a/ucla_runtime/UCLA_v4/MAIN.m
5b4be53f17dbf968abd360eb3bc7a203a4816a49a9d77f7b6101923000142236	5852	data/processed/deglitch_work/S1415a/ucla_runtime/UCLA_v4/MAIN20SPSJuly26.m
8ba27940cfcbca3ea091ff72218d8196f9c568727646206db74ee4a5a76d707c	2811	data/processed/deglitch_work/S1415a/ucla_runtime/UCLA_v4/MAIN20SPSReconcile.m
e4cc9c3ad46f8f153fc4bb4fc16ad6ada1770be3be69718f73e0cbd79d3eecfa	2542	data/processed/deglitch_work/S1415a/ucla_runtime/UCLA_v4/MAIN20SPSReconcileNew.m
dec95e6132a0452dfdfa088c130af5ef36ba42c3fcbba6b0429116372a7e8c66	2538	data/processed/deglitch_work/S1415a/ucla_runtime/UCLA_v4/MAIN20SPSReconcileNew.m~
f1d4808322e0eca5f14cda83e962ec115f1bee52d920af00530ccdc7fa4f1ab1	2821	data/processed/deglitch_work/S1415a/ucla_runtime/UCLA_v4/MAIN2SPS.m
157dd036a546ba62631ade4ebe8a2fa61179a55b51f34fdec2605ac736f147b4	1949	data/processed/deglitch_work/S1415a/ucla_runtime/UCLA_v4/MakeGlitch.m
52f5addeda49f642dba28b8ec840197c725b506f9ddaf67c644212fa89350d8e	181	data/processed/deglitch_work/S1415a/ucla_runtime/UCLA_v4/NLIMspike.mat
04d2cf0718e7f4d888f03538216e3ea09d47d9413c0cd14993ae7effb2388ab1	511	data/processed/deglitch_work/S1415a/ucla_runtime/UCLA_v4/NSpikeFloatGreenLine.m
34d81214d8851a20a2e2489cb4b7a39fb9988bd39f7ba5130dcc1926bcc92e1c	178	data/processed/deglitch_work/S1415a/ucla_runtime/UCLA_v4/Nlevel.mat
77dade4e3e4875f9937f762dc4948903fe7336ff62aed43b23ae8bc4eb746695	1261	data/processed/deglitch_work/S1415a/ucla_runtime/UCLA_v4/PFO_div2.txt
3cd93fb164e83a6e0af241535afbcde3fb1ac7c4fb1bdb69f527521b9d68a8de	2436	data/processed/deglitch_work/S1415a/ucla_runtime/UCLA_v4/PFO_div5.txt
4332dfc92a0a5f20043845ff47147a17d70f6eefb2e3a4efb06b2fd296f6a75f	1944	data/processed/deglitch_work/S1415a/ucla_runtime/UCLA_v4/PREP03.m
04251c9e9012937fd4a1cca54c3dd19c1683300fbd8912afc3e583f666108c88	2553	data/processed/deglitch_work/S1415a/ucla_runtime/UCLA_v4/PREP08.m
9b41e10e7f72de36df8c77193dc2f3bdbaf248d84568400d94bf127be15991d3	1864	data/processed/deglitch_work/S1415a/ucla_runtime/UCLA_v4/PREP39.m
b67b43101764998deeaddb3ff57f454ae0a37182b808b310ae2945988af2fd90	1068	data/processed/deglitch_work/S1415a/ucla_runtime/UCLA_v4/PREPmkmseed.m
8c76812821b0b125644abbe5e2ae83aae9e7d6fd1d909ed720845dbfb57195ff	1392	data/processed/deglitch_work/S1415a/ucla_runtime/UCLA_v4/PREPmkmseedNew.m
9921518f8e9d4cde172edec6e08f50206f1456f10d509e8044958a1e022d23b5	1223	data/processed/deglitch_work/S1415a/ucla_runtime/UCLA_v4/PlotFinalNew.m
e2e048539122c61b800a66533394a4ffa7ffad663bc77e4220feea1f3e3261fb	1280	data/processed/deglitch_work/S1415a/ucla_runtime/UCLA_v4/PlotFinalNew2SPS.m
2c3c2cbeef099247b3271e85cbb569f1d0387388c9af84c3247131497a701570	398	data/processed/deglitch_work/S1415a/ucla_runtime/UCLA_v4/QuickClean.m
a988a011241e2919fd0307c7b9ac92e00ab2e12519905daf2440b0a7dce520a0	486	data/processed/deglitch_work/S1415a/ucla_runtime/UCLA_v4/README.m
a12273552c871602813ad807cc0e44c5c9c15bf85ac40e6546fe9790afd44450	510464	data/processed/deglitch_work/S1415a/ucla_runtime/UCLA_v4/S0235b_VBB.mseed
3339b5a792b6ce451d3ca994af140261d41567be9ff572b5e1e84cc5339e7521	610	data/processed/deglitch_work/S1415a/ucla_runtime/UCLA_v4/SampleFraction.m
8f6098dcea352194b5c896a5d46fde54c68528fd1019503b9f1c4be573aa0e1f	378	data/processed/deglitch_work/S1415a/ucla_runtime/UCLA_v4/TruncateXcov.m
cc6f80160a6579c38b91b240fb969950edd2382ee49637c2795c053a29f67153	2102	data/processed/deglitch_work/S1415a/ucla_runtime/UCLA_v4/XseedDataFDS.m
90c6bf09db4bfbc9ad32b7a276cce83c74394c08b2085e7faa26e4966d122eb7	7730	data/processed/deglitch_work/S1415a/ucla_runtime/UCLA_v4/aaout3.mat
0f29b8f216d4dfafacfb62a980c1c802e0838fc00ef9913136fe7a7da96c5439	179	data/processed/deglitch_work/S1415a/ucla_runtime/UCLA_v4/cclim.mat
a4f5bddd025e8bff941ffafbc11866f0f95948ee3b36bfdb2fc368b31276a5a5	181	data/processed/deglitch_work/S1415a/ucla_runtime/UCLA_v4/cclim2.mat
7cc4f0dadc14c5da533e46532d4090954ea1f07f552792769191c29512798647	1018199	data/processed/deglitch_work/S1415a/ucla_runtime/UCLA_v4/dc.mat
4349134d158f2f9a130cda002003852f5a401989ff3360d77e28cccd07492d1c	226	data/processed/deglitch_work/S1415a/ucla_runtime/UCLA_v4/decimeFPGA.m
f2e4440a240c7409444b6faba95f46e4a866fe12880b3d39cbe9808af4601c63	299	data/processed/deglitch_work/S1415a/ucla_runtime/UCLA_v4/deriviti.m
d03256442fcd51b630446dccd82e15f8d87b3b29ec97018745d9c11ef73b8833	192	data/processed/deglitch_work/S1415a/ucla_runtime/UCLA_v4/errors.m
2d1bfd611786fd2e70f23d1d284c0237e408099b0a38ef32603e79afe9ed35d5	175	data/processed/deglitch_work/S1415a/ucla_runtime/UCLA_v4/fetch.mat
86901dd234de26e7fcfa8c76fbdf7f4b03e95913280393648e1346bacfb62d61	475	data/processed/deglitch_work/S1415a/ucla_runtime/UCLA_v4/findI1PG1P.m
26901d09a6160a982f3ebd408c8079bc6a6b0d595e308c6128c582edc019f459	2092	data/processed/deglitch_work/S1415a/ucla_runtime/UCLA_v4/findmaxs.m
169f5ee6fe580633b465bffdee1550af46101aef46a3093db08db5ca049440a7	1903	data/processed/deglitch_work/S1415a/ucla_runtime/UCLA_v4/func.m
c34983ca96989ae643e74d20c4bc99f5c4a95ce510ede0750867bec8a4652572	938	data/processed/deglitch_work/S1415a/ucla_runtime/UCLA_v4/funcConvGaussSpikeThree.m
0996a4b2d7d7437661faac556cec16ffa42ee2773dad91661b85ee9e9b259731	3218	data/processed/deglitch_work/S1415a/ucla_runtime/UCLA_v4/funcPeaker.m
0c899e161b58e547a0c7ad3c1974bb61188fa41b57cb0d3a3dd887b8f894e02d	659	data/processed/deglitch_work/S1415a/ucla_runtime/UCLA_v4/funcadjustTimes.m
3ee00247fdf49859f4f317f084f039e1f664362ec4a5cd9040798ded8e02da0e	155199	data/processed/deglitch_work/S1415a/ucla_runtime/UCLA_v4/green20sps.mat
5f8c70eb1a3c0f850f3f6f75c6a8cea42a6e70ce42b03f2593cd9d1d0ac8669e	15639	data/processed/deglitch_work/S1415a/ucla_runtime/UCLA_v4/green2sps.mat
a7d5f244fff6c2fb5d53760cc0f6c830b36e1dc4aa619745f52bd469f007a5d2	837	data/processed/deglitch_work/S1415a/ucla_runtime/UCLA_v4/greenfitExpCSpike20SPS.m
28cb00d8ea228efd8e4576e4ab34815069791916ee5ff45ea477d4543578238e	927	data/processed/deglitch_work/S1415a/ucla_runtime/UCLA_v4/greenfitSlope.m
b215fd424deede19266682be3aa44148527e088e902c4ba4a4974136b5dd42b2	154916	data/processed/deglitch_work/S1415a/ucla_runtime/UCLA_v4/greenspike.mat
97e8ec837cb54080c9c424c10c57189c5687062f9c8e62e831c10144d3dab917	447	data/processed/deglitch_work/S1415a/ucla_runtime/UCLA_v4/junk
fc419ab9ba26bc84eebff7c7ed621e3554c8384b7f8dbc07305d1dfa470b5673	3160148	data/processed/deglitch_work/S1415a/ucla_runtime/UCLA_v4/metadata/RESP.XB.ELYSE.02.BHU
df3f74ac2730027d03d28841e3bf591ac55919de29840e30f35a64984aff58fe	3246875	data/processed/deglitch_work/S1415a/ucla_runtime/UCLA_v4/metadata/RESP.XB.ELYSE.02.BHV
54e51ce083258ef3252bd5bc4499e50de1d3b80cacda113570ae7086cea48955	3158312	data/processed/deglitch_work/S1415a/ucla_runtime/UCLA_v4/metadata/RESP.XB.ELYSE.02.BHW
110f3de4e7d5f6e9467147f77383982e6446b36bb5a3f85ed6b4776be98d7f71	784592	data/processed/deglitch_work/S1415a/ucla_runtime/UCLA_v4/metadata/RESP.XB.ELYSE.02.MHU
6605374c270b77f2bd330bfc684ba0e4b593ff46f1149def3116152615ca843b	784592	data/processed/deglitch_work/S1415a/ucla_runtime/UCLA_v4/metadata/RESP.XB.ELYSE.02.MHV
a1832e0f3aac73fc23ab402c1d8761d01b05d3d1e0b907ff8dd1cebeb07338cf	784592	data/processed/deglitch_work/S1415a/ucla_runtime/UCLA_v4/metadata/RESP.XB.ELYSE.02.MHW
0a08dc49461f0d677667f525f54861a5dc27f1aa6919ac5413c7756a2f3f74f4	17048	data/processed/deglitch_work/S1415a/ucla_runtime/UCLA_v4/mkmseed.m
3d4167bcea896854ff3170bbfd2aff5df3e9ec497ad665512c4fd30a8ff867f3	744	data/processed/deglitch_work/S1415a/ucla_runtime/UCLA_v4/mylsq.m
b14eadd66699f5ab30c262b4adf1b692a7e73b20c7eff3997f56521f72e11c50	778	data/processed/deglitch_work/S1415a/ucla_runtime/UCLA_v4/plotresultsFinal.m
606adc66abc3cee5c3ff91122d0959a0150770d88111380f230bede24c5fe8e3	34676	data/processed/deglitch_work/S1415a/ucla_runtime/UCLA_v4/rdmseed.m
38593b70a5113fccf99c57174f67b6e9a6d9b730fa3efd1ec7c492f67f9568a0	2154	data/processed/deglitch_work/S1415a/ucla_runtime/UCLA_v4/read_resp_v2.m
7bdacba195f49d202ccbb337f712d221075032aec57af96dda00225cb6b08acd	472	data/processed/deglitch_work/S1415a/ucla_runtime/UCLA_v4/rephase.m
b0627fab5f9a446d6acc3338442d98de14152a99bb70bc324d506257a8daeada	1833	data/processed/deglitch_work/S1415a/ucla_runtime/UCLA_v4/stalta.m
978c1cb7440cae89163d4398793737be45a3e57a21c9100d63bdbaa63180912a	1642	data/processed/deglitch_work/S1415a/ucla_runtime/UCLA_v4/testSpikes.m
c2a412762ba1583f9fd7d1230ef005691129af7311ccf9b625e632843241e4a7	17	data/processed/deglitch_work/S1415a/ucla_runtime/UCLA_v4/wminus
084b67b078775bf08c15ed64018d0a91eaa95b9ab4da1e24183b8b2e59788af8	833	data/processed/deglitch_work/S1415a/ucla_runtime/UCLA_v4/y
76c9a14693bec543920f99f4fc1b8066c7ef326668070b33825a7d7cbea2e1c0	291927	results/validation/figures/S0173a_preprocessing_gallery.png
2bc9737eaa4c894c2701f1d13e802300c2c1ce7aa2bb7944f73afcc82c37d1a7	199249	results/validation/figures/S0235b_preprocessing_gallery.png
f0d9316198686fb8c92a17ec1405e5e4819b96504073cd290fa58ab51ae8c287	353954	results/validation/figures/S1222a_preprocessing_gallery.png
c8be6afe0ef99a89ef96fdd48ac8eef8944e3117a4d2802e80ff2f740d4970fa	988699	results/validation/figures/alignment_ablation_waveform_C.png
af096819ea6832f541c8afd507e26dbe959403cb3a96f7cb0c49490e8d7d5beb	933754	results/validation/figures/alignment_paperfaith_envelope_C.png
7f93b3892389a08a4036ef5ec99ca367630434ad47b4c8f0ebb65f5e6ae8eb5e	863226	results/validation/figures/alignment_paperfaith_waveform_C.png
64a28c2d21f5a6f323390ec4404aa915559e7220312203de154fb648c70f8ba8	121005	results/validation/figures/benchmark_vespagram_validation.png
8afd8d08da8b741bb31b028574e2553025a0127ea868b955cc2e49511d4f7286	67992	results/validation/figures/bootstrap_pkikp_diagnostic.png
5b312b7235f8498dc9b139eb7db8c0b1d1df3ab7673017b52bcfc2cfaf475e3a	69087	results/validation/figures/bootstrap_pkkp_diagnostic.png
10592e43014283a4296218406cc7fb4afa42f7c3dd4c6577be2f0ab8f5eacaf4	84434	results/validation/figures/model_profile_validation.png
f5b699a445189907de173b32845e099173a96e2efa43bf44bdad4a3ec0a75c25	8236	results/validation/paper0_run_manifest.json
96601507449c5a61e007ec8403302a30bf466996780dab4cda4f1e7a8704bda7	6303	results/validation/tables/event_inventory.csv
ed8f71ed10204b0c00a61156330474fe420271952ad2202c56ab8367a498b5f0	39098	results/validation/validation_summary.json
f402d4c504fbc4030b272439527bdafc9eace891d9b3ffb82a5335af0c05a32a	2373	results/validation/validation_summary.md
