8a0d563a6ff4605d89591b59230747bbd4284b7b91f665526dc1090aa69b6610	9948	data/deglitched/S0105a.deglitch.json
0f64683f5b14c1c01e27944a28d8499e9e1c03113a46b2e91a1d28652232b249	1253376	data/deglitched/S0105a.mseed
bb5316c4002a312045cecb2a37980b8032ba0f1af960ce3d90aadde9814d7a8e	8448	data/deglitched/S0173a.deglitch.json
efc0b4706a23041c3470a4ea40f55b2d4bc20346de4b760507435e5c5c855a2b	1253376	data/deglitched/S0173a.mseed
d4db552fc16c62e77c99c2e948624fca2dab39c01da864ce536b03a1698ed585	9252	data/deglitched/S0189a.deglitch.json
691c214df0ab779fe0014da854bf8ba0cc4459f6152f3134783b1db63cbfbe67	1253376	data/deglitched/S0189a.mseed
e1cf3f8dc7eefdb0ef51b064c40d09e3b3fb4adb5abb98c803543695f83914d1	8374	data/deglitched/S0235b.deglitch.json
e9fe30fb25701c6ce9bd8b94824f94549063bbcc358ac0167e858c1dfc72d4db	1253376	data/deglitched/S0235b.mseed
45a63f76f0eeed545da4493316ac2a5feb83a4eda3baed5c178bd803cbedab76	8772	data/deglitched/S0290b.deglitch.json
78e1637690a7d3dccd55fc708bf752ab4dd8d49fa3a872a9fbfad017fb05f966	1253376	data/deglitched/S0290b.mseed
a68e3f0cf091e7c8b512401ea659b8a98abda7c5a2ac08c4e26016132bac5c5f	8561	data/deglitched/S0325a.deglitch.json
09e1670b358b2c7d5e5ef9ebbce8a8f261a81f0ab2a2b206b01fbf0e00488003	1253376	data/deglitched/S0325a.mseed
49eb4b199603fdf0f194f40e31102e29bc0a88877a16e29a7cd3bb99c40ea6ea	8296	data/deglitched/S0474a.deglitch.json
92fb4ad572b90aeb4dc4700bdb0368a78baa21228ada78842541b40e77bcd064	1253376	data/deglitched/S0474a.mseed
9fd8e09e020a728be72986385293daf21be77cd53b4d0e363a35c428e901f45d	8925	data/deglitched/S0484b.deglitch.json
e8a4ad4ea3adf9e7cd3446bf419faba588d8a950c2bf35587a94463c4c26ec1f	1253376	data/deglitched/S0484b.mseed
94c688f7452bed6b361ed6add149fbc3a9ebda32f1360cd0f297bd62566f7d5a	9246	data/deglitched/S0802a.deglitch.json
4b2f8c45ac434931c1cdda06a27903a3d78d0b83a4a0782abfe2c55ec4829adb	1253376	data/deglitched/S0802a.mseed
ac73ff05b43187b4f62f62a0c3d5b6085e34b3195303fee951b1b7d540d2cc37	8732	data/deglitched/S0820a.deglitch.json
380a86d3b1ae8bfa617eadd93bd616999cf9f57f95a1873706ce9dfb85c782a1	1253376	data/deglitched/S0820a.mseed
c8ce1263061c196b0a9bcc79dcfc19d8035d7c21b0c440c3bf8eaf2ec612a2e7	8302	data/deglitched/S0864a.deglitch.json
2f01d86ebe12df5724a01bcabda93b309bfb28ebfa114de8a03191bccfb85da9	1253376	data/deglitched/S0864a.mseed
daa749af4e06401e098311d5f19ac22d195978e8e36d282d15161b55e1ee4c8c	8768	data/deglitched/S0916d.deglitch.json
f66840dbd29b540a895b19898acf6d0936ae70ca4aaddbfd1cc29e593747c219	1253376	data/deglitched/S0916d.mseed
c59f0a060ad95ab9a6be2d40a8e86d27abd7752600536f6e8a19a20772500130	8441	data/deglitched/S0918a.deglitch.json
2df9833009422eda2ea6f88e862ce82397c273cfcc31866cdfddf97bd27f1a6e	1253376	data/deglitched/S0918a.mseed
f5e09109303663cb20dc22e158229ab5207ce79cff8d0524a133a656d2a3ba8b	9113	data/deglitched/S1012d.deglitch.json
47ec01a5dca60c2daafea8e6f6e92d2c7ef12a1bad10706b68b812ab015881de	1253376	data/deglitched/S1012d.mseed
0a43cecb3acedeea00f08fca5495752a8632ed98ec804bef0881b1ace98298cd	9201	data/deglitched/S1022a.deglitch.json
45928018f36765d33eb4e55f799f4ba1c9ea08b0975c4f675060b3b2d07920d1	1253376	data/deglitched/S1022a.mseed
b5cda41d0fe548ae9b5d47c37f0d7f32032b3a07416dffb3f2f9253cec02ac62	8399	data/deglitched/S1039b.deglitch.json
cebbb62f920e7ba167ef7c820cdfe127f47c650cc3f3900469a3f6e368b2063e	1253376	data/deglitched/S1039b.mseed
37cd93bb987eb8b866b8ddf94d5d95c30f8f95ec0ae483f897fc334be8980a1a	8463	data/deglitched/S1048d.deglitch.json
81bf58d40025772f6d94823d52c726529d46a0e2369b2f561f1d5a842c666bda	1253376	data/deglitched/S1048d.mseed
ed9dae9ceecb5f55869cce6eaa90a56c1805d00cab90d223b5ff7387d2923d45	8358	data/deglitched/S1102a.deglitch.json
ddc25f9f573fc966d5f3bdeb52554e1933bfc5f65f8c74fde5e893b48c86ae21	1253376	data/deglitched/S1102a.mseed
c51bbd89d4d8de2d074ee2b794741bad8f598b4704b5132129d27722cfe7f0aa	8146	data/deglitched/S1133c.deglitch.json
798eb25c2adab75c4982901486fc4e8925ee5fe0a87e8c945cc2adc27fce7eaa	1253376	data/deglitched/S1133c.mseed
5dac4846cbc1e3a2426523cc9f864360bc146e0c9112bb80a80e97aac56bc99d	8008	data/deglitched/S1153a.deglitch.json
c48f48ce9f5d18518236e0604e627bbe493c08c624d645f5296f69b082dfb107	1253376	data/deglitched/S1153a.mseed
81aa17a24ba33a243aa0e403b6e52d8e91c43bcf72a2e75946a93ff3128f0a66	8500	data/deglitched/S1157a.deglitch.json
c0710afd2f2f254b2d937caba863a570eb3dbbee76657782edc1313c8d44b565	1253376	data/deglitched/S1157a.mseed
05fec49cf4ff9117a2e8cf160aa9f87a07bb9766bb9333c9fa44ff1ba4138779	9349	data/deglitched/S1415a.deglitch.json
2dac141e9d4e3892c42747bbc887fb4a973c3ec198cc96ee0169e77ad264900d	1253376	data/deglitched/S1415a.mseed
8ec57edbea1706dd9a873476f3f01ad685810f5cb0e4a7b8089d8b7715b475a6	10681	data/deglitched/deglitch_run_summary.json
4f0b8b345ddb59103b479ae0a9eeacf821512cf6c91bb16cffb564bf398bc5f2	626688	data/processed/S0105a_ZNE.mseed
1675b6552e445f407ddea8a526cbda9383e3175ba59ae0345f276de224790bb3	1008	data/processed/S0105a_ZNE.rotation.json
c110d57c47a640769e6b54ba3163eb513df8188b052d1bd422e7ab65c468f8bf	629	data/processed/S0105a_Z_filt.bandpass.json
ae1b981198a8f28e390bbfec84150190988632b3582eae3ebf40d1c28c6f9674	208896	data/processed/S0105a_Z_filt.mseed
3405b590daef7271758fc6e0dc7ecdcf5d1f6137722e29c6eb869b5e3064469a	208896	data/processed/S0105a_Z_polfilt.mseed
5b088e1e8bbd4727e50a808386ed9e728e330b3db42dc2ba75c3f15f59f6517f	1339	data/processed/S0105a_Z_polfilt.polarization.json
34fefbc138fd955cf105c61ed646d4bd5863f21cd8575a57b33c465ef02cb536	2127	data/processed/S0105a_ablation_A.normalization.json
ec9d9e2ddd1ad3c939fa2eb00a80c19185696595cf44b9994d675425e62f3178	184128	data/processed/S0105a_ablation_A_envelope.npy
950c5ba5ca47a14b5b578e0bc5fdda3e85c9d022126572d9b6fb6a266c562d7e	46128	data/processed/S0105a_ablation_A_envelope_valid_samples.npy
3df7832234ab946b0bc54a82454e78b70adcb9902b3619f6ae4629020d23e850	368128	data/processed/S0105a_ablation_A_times.npy
2c336f8d3710a88e2140dffa58b146b168f4de54b3358c4924a5adec78dbb30a	184128	data/processed/S0105a_ablation_A_waveform.npy
09c4a36d046894d0ddec3ebc455fc8132f4d859b7d3fe487a991894b30484fca	46128	data/processed/S0105a_ablation_A_waveform_valid_samples.npy
c4a4a8605de90c93fdd75e625f8fe16cfe4c424b8e4e4d2e5d8fd42813dfbc24	2129	data/processed/S0105a_ablation_B.normalization.json
fc5da55315dff1890b4292a5719dfdad723ad8419aef21b1529cf73fd0b26d02	184128	data/processed/S0105a_ablation_B_envelope.npy
950c5ba5ca47a14b5b578e0bc5fdda3e85c9d022126572d9b6fb6a266c562d7e	46128	data/processed/S0105a_ablation_B_envelope_valid_samples.npy
3df7832234ab946b0bc54a82454e78b70adcb9902b3619f6ae4629020d23e850	368128	data/processed/S0105a_ablation_B_times.npy
daa71711f62ad291068eb08ae170bd47ff793a70eea565c6ee7fa01ef8aa8b9f	184128	data/processed/S0105a_ablation_B_waveform.npy
09c4a36d046894d0ddec3ebc455fc8132f4d859b7d3fe487a991894b30484fca	46128	data/processed/S0105a_ablation_B_waveform_valid_samples.npy
bbfb6ef701bdf92da1fef437f2a99735c37ef4243286db24eac582f4415ba555	2126	data/processed/S0105a_ablation_C.normalization.json
819569e26393b2772b4e948dfc1b4ef980c3fe81b9a80d3079e7d8a86d8c45b7	184128	data/processed/S0105a_ablation_C_envelope.npy
950c5ba5ca47a14b5b578e0bc5fdda3e85c9d022126572d9b6fb6a266c562d7e	46128	data/processed/S0105a_ablation_C_envelope_valid_samples.npy
3df7832234ab946b0bc54a82454e78b70adcb9902b3619f6ae4629020d23e850	368128	data/processed/S0105a_ablation_C_times.npy
989d97776e13615a14633c26aaa8668c9ac78bdfe35f1207ae22ba1a530d30fc	184128	data/processed/S0105a_ablation_C_waveform.npy
09c4a36d046894d0ddec3ebc455fc8132f4d859b7d3fe487a991894b30484fca	46128	data/processed/S0105a_ablation_C_waveform_valid_samples.npy
3df7832234ab946b0bc54a82454e78b70adcb9902b3619f6ae4629020d23e850	368128	data/processed/S0105a_ablation_times.npy
09c4a36d046894d0ddec3ebc455fc8132f4d859b7d3fe487a991894b30484fca	46128	data/processed/S0105a_ablation_valid_samples.npy
870f42c252a878aee3a6a0a3929b7aab7952116e72b1d80975316fe2eb28ef45	2275	data/processed/S0105a_aligned_ablation.alignment.json
45c7a53af0824dca73c96737319d0f4e058bb840a34a1bcfc3c7210dd5e34429	188416	data/processed/S0105a_aligned_ablation.mseed
b167bf8606ac142ed355348cae3af393c2c7ce62da9f35239dce067598c69ec9	2651	data/processed/S0105a_aligned_paperfaith.alignment.json
d889c15cef3742f8cdb9cec2e4a7e63929321d31a8714d71e43b6c0e24c4d475	188416	data/processed/S0105a_aligned_paperfaith.mseed
3fb8d57ad8938a8f60b6504e79e4ac49917ae202e10eed0f772366c32be9af26	4353284	data/processed/S0105a_fdpa.npz
1d100b7695ad4f3ec9fb2b2354c86f4b3d8973afed11ba7f6a04a1fad6ec98aa	1345	data/processed/S0105a_glitch_flags.json
ec8210f08cbe11a1813c342beb774f42116e3f503c25343d864a11259a1dc63c	4214275	data/processed/S0105a_mk_filterbank.npz
1cbbe2b0d33ae3cbde1e01e64128f3cdc7c60344c153db47c1ba9f247ee367b3	2137	data/processed/S0105a_paperfaith_A.normalization.json
3d6673a699d668b93e94aff88bb79260f0b3d3a07b5b5c5e037885c0f7feee98	184128	data/processed/S0105a_paperfaith_A_envelope.npy
950c5ba5ca47a14b5b578e0bc5fdda3e85c9d022126572d9b6fb6a266c562d7e	46128	data/processed/S0105a_paperfaith_A_envelope_valid_samples.npy
3df7832234ab946b0bc54a82454e78b70adcb9902b3619f6ae4629020d23e850	368128	data/processed/S0105a_paperfaith_A_times.npy
f8e7ca6901d1ab02f6773b98e16a8a0f7db8e8e4d913e48e515413470477ad1b	184128	data/processed/S0105a_paperfaith_A_waveform.npy
09c4a36d046894d0ddec3ebc455fc8132f4d859b7d3fe487a991894b30484fca	46128	data/processed/S0105a_paperfaith_A_waveform_valid_samples.npy
767efc0de86d0e39f009f523b00212ba291457d16fb0a79ffa4bb517c54e8711	2139	data/processed/S0105a_paperfaith_B.normalization.json
3c61aca9b3ac1eb6ba66f32010faaa72985fd3b240865e492d4cb444dd0e30d1	184128	data/processed/S0105a_paperfaith_B_envelope.npy
950c5ba5ca47a14b5b578e0bc5fdda3e85c9d022126572d9b6fb6a266c562d7e	46128	data/processed/S0105a_paperfaith_B_envelope_valid_samples.npy
3df7832234ab946b0bc54a82454e78b70adcb9902b3619f6ae4629020d23e850	368128	data/processed/S0105a_paperfaith_B_times.npy
29d12be66952d29f4eafb4ed82bcf002b5a7c67fb97cac92581d1c24d8ff8767	184128	data/processed/S0105a_paperfaith_B_waveform.npy
09c4a36d046894d0ddec3ebc455fc8132f4d859b7d3fe487a991894b30484fca	46128	data/processed/S0105a_paperfaith_B_waveform_valid_samples.npy
185ffbcb93bf12fb93658fbcd96e58100cfe1b13826efa624b4b56bbd3834d0c	2136	data/processed/S0105a_paperfaith_C.normalization.json
1b6debeff76277bc473e413e6d162acaf50c528fbbf68ebf493604c59a6ab71b	184128	data/processed/S0105a_paperfaith_C_envelope.npy
950c5ba5ca47a14b5b578e0bc5fdda3e85c9d022126572d9b6fb6a266c562d7e	46128	data/processed/S0105a_paperfaith_C_envelope_valid_samples.npy
3df7832234ab946b0bc54a82454e78b70adcb9902b3619f6ae4629020d23e850	368128	data/processed/S0105a_paperfaith_C_times.npy
0f0b0c613b41e69e32b1dc34b96b5d36b2d74631fd05227cec8104d901d46e4c	184128	data/processed/S0105a_paperfaith_C_waveform.npy
09c4a36d046894d0ddec3ebc455fc8132f4d859b7d3fe487a991894b30484fca	46128	data/processed/S0105a_paperfaith_C_waveform_valid_samples.npy
3df7832234ab946b0bc54a82454e78b70adcb9902b3619f6ae4629020d23e850	368128	data/processed/S0105a_paperfaith_times.npy
09c4a36d046894d0ddec3ebc455fc8132f4d859b7d3fe487a991894b30484fca	46128	data/processed/S0105a_paperfaith_valid_samples.npy
992a85cf6071bcc50e81b17bd21b7f3f0e10b929995f67d743d45c20c59b91a4	626688	data/processed/S0173a_ZNE.mseed
980956546b59f952b2fb2c7cdd2bc752b6543a6d7fd3ad9a1bbda49a02cf0ce1	1010	data/processed/S0173a_ZNE.rotation.json
d8c49dde2cabc8c0ca23591dd968efb369e069bb9f5914fb27ffda9b2fc4a848	629	data/processed/S0173a_Z_filt.bandpass.json
9ee285bd9557ee015dda93e6386a737f0e202bf50c7792a5665b2994de037211	208896	data/processed/S0173a_Z_filt.mseed
d092f4daeec9afa25a45ee4bc80ee12bccfcd729ba88ac84daa0f6ae12d94050	208896	data/processed/S0173a_Z_polfilt.mseed
585ec51ff7cd5e424313535614c1c8392c562b2be3f3a631666c4e86c6dbfe44	1339	data/processed/S0173a_Z_polfilt.polarization.json
e2f1bf3d6a2755119980c7f36d5cf85f64a76fd6efb0bfe9094891e2fe777144	2127	data/processed/S0173a_ablation_A.normalization.json
c7503b807b10084d5070d6e05c520b7a0186e0c3e6ae9c9c80de4db052edc046	184128	data/processed/S0173a_ablation_A_envelope.npy
1238a3fee4c349393460466743c003c45afa888de3bc477b8e4db3f08ab517be	46128	data/processed/S0173a_ablation_A_envelope_valid_samples.npy
3df7832234ab946b0bc54a82454e78b70adcb9902b3619f6ae4629020d23e850	368128	data/processed/S0173a_ablation_A_times.npy
0d591fef32bdc89ed2e5892a6c9d516809ce16c100f1e2abfeb8a6cfb8ee5012	184128	data/processed/S0173a_ablation_A_waveform.npy
6000221d5e73682bb842bb272e755faa316a6b66d15ad8d3718a5f057a33b327	46128	data/processed/S0173a_ablation_A_waveform_valid_samples.npy
ce8672409fb454892e70db6f82e9433202c97394b3f426b1c8cdd59c8ca3a533	2129	data/processed/S0173a_ablation_B.normalization.json
5542df826fe6cabb80cf7303adbebb520489d1993bb2a447cff5f686e5f61afa	184128	data/processed/S0173a_ablation_B_envelope.npy
1238a3fee4c349393460466743c003c45afa888de3bc477b8e4db3f08ab517be	46128	data/processed/S0173a_ablation_B_envelope_valid_samples.npy
3df7832234ab946b0bc54a82454e78b70adcb9902b3619f6ae4629020d23e850	368128	data/processed/S0173a_ablation_B_times.npy
a2cd9ef95628bd1e648dd26264d963c82cb598ebf3c6d6ba8b869149ad9d40ab	184128	data/processed/S0173a_ablation_B_waveform.npy
6000221d5e73682bb842bb272e755faa316a6b66d15ad8d3718a5f057a33b327	46128	data/processed/S0173a_ablation_B_waveform_valid_samples.npy
f727cac07247d1de9abdad032028386f8e5ddfafc845f5b7c0d4d369ca57344f	2126	data/processed/S0173a_ablation_C.normalization.json
bc84bd8fda66bbc5824638fcfc81f58473fcf3198232c4d4f0ca73b3fd9ac045	184128	data/processed/S0173a_ablation_C_envelope.npy
1238a3fee4c349393460466743c003c45afa888de3bc477b8e4db3f08ab517be	46128	data/processed/S0173a_ablation_C_envelope_valid_samples.npy
3df7832234ab946b0bc54a82454e78b70adcb9902b3619f6ae4629020d23e850	368128	data/processed/S0173a_ablation_C_times.npy
2fa246e1d50b6ba609d4dcb0e79924ef5954f2a5a103f4019d0c18fefa544485	184128	data/processed/S0173a_ablation_C_waveform.npy
6000221d5e73682bb842bb272e755faa316a6b66d15ad8d3718a5f057a33b327	46128	data/processed/S0173a_ablation_C_waveform_valid_samples.npy
3df7832234ab946b0bc54a82454e78b70adcb9902b3619f6ae4629020d23e850	368128	data/processed/S0173a_ablation_times.npy
6000221d5e73682bb842bb272e755faa316a6b66d15ad8d3718a5f057a33b327	46128	data/processed/S0173a_ablation_valid_samples.npy
7406879264fdac5c9250401b1853e0a7df9d5997f293261ccfe5317b828ebe47	2274	data/processed/S0173a_aligned_ablation.alignment.json
03d1a0806f1ca7648816c56b149b00c415d1f94edd432a86dd4309ea9cedd6ec	188416	data/processed/S0173a_aligned_ablation.mseed
db407957c33779ecb80a50dec4b73f62a09b191f229d634b921b4ec67fbe7c98	2650	data/processed/S0173a_aligned_paperfaith.alignment.json
64929e393c6f0c42c0367e81aad271e3bc97eb9f1dfdef67413630092486261b	188416	data/processed/S0173a_aligned_paperfaith.mseed
3e2089a5e03fd75225acae67cee5f0c7ccb207966c6c406ad9ff440d52833727	4295627	data/processed/S0173a_fdpa.npz
827bffe13b3620cd76496d02af2e26b5c95042bf1e7941346924598f86c45f57	5893	data/processed/S0173a_glitch_flags.json
ec4bfd06e9d453616be546eeb1a2f42fbd7b3c9e32250da4d4e708610e9ecfc3	4240971	data/processed/S0173a_mk_filterbank.npz
fed311feca583439687bdae34d3f67226c1c668aa86aa33ec3411112a75e4fd2	2137	data/processed/S0173a_paperfaith_A.normalization.json
3d5bc98cadbf116f5ab716835e038742c8153a5dc34c5fd1dd6c1bc5756b8252	184128	data/processed/S0173a_paperfaith_A_envelope.npy
1238a3fee4c349393460466743c003c45afa888de3bc477b8e4db3f08ab517be	46128	data/processed/S0173a_paperfaith_A_envelope_valid_samples.npy
3df7832234ab946b0bc54a82454e78b70adcb9902b3619f6ae4629020d23e850	368128	data/processed/S0173a_paperfaith_A_times.npy
104948a1ef9171a0ec4e3579645afe8b4c87ac37f1791f5d2d5acf32cb3f4a9b	184128	data/processed/S0173a_paperfaith_A_waveform.npy
6000221d5e73682bb842bb272e755faa316a6b66d15ad8d3718a5f057a33b327	46128	data/processed/S0173a_paperfaith_A_waveform_valid_samples.npy
be5e383619d7f4b09fc84119ec8c48ae8edf8984b0b6f60afc2693cab4f818eb	2139	data/processed/S0173a_paperfaith_B.normalization.json
190ed4a0e41468633a687e6a5cf71b0e847ef9de2ec4d62da50201279cc7e4b3	184128	data/processed/S0173a_paperfaith_B_envelope.npy
1238a3fee4c349393460466743c003c45afa888de3bc477b8e4db3f08ab517be	46128	data/processed/S0173a_paperfaith_B_envelope_valid_samples.npy
3df7832234ab946b0bc54a82454e78b70adcb9902b3619f6ae4629020d23e850	368128	data/processed/S0173a_paperfaith_B_times.npy
413f656ba21005d9814b6d9fb0d4f13ed1b8246e4791b41c0d8005171b0bc902	184128	data/processed/S0173a_paperfaith_B_waveform.npy
6000221d5e73682bb842bb272e755faa316a6b66d15ad8d3718a5f057a33b327	46128	data/processed/S0173a_paperfaith_B_waveform_valid_samples.npy
4a4d1bd4827c482ac1feb10d9eab3df19df217ac6f45a2f4ae171ebf927e3bee	2136	data/processed/S0173a_paperfaith_C.normalization.json
644bbe853c33416d2d5ecc9c23e461fed824d035458a14b4aa7b29dbe24525f7	184128	data/processed/S0173a_paperfaith_C_envelope.npy
1238a3fee4c349393460466743c003c45afa888de3bc477b8e4db3f08ab517be	46128	data/processed/S0173a_paperfaith_C_envelope_valid_samples.npy
3df7832234ab946b0bc54a82454e78b70adcb9902b3619f6ae4629020d23e850	368128	data/processed/S0173a_paperfaith_C_times.npy
864452f98826a243772780921bad99ddb17f754f401cdf77e87cea63236cefe7	184128	data/processed/S0173a_paperfaith_C_waveform.npy
6000221d5e73682bb842bb272e755faa316a6b66d15ad8d3718a5f057a33b327	46128	data/processed/S0173a_paperfaith_C_waveform_valid_samples.npy
3df7832234ab946b0bc54a82454e78b70adcb9902b3619f6ae4629020d23e850	368128	data/processed/S0173a_paperfaith_times.npy
6000221d5e73682bb842bb272e755faa316a6b66d15ad8d3718a5f057a33b327	46128	data/processed/S0173a_paperfaith_valid_samples.npy
cfd5a2ea9a995a5eb3f32e129758831d51cd4fc2747fd6c8c1d25330e54e727c	626688	data/processed/S0189a_ZNE.mseed
d445d4518eeb360f0cb9a2bfb2713d076fbb75ff567863e9f34db88a1455d6f7	1008	data/processed/S0189a_ZNE.rotation.json
004d7d5f8b3398f3f61bf13f97ba3ddb9a9ad72aecf8fc0cc6fa5d0e78fb4399	629	data/processed/S0189a_Z_filt.bandpass.json
99022c394fb906f44b2854c3f85a02f219612136b32d173361b37da5128a9ebe	208896	data/processed/S0189a_Z_filt.mseed
8aa5b7b1d53c045f3f74fb6f02d35777ddd79837cb9969f32a6af12509ee6f8e	208896	data/processed/S0189a_Z_polfilt.mseed
c5ef474e8e5f7e78af608542bb518b9acb5b717ed18eabb05cbf66ed7201ae09	1339	data/processed/S0189a_Z_polfilt.polarization.json
8e54e639efe28321659cbc9ccce3d560c36b681e7c06082b16100031d3500e3b	2127	data/processed/S0189a_ablation_A.normalization.json
cc574ef61082a0d1b4199e87f40a3f16c1d49851717b73b01c723a10933020aa	184128	data/processed/S0189a_ablation_A_envelope.npy
68bf62acb3d299512f7e5af8fb25c98b531ab5d063406a9f00f7a0f7b4ffdb3d	46128	data/processed/S0189a_ablation_A_envelope_valid_samples.npy
3df7832234ab946b0bc54a82454e78b70adcb9902b3619f6ae4629020d23e850	368128	data/processed/S0189a_ablation_A_times.npy
be9ff104db82de2d05955ec128e4d5a1cd174fd0b65dea13b6211eb7ad9d7285	184128	data/processed/S0189a_ablation_A_waveform.npy
872d15512f7fd878a829b27ed4088cc56fc29270d628f6aefee8be8048e0bb41	46128	data/processed/S0189a_ablation_A_waveform_valid_samples.npy
f3ad4bfad20d08b7e4db57007cb42cce26c4dd92b8adafa623b7eccc14f1ba90	2129	data/processed/S0189a_ablation_B.normalization.json
4014cc663ee1874bba7e4db189bad8336de801987a501df94ad57ab575ffd4d3	184128	data/processed/S0189a_ablation_B_envelope.npy
68bf62acb3d299512f7e5af8fb25c98b531ab5d063406a9f00f7a0f7b4ffdb3d	46128	data/processed/S0189a_ablation_B_envelope_valid_samples.npy
3df7832234ab946b0bc54a82454e78b70adcb9902b3619f6ae4629020d23e850	368128	data/processed/S0189a_ablation_B_times.npy
dc8b79604b9e9e2a0c3de6ae1415dc2f5bf4eaf9def77c898f8efd43989a82be	184128	data/processed/S0189a_ablation_B_waveform.npy
872d15512f7fd878a829b27ed4088cc56fc29270d628f6aefee8be8048e0bb41	46128	data/processed/S0189a_ablation_B_waveform_valid_samples.npy
0504b6c9f7528f9e9304ed0791eaf698d0ed372f0fd191bcd62a284c3e3ffea0	2126	data/processed/S0189a_ablation_C.normalization.json
cbfbabf5b56a28996abe265cf402a16c4f431a4882d5a2d6bac2371d878b75d3	184128	data/processed/S0189a_ablation_C_envelope.npy
68bf62acb3d299512f7e5af8fb25c98b531ab5d063406a9f00f7a0f7b4ffdb3d	46128	data/processed/S0189a_ablation_C_envelope_valid_samples.npy
3df7832234ab946b0bc54a82454e78b70adcb9902b3619f6ae4629020d23e850	368128	data/processed/S0189a_ablation_C_times.npy
56a6bd9f7adda15a46a49f3697682ce4aca6a658b5d1be90b35f1d86b2239f21	184128	data/processed/S0189a_ablation_C_waveform.npy
872d15512f7fd878a829b27ed4088cc56fc29270d628f6aefee8be8048e0bb41	46128	data/processed/S0189a_ablation_C_waveform_valid_samples.npy
3df7832234ab946b0bc54a82454e78b70adcb9902b3619f6ae4629020d23e850	368128	data/processed/S0189a_ablation_times.npy
872d15512f7fd878a829b27ed4088cc56fc29270d628f6aefee8be8048e0bb41	46128	data/processed/S0189a_ablation_valid_samples.npy
018ab601afb9dcbe377492648792f7ecc02dc0c30b882fbb21fe836a5293ef7b	2271	data/processed/S0189a_aligned_ablation.alignment.json
41fbf9594595d61d5c98912966b93a633386be582c7c27b61ec80190961802db	188416	data/processed/S0189a_aligned_ablation.mseed
87c9200b8fbf57dc64dd988437cbfb17e363c38721c8707faebc4044ca509456	2647	data/processed/S0189a_aligned_paperfaith.alignment.json
7c4a4911ed37b6814814670fdab3ec7e78833793b394e3d1e593596f30084c43	188416	data/processed/S0189a_aligned_paperfaith.mseed
c829c50c4d25ada4af130f58b234bfa9345ad8f16d25c91ff0c60907b5ace331	4302630	data/processed/S0189a_fdpa.npz
d56b19ca76928bd446c21e27ddeb5afc4f8fb98ec5785454b2a59eba6306b756	1351	data/processed/S0189a_glitch_flags.json
d1445375255d4a3fc0d51624f3a9ab11ab01d711bc44f137b9adaff95bb6505c	4211352	data/processed/S0189a_mk_filterbank.npz
bdd6dc943fa2e8486ae6c4c8e5445564d5e83289a65430c5277f957acb63fe26	2137	data/processed/S0189a_paperfaith_A.normalization.json
525eee960fdb07561f917a19f51e7bd2bd7370bdced3db6ed4367aaa369136fb	184128	data/processed/S0189a_paperfaith_A_envelope.npy
68bf62acb3d299512f7e5af8fb25c98b531ab5d063406a9f00f7a0f7b4ffdb3d	46128	data/processed/S0189a_paperfaith_A_envelope_valid_samples.npy
3df7832234ab946b0bc54a82454e78b70adcb9902b3619f6ae4629020d23e850	368128	data/processed/S0189a_paperfaith_A_times.npy
cb598e3187b13315bd0c458715386cea4eca928ba941b2100f8606d87ec262ab	184128	data/processed/S0189a_paperfaith_A_waveform.npy
872d15512f7fd878a829b27ed4088cc56fc29270d628f6aefee8be8048e0bb41	46128	data/processed/S0189a_paperfaith_A_waveform_valid_samples.npy
9b6bf0fc0c4e94399daf5bda814247152146d679a5434645a07d98a6bcd5be02	2139	data/processed/S0189a_paperfaith_B.normalization.json
d799801c367bcf474025b3fedda0bc22440a520f469a7b9ecaf084558bc91a38	184128	data/processed/S0189a_paperfaith_B_envelope.npy
68bf62acb3d299512f7e5af8fb25c98b531ab5d063406a9f00f7a0f7b4ffdb3d	46128	data/processed/S0189a_paperfaith_B_envelope_valid_samples.npy
3df7832234ab946b0bc54a82454e78b70adcb9902b3619f6ae4629020d23e850	368128	data/processed/S0189a_paperfaith_B_times.npy
1de2c97ccf6da854eda5969b24c9e964a2fe57a3fe2500e8c005198eba174d31	184128	data/processed/S0189a_paperfaith_B_waveform.npy
872d15512f7fd878a829b27ed4088cc56fc29270d628f6aefee8be8048e0bb41	46128	data/processed/S0189a_paperfaith_B_waveform_valid_samples.npy
00405ee0c3bb66313db032d57cd96c3ea82294a739423a1dbf7897bc8bb16cbf	2136	data/processed/S0189a_paperfaith_C.normalization.json
bb63464472cd7deaf4a3ead88dd64510c11c19a9bc9a757b0dda533a0fe6dec5	184128	data/processed/S0189a_paperfaith_C_envelope.npy
68bf62acb3d299512f7e5af8fb25c98b531ab5d063406a9f00f7a0f7b4ffdb3d	46128	data/processed/S0189a_paperfaith_C_envelope_valid_samples.npy
3df7832234ab946b0bc54a82454e78b70adcb9902b3619f6ae4629020d23e850	368128	data/processed/S0189a_paperfaith_C_times.npy
99c8541378ca0b18c6d4cb67331054e5e5109e5b060b4251d61795609c37262b	184128	data/processed/S0189a_paperfaith_C_waveform.npy
872d15512f7fd878a829b27ed4088cc56fc29270d628f6aefee8be8048e0bb41	46128	data/processed/S0189a_paperfaith_C_waveform_valid_samples.npy
3df7832234ab946b0bc54a82454e78b70adcb9902b3619f6ae4629020d23e850	368128	data/processed/S0189a_paperfaith_times.npy
872d15512f7fd878a829b27ed4088cc56fc29270d628f6aefee8be8048e0bb41	46128	data/processed/S0189a_paperfaith_valid_samples.npy
61c694ecadf8494df0504dc619895ad35d3f27ccaadb2ea1b9dd8c4d1d884aa8	626688	data/processed/S0235b_ZNE.mseed
ed3b6f08645dc7c78a36862be4664b20a24369fa936c76ffd4e78c758745c2a5	1008	data/processed/S0235b_ZNE.rotation.json
6e51334ae76da1d872fd6d0955a7ff188cbfd88c6949f79568d607eebb7638aa	629	data/processed/S0235b_Z_filt.bandpass.json
0e99e4e6e1e608210f9ce3b6b10285d62537213a7d417b5592107b4dffcd49c9	208896	data/processed/S0235b_Z_filt.mseed
7846287a7d1ea174c23fca05b9ed14c23374e196192117942362b7cbbfb4facf	208896	data/processed/S0235b_Z_polfilt.mseed
54ee47fb18fd9591ab31c1f837ceba4b240c5ddb11b95c5c09892f1fcc326479	1339	data/processed/S0235b_Z_polfilt.polarization.json
10702ade699a8d3ea613f5807b0dcb597173d63dfc6cf79d8af5a8055d7fe25d	2127	data/processed/S0235b_ablation_A.normalization.json
908cc3defd1a4a01ff97908059907067f062816ae75b67f777473c6ba58e453e	184128	data/processed/S0235b_ablation_A_envelope.npy
1238a3fee4c349393460466743c003c45afa888de3bc477b8e4db3f08ab517be	46128	data/processed/S0235b_ablation_A_envelope_valid_samples.npy
3df7832234ab946b0bc54a82454e78b70adcb9902b3619f6ae4629020d23e850	368128	data/processed/S0235b_ablation_A_times.npy
cb377a1d0fd97f24f03c4f180377b7aa013ae912a68c78b0f74812b3f110cf9f	184128	data/processed/S0235b_ablation_A_waveform.npy
6000221d5e73682bb842bb272e755faa316a6b66d15ad8d3718a5f057a33b327	46128	data/processed/S0235b_ablation_A_waveform_valid_samples.npy
d61d30985b9c61fd1f54ce65315eeaf122e2a4ae9d72d3862b8452a89f170b66	2129	data/processed/S0235b_ablation_B.normalization.json
4b54ce7b9c5882dcbcaf4c4d539a13ac7a1fb42626c057b7aa8b534887c25072	184128	data/processed/S0235b_ablation_B_envelope.npy
1238a3fee4c349393460466743c003c45afa888de3bc477b8e4db3f08ab517be	46128	data/processed/S0235b_ablation_B_envelope_valid_samples.npy
3df7832234ab946b0bc54a82454e78b70adcb9902b3619f6ae4629020d23e850	368128	data/processed/S0235b_ablation_B_times.npy
b372b075317df63b2b35b45a5c21a9e199cb211307849a3877fdfbf5604a8012	184128	data/processed/S0235b_ablation_B_waveform.npy
6000221d5e73682bb842bb272e755faa316a6b66d15ad8d3718a5f057a33b327	46128	data/processed/S0235b_ablation_B_waveform_valid_samples.npy
2f10305f8f0f3f603435cf4ab1667d0c7ada9df87ea887fe3eaec1241ccdc735	2126	data/processed/S0235b_ablation_C.normalization.json
6322473930834de94f6c93a6391ca11dd7fa7a62b3fe13a543041346fb8a7149	184128	data/processed/S0235b_ablation_C_envelope.npy
1238a3fee4c349393460466743c003c45afa888de3bc477b8e4db3f08ab517be	46128	data/processed/S0235b_ablation_C_envelope_valid_samples.npy
3df7832234ab946b0bc54a82454e78b70adcb9902b3619f6ae4629020d23e850	368128	data/processed/S0235b_ablation_C_times.npy
95565ae152c606d2080ee02f6d5875c5248765fc0e7d399fd5d09062e7d4366b	184128	data/processed/S0235b_ablation_C_waveform.npy
6000221d5e73682bb842bb272e755faa316a6b66d15ad8d3718a5f057a33b327	46128	data/processed/S0235b_ablation_C_waveform_valid_samples.npy
3df7832234ab946b0bc54a82454e78b70adcb9902b3619f6ae4629020d23e850	368128	data/processed/S0235b_ablation_times.npy
6000221d5e73682bb842bb272e755faa316a6b66d15ad8d3718a5f057a33b327	46128	data/processed/S0235b_ablation_valid_samples.npy
75a8029cb94e09d5eeffa37ce61ccc2cbfe7659dd9e89dafade8074da3f00afc	2275	data/processed/S0235b_aligned_ablation.alignment.json
e68877945fd656bb62db8e75f04f1663825ae3b1b12ca2a057d277ed58cbd53f	188416	data/processed/S0235b_aligned_ablation.mseed
fa495e27223b8d861eb228f78fc556aa985fb7bfe5438e62c4f0d5b819403aea	2651	data/processed/S0235b_aligned_paperfaith.alignment.json
4c9050cff077c868aa9d84dba5d901ba00206cbbb55e7bd303e64f4473574aab	188416	data/processed/S0235b_aligned_paperfaith.mseed
f461b13bd9f6a9852523c8566a59ff3a5668fbc748cf0d8e2a1ab91e1bb6a318	4291294	data/processed/S0235b_fdpa.npz
15d022e0a14abf7c05696de4694cc3ca62f127aacb196dbe02b04ec5bddbd4cc	4292	data/processed/S0235b_glitch_flags.json
f09635fcddf0e3161955fbbe3f761d1652b5e630c71cf4c617f99bc3b5cb985f	4219591	data/processed/S0235b_mk_filterbank.npz
47d62a4c43dd1fc9dc9778628b2b5b4bf5ed7a635abae841458b8cc25ad2fb18	2137	data/processed/S0235b_paperfaith_A.normalization.json
f7b379d0040dd217ee85ccdf64e2700074a7376bca7d44818911c9d0bb593866	184128	data/processed/S0235b_paperfaith_A_envelope.npy
1238a3fee4c349393460466743c003c45afa888de3bc477b8e4db3f08ab517be	46128	data/processed/S0235b_paperfaith_A_envelope_valid_samples.npy
3df7832234ab946b0bc54a82454e78b70adcb9902b3619f6ae4629020d23e850	368128	data/processed/S0235b_paperfaith_A_times.npy
f8c5a2d22525e7f53915cd0ffb43dc35bee17af40a1b9b8ad04ab597baaa6de3	184128	data/processed/S0235b_paperfaith_A_waveform.npy
6000221d5e73682bb842bb272e755faa316a6b66d15ad8d3718a5f057a33b327	46128	data/processed/S0235b_paperfaith_A_waveform_valid_samples.npy
96e29024d2fb0ef3f75a8d0f3046e0015e8eefbecfd7752d1090efbce9fcf715	2139	data/processed/S0235b_paperfaith_B.normalization.json
d5fc17b3317f3bfa2fff2f4f66843381ced7143624cf421dc2dcb2328975c734	184128	data/processed/S0235b_paperfaith_B_envelope.npy
1238a3fee4c349393460466743c003c45afa888de3bc477b8e4db3f08ab517be	46128	data/processed/S0235b_paperfaith_B_envelope_valid_samples.npy
3df7832234ab946b0bc54a82454e78b70adcb9902b3619f6ae4629020d23e850	368128	data/processed/S0235b_paperfaith_B_times.npy
87beb38e260253c0094df2939afa0c3852e310107c6c62a2aa308768bb244c03	184128	data/processed/S0235b_paperfaith_B_waveform.npy
6000221d5e73682bb842bb272e755faa316a6b66d15ad8d3718a5f057a33b327	46128	data/processed/S0235b_paperfaith_B_waveform_valid_samples.npy
1b730ff9140f9edbc76ab9c9dba44c5daf8d9e8e8810a0462ec727c011555b0d	2136	data/processed/S0235b_paperfaith_C.normalization.json
41cc0c2ce85a90bc4088a47996b3161822a9b2818f1bdb5fb6a592755c8b3d35	184128	data/processed/S0235b_paperfaith_C_envelope.npy
1238a3fee4c349393460466743c003c45afa888de3bc477b8e4db3f08ab517be	46128	data/processed/S0235b_paperfaith_C_envelope_valid_samples.npy
3df7832234ab946b0bc54a82454e78b70adcb9902b3619f6ae4629020d23e850	368128	data/processed/S0235b_paperfaith_C_times.npy
8428e19b70cdb078c10960c7cce4d3abfc7ed17ac1e66fd59e0191628d9e7174	184128	data/processed/S0235b_paperfaith_C_waveform.npy
6000221d5e73682bb842bb272e755faa316a6b66d15ad8d3718a5f057a33b327	46128	data/processed/S0235b_paperfaith_C_waveform_valid_samples.npy
3df7832234ab946b0bc54a82454e78b70adcb9902b3619f6ae4629020d23e850	368128	data/processed/S0235b_paperfaith_times.npy
6000221d5e73682bb842bb272e755faa316a6b66d15ad8d3718a5f057a33b327	46128	data/processed/S0235b_paperfaith_valid_samples.npy
0e8281ae60e92764ce682642ab40acb6edb77da70dbb9e78cf08a82c3374b8fc	626688	data/processed/S0290b_ZNE.mseed
23b5249b62ef0b7301cdcbf079e1eafae94822c782649e0f59ef53636eb45dc0	1010	data/processed/S0290b_ZNE.rotation.json
160e81ab545c1edcd2ba63f6b4e5552b61956de8c01fb5877e3a81c8f249f49f	629	data/processed/S0290b_Z_filt.bandpass.json
ddd9bcec6f92ed67c176c489b5973b04ece2f7f59287d6f3c7cb787478f0c61f	208896	data/processed/S0290b_Z_filt.mseed
0612a8bdb2042616c0f08d38c471cfc220a9cebc1e02bdf28086b0cfcef0eb65	208896	data/processed/S0290b_Z_polfilt.mseed
fb8e1388ed8cd8fee6ae5de34676e364cd8d966885141d50f8c075283fbda70d	1339	data/processed/S0290b_Z_polfilt.polarization.json
7ff67e255f3766b2c756062e6201f31bf4d52096ea464981fa7e98e30bd91f09	2127	data/processed/S0290b_ablation_A.normalization.json
fc5d3cc7e72c714a36ce53f0d097d316bb58ca5fbac03642280b2b651f573063	184128	data/processed/S0290b_ablation_A_envelope.npy
c6f1c0bd391c742d62d1cb45854bb1cfa83cc725526409b619042f85a412a2e1	46128	data/processed/S0290b_ablation_A_envelope_valid_samples.npy
3df7832234ab946b0bc54a82454e78b70adcb9902b3619f6ae4629020d23e850	368128	data/processed/S0290b_ablation_A_times.npy
5667b263fc27bb1f8ce59f821a4d7e7bd43f7f2ced929d075ac2336a32b6b46f	184128	data/processed/S0290b_ablation_A_waveform.npy
2862fa6825b415ccfc7c73d1ab1444a952a84dded4de7d23298db91c736c3f01	46128	data/processed/S0290b_ablation_A_waveform_valid_samples.npy
5858392e60028d6848277d3671759ab0dde3ddcd75d7f6556aa862e8d392e48b	2129	data/processed/S0290b_ablation_B.normalization.json
47502b8d17ec93813ec361aabc6acec1e6b1b3697d0cc8141cb0a7d5a0929c7a	184128	data/processed/S0290b_ablation_B_envelope.npy
c6f1c0bd391c742d62d1cb45854bb1cfa83cc725526409b619042f85a412a2e1	46128	data/processed/S0290b_ablation_B_envelope_valid_samples.npy
3df7832234ab946b0bc54a82454e78b70adcb9902b3619f6ae4629020d23e850	368128	data/processed/S0290b_ablation_B_times.npy
cee850034fd559a2274a54669c8178db85a07da4da67f2c339ad5fa377e4e242	184128	data/processed/S0290b_ablation_B_waveform.npy
2862fa6825b415ccfc7c73d1ab1444a952a84dded4de7d23298db91c736c3f01	46128	data/processed/S0290b_ablation_B_waveform_valid_samples.npy
a112566f576002ce870978a7d3472ba35cd01804a67430c8144d0401df497e40	2126	data/processed/S0290b_ablation_C.normalization.json
4925db88a07701523cbd2de746b47e5358ae48674bc098d79e7c06ffc025ee51	184128	data/processed/S0290b_ablation_C_envelope.npy
c6f1c0bd391c742d62d1cb45854bb1cfa83cc725526409b619042f85a412a2e1	46128	data/processed/S0290b_ablation_C_envelope_valid_samples.npy
3df7832234ab946b0bc54a82454e78b70adcb9902b3619f6ae4629020d23e850	368128	data/processed/S0290b_ablation_C_times.npy
5370106f09445bb7fd12879ff8912e4c2bf77dd74f0cb291c1045b8b06490e41	184128	data/processed/S0290b_ablation_C_waveform.npy
2862fa6825b415ccfc7c73d1ab1444a952a84dded4de7d23298db91c736c3f01	46128	data/processed/S0290b_ablation_C_waveform_valid_samples.npy
3df7832234ab946b0bc54a82454e78b70adcb9902b3619f6ae4629020d23e850	368128	data/processed/S0290b_ablation_times.npy
2862fa6825b415ccfc7c73d1ab1444a952a84dded4de7d23298db91c736c3f01	46128	data/processed/S0290b_ablation_valid_samples.npy
bd8026f68d0f6f7ea1beaef3ee7340c11583585b167f2348f32f5d458eb7cf8b	2275	data/processed/S0290b_aligned_ablation.alignment.json
12a2c037509ae8c66bdc9c75255ddac755c5e9f648d1f5c7abc92cd07979bab0	188416	data/processed/S0290b_aligned_ablation.mseed
f1b0f17dd536fb375181be7fc96888ab917b114149b790438eb340e6a0dddc1e	2651	data/processed/S0290b_aligned_paperfaith.alignment.json
3d46c96589a35d20123738847fb0ccafa827671df217380642b19138e2e6396e	188416	data/processed/S0290b_aligned_paperfaith.mseed
0ebc47bae2e13743c4888a8ee376cabd657fe4b9c0c0cab83fe92b435d982268	4348338	data/processed/S0290b_fdpa.npz
b63b2230c27b0096f12c76e4e61e8c05b7aa6c1463fee887d59e0899d0551799	1643	data/processed/S0290b_glitch_flags.json
e4b803fd81c9179ac98bf77986997d6f788e04bb5ba916eb1c5888c901391003	4236523	data/processed/S0290b_mk_filterbank.npz
447976abb6c6e60443dec9dfd91618f73035809f3a8373791edaf9433cbf3a12	2137	data/processed/S0290b_paperfaith_A.normalization.json
8d17566e5061c837bd546ad2dcfea0ccdd69a9a063577625fd1dca2bf464b445	184128	data/processed/S0290b_paperfaith_A_envelope.npy
c6f1c0bd391c742d62d1cb45854bb1cfa83cc725526409b619042f85a412a2e1	46128	data/processed/S0290b_paperfaith_A_envelope_valid_samples.npy
3df7832234ab946b0bc54a82454e78b70adcb9902b3619f6ae4629020d23e850	368128	data/processed/S0290b_paperfaith_A_times.npy
8b7e334b0e5dca65aa17e161cf195fbfc0f917a2011e31d3ef8dce0e2514d238	184128	data/processed/S0290b_paperfaith_A_waveform.npy
2862fa6825b415ccfc7c73d1ab1444a952a84dded4de7d23298db91c736c3f01	46128	data/processed/S0290b_paperfaith_A_waveform_valid_samples.npy
4c45316fc209f2b16e30a925a5ef4e010da5d2eb30757d06eb2552b5f787b788	2139	data/processed/S0290b_paperfaith_B.normalization.json
9be57dce289fe51320399443ad8107c1a883e44ff637708d8719ceaa2afed3b7	184128	data/processed/S0290b_paperfaith_B_envelope.npy
c6f1c0bd391c742d62d1cb45854bb1cfa83cc725526409b619042f85a412a2e1	46128	data/processed/S0290b_paperfaith_B_envelope_valid_samples.npy
3df7832234ab946b0bc54a82454e78b70adcb9902b3619f6ae4629020d23e850	368128	data/processed/S0290b_paperfaith_B_times.npy
7e1891b81dc5a6c0d77dce2a47a2164de5c076a141973fd4df4f4e0c3fb9f838	184128	data/processed/S0290b_paperfaith_B_waveform.npy
2862fa6825b415ccfc7c73d1ab1444a952a84dded4de7d23298db91c736c3f01	46128	data/processed/S0290b_paperfaith_B_waveform_valid_samples.npy
085b786b940ccf327851bffbd706f6c0d474d70798284ced84f8452f105e6819	2136	data/processed/S0290b_paperfaith_C.normalization.json
5c4b02b1ce776ebbbdcfc629aa4e26f650663fea1cc36d9846aa8417f9be5f36	184128	data/processed/S0290b_paperfaith_C_envelope.npy
c6f1c0bd391c742d62d1cb45854bb1cfa83cc725526409b619042f85a412a2e1	46128	data/processed/S0290b_paperfaith_C_envelope_valid_samples.npy
3df7832234ab946b0bc54a82454e78b70adcb9902b3619f6ae4629020d23e850	368128	data/processed/S0290b_paperfaith_C_times.npy
434d9ebf99638b01f93724ac370f5e79b28b3bc0abadb6b5bb4b76fe4c3ec07e	184128	data/processed/S0290b_paperfaith_C_waveform.npy
2862fa6825b415ccfc7c73d1ab1444a952a84dded4de7d23298db91c736c3f01	46128	data/processed/S0290b_paperfaith_C_waveform_valid_samples.npy
3df7832234ab946b0bc54a82454e78b70adcb9902b3619f6ae4629020d23e850	368128	data/processed/S0290b_paperfaith_times.npy
2862fa6825b415ccfc7c73d1ab1444a952a84dded4de7d23298db91c736c3f01	46128	data/processed/S0290b_paperfaith_valid_samples.npy
cb015a4bb527267eca0afc8df0a30c200323dae28c1b9bb218ec6c7cbd8180b2	626688	data/processed/S0325a_ZNE.mseed
189e73507b9bce133aa06196acfff608636ef7e5deebd7aced668bf41d9bc08c	1008	data/processed/S0325a_ZNE.rotation.json
1fad09bcf0ad7b4c5fe88301f5a1e9c376a9be9c1773f38f3fb808d8512173da	629	data/processed/S0325a_Z_filt.bandpass.json
374e9fb7bf50798e4deb1df5a413dfa252e132e7c3da921995b34beed70fda75	208896	data/processed/S0325a_Z_filt.mseed
b67d3c647a647a1577b0330351c01d7228819242d1e2d5f30a8e231677bb9976	208896	data/processed/S0325a_Z_polfilt.mseed
8d2e9a7596ab045d3b12eb5f744d5014b6fd19dc21c90d514492879c5806aa68	1339	data/processed/S0325a_Z_polfilt.polarization.json
ff185cd2df6457899e60121a5e3b15f5a775d0b706e65b9fb6da2957716e5c2f	2127	data/processed/S0325a_ablation_A.normalization.json
a609c6698d46365e78ed4f3e103adc2363e61cc7710eb14b49844e38c521e044	184128	data/processed/S0325a_ablation_A_envelope.npy
a801bae68c7ebd6941e0d98ed92d271da863c265ff147114291627ae0abfed8c	46128	data/processed/S0325a_ablation_A_envelope_valid_samples.npy
3df7832234ab946b0bc54a82454e78b70adcb9902b3619f6ae4629020d23e850	368128	data/processed/S0325a_ablation_A_times.npy
ecc237cd0e14b3791b18abd98a815126f1e5ce4eb030ddb8b42ae8490c948647	184128	data/processed/S0325a_ablation_A_waveform.npy
5732da75f8f70c96e8cc88b44b9efb6e06a77b91c6ff758c91be390409d8d00e	46128	data/processed/S0325a_ablation_A_waveform_valid_samples.npy
a94a355a86fedde1e288c03dc07ab4e32a8b0cde900e43a0695179b6993058e0	2129	data/processed/S0325a_ablation_B.normalization.json
3c12271985c794356d1fce94581d13d3730e5a314143677c8dc19ff3f470a1ed	184128	data/processed/S0325a_ablation_B_envelope.npy
a801bae68c7ebd6941e0d98ed92d271da863c265ff147114291627ae0abfed8c	46128	data/processed/S0325a_ablation_B_envelope_valid_samples.npy
3df7832234ab946b0bc54a82454e78b70adcb9902b3619f6ae4629020d23e850	368128	data/processed/S0325a_ablation_B_times.npy
a5e2b3e7a1c8b5b1cca88ba0d5bbe04bc4975f7c88758af0d7a6eae1e71f317a	184128	data/processed/S0325a_ablation_B_waveform.npy
5732da75f8f70c96e8cc88b44b9efb6e06a77b91c6ff758c91be390409d8d00e	46128	data/processed/S0325a_ablation_B_waveform_valid_samples.npy
112c581ffb7e680b16db9d7c6903e54547e0e37e23f288545c681a075a11c11e	2126	data/processed/S0325a_ablation_C.normalization.json
a029e6f453cf481126ffc34715d4eebcb4cebd42cf5127e32faf167abcf7fedd	184128	data/processed/S0325a_ablation_C_envelope.npy
a801bae68c7ebd6941e0d98ed92d271da863c265ff147114291627ae0abfed8c	46128	data/processed/S0325a_ablation_C_envelope_valid_samples.npy
3df7832234ab946b0bc54a82454e78b70adcb9902b3619f6ae4629020d23e850	368128	data/processed/S0325a_ablation_C_times.npy
d15b7beee3789bdd1a62145ba4d09f34256397e99682906cb9f9fe1838f854e7	184128	data/processed/S0325a_ablation_C_waveform.npy
5732da75f8f70c96e8cc88b44b9efb6e06a77b91c6ff758c91be390409d8d00e	46128	data/processed/S0325a_ablation_C_waveform_valid_samples.npy
3df7832234ab946b0bc54a82454e78b70adcb9902b3619f6ae4629020d23e850	368128	data/processed/S0325a_ablation_times.npy
5732da75f8f70c96e8cc88b44b9efb6e06a77b91c6ff758c91be390409d8d00e	46128	data/processed/S0325a_ablation_valid_samples.npy
d4f2cef2d03fbca3ce35aa03a89f1bc6f1960a7a0b8a5451bc2fbb5ddbc79fbe	2275	data/processed/S0325a_aligned_ablation.alignment.json
a7afbfd1e428fec84b90cbb1b877eff7903206e5407ce76a8eec5e9946419509	188416	data/processed/S0325a_aligned_ablation.mseed
80becceb9298bcb71cedfc59211635ab672cf180886b59e1b1ebc8b31ff5e2a4	2651	data/processed/S0325a_aligned_paperfaith.alignment.json
581ddae4492847073311db46f984bad8448dfd18c4c2daca7ffada58963605f3	188416	data/processed/S0325a_aligned_paperfaith.mseed
68ec0ef48e30c9cac94169aaab4b54475f4be196748ee97da727faae21c43c51	4347557	data/processed/S0325a_fdpa.npz
50eabd0006dff67c1ff116889440ac96d3d889287d4fa1a570f5b6c4cb7fb389	338	data/processed/S0325a_glitch_flags.json
000986dfa50580dc83a155557201e448e0e971fad4bec76b5e01721aefd6e530	4252633	data/processed/S0325a_mk_filterbank.npz
67c4522bd5cf23dfff315d31d0df1176ac72f04b945b80f4c605522ceb2bcfc5	2137	data/processed/S0325a_paperfaith_A.normalization.json
1cb1dd9404ce136a72d2d6f01414e118e1411338e2d06cbd9e44be1457eedc20	184128	data/processed/S0325a_paperfaith_A_envelope.npy
a801bae68c7ebd6941e0d98ed92d271da863c265ff147114291627ae0abfed8c	46128	data/processed/S0325a_paperfaith_A_envelope_valid_samples.npy
3df7832234ab946b0bc54a82454e78b70adcb9902b3619f6ae4629020d23e850	368128	data/processed/S0325a_paperfaith_A_times.npy
1b165b0bc0c97c8d6c4ea83910c719cc1453b5ca18d4d3453b9bc62fd3ec3110	184128	data/processed/S0325a_paperfaith_A_waveform.npy
5732da75f8f70c96e8cc88b44b9efb6e06a77b91c6ff758c91be390409d8d00e	46128	data/processed/S0325a_paperfaith_A_waveform_valid_samples.npy
2231d534703539a7d5f10ab71acfb296753fa592ca98e077987096438be923c0	2139	data/processed/S0325a_paperfaith_B.normalization.json
88113eefa384d45bb1da3bff0860c2be8ca1dbe3eecd3d7c84840973276881d5	184128	data/processed/S0325a_paperfaith_B_envelope.npy
a801bae68c7ebd6941e0d98ed92d271da863c265ff147114291627ae0abfed8c	46128	data/processed/S0325a_paperfaith_B_envelope_valid_samples.npy
3df7832234ab946b0bc54a82454e78b70adcb9902b3619f6ae4629020d23e850	368128	data/processed/S0325a_paperfaith_B_times.npy
5524cfa2d4596ff99c3f5f37e02e2b7b4cecb6b6631141b784ac1a0da6b8fbc3	184128	data/processed/S0325a_paperfaith_B_waveform.npy
5732da75f8f70c96e8cc88b44b9efb6e06a77b91c6ff758c91be390409d8d00e	46128	data/processed/S0325a_paperfaith_B_waveform_valid_samples.npy
d2fe24a268ccc6a33e44bf5853c4470f3a4e4be860ab6dfeb8c9a45eceba21d7	2136	data/processed/S0325a_paperfaith_C.normalization.json
00087ea57dbaaf9b89733536106dbc930446780fe5226fdaca5448ff0ea7594b	184128	data/processed/S0325a_paperfaith_C_envelope.npy
a801bae68c7ebd6941e0d98ed92d271da863c265ff147114291627ae0abfed8c	46128	data/processed/S0325a_paperfaith_C_envelope_valid_samples.npy
3df7832234ab946b0bc54a82454e78b70adcb9902b3619f6ae4629020d23e850	368128	data/processed/S0325a_paperfaith_C_times.npy
392ba8047bc00111be4745bb6b25ef2e712bf3b8e7149bd675a11b8eb5f0c064	184128	data/processed/S0325a_paperfaith_C_waveform.npy
5732da75f8f70c96e8cc88b44b9efb6e06a77b91c6ff758c91be390409d8d00e	46128	data/processed/S0325a_paperfaith_C_waveform_valid_samples.npy
3df7832234ab946b0bc54a82454e78b70adcb9902b3619f6ae4629020d23e850	368128	data/processed/S0325a_paperfaith_times.npy
5732da75f8f70c96e8cc88b44b9efb6e06a77b91c6ff758c91be390409d8d00e	46128	data/processed/S0325a_paperfaith_valid_samples.npy
e4c4e818ac292ef73303d9677656b2b65c7a86c5c3f3760e2cfa7144b11f3a7f	626688	data/processed/S0474a_ZNE.mseed
d2432ec92840bb0ed956ef71b938911c998886cf911a011442d728015b556c50	1008	data/processed/S0474a_ZNE.rotation.json
27b3d717faa598a44c70c74e48e756a87c8643df6cfc11da3fe5324b58df4889	629	data/processed/S0474a_Z_filt.bandpass.json
35e1729ae0c347f5a85360718b67c27f198f4bb659f8ceb4ba9728f9b4e21e5b	208896	data/processed/S0474a_Z_filt.mseed
551322dd90392472bd47a4d66fa8de1e1d2407f42cffaea6329f9e0541e05c87	208896	data/processed/S0474a_Z_polfilt.mseed
e889c480978142be1d01d580b4d64b8de0d19f730dfa05233ec2c419006b7fe4	1339	data/processed/S0474a_Z_polfilt.polarization.json
a13d16e542ca9cb8499f20565df1671836d93f597205d74a5808928cccd7102b	2127	data/processed/S0474a_ablation_A.normalization.json
d843ce68187efa7bfb31797c262313215706948562597868515d1da5bfa6ce52	184128	data/processed/S0474a_ablation_A_envelope.npy
ee8a955048933cfb99c6c9acdfefb6df91294cf7cb868caa19ad4985385fed55	46128	data/processed/S0474a_ablation_A_envelope_valid_samples.npy
3df7832234ab946b0bc54a82454e78b70adcb9902b3619f6ae4629020d23e850	368128	data/processed/S0474a_ablation_A_times.npy
f201d4b0e38237cb5875a281dd4c0e7b2876971d900a7e7ce7d504b1e6dce092	184128	data/processed/S0474a_ablation_A_waveform.npy
886e78803f786e13502635a56d0c381a80148b37c69a3fd0161df91d4040fd0d	46128	data/processed/S0474a_ablation_A_waveform_valid_samples.npy
472a66cbfc3b6be29d2fb24713c542dbbf94003da22c854c2412b60e5405f1fb	2129	data/processed/S0474a_ablation_B.normalization.json
4713175ebd11e3899eefd5da56c2a2f318e38472a24f9ce610c2119e9845bce1	184128	data/processed/S0474a_ablation_B_envelope.npy
ee8a955048933cfb99c6c9acdfefb6df91294cf7cb868caa19ad4985385fed55	46128	data/processed/S0474a_ablation_B_envelope_valid_samples.npy
3df7832234ab946b0bc54a82454e78b70adcb9902b3619f6ae4629020d23e850	368128	data/processed/S0474a_ablation_B_times.npy
b6c9b03c3f544eae8c23a395fff5c41df8220a7e804b9f346e748309f3f1d050	184128	data/processed/S0474a_ablation_B_waveform.npy
886e78803f786e13502635a56d0c381a80148b37c69a3fd0161df91d4040fd0d	46128	data/processed/S0474a_ablation_B_waveform_valid_samples.npy
920d6e5181d1fa8fe89f6d0d444c0f04256b3cc4852d35e6546a9dcf916f59b8	2126	data/processed/S0474a_ablation_C.normalization.json
3525e164b0fdaa2bafa16eca0bd4ba3a5d1fbc47e5f5aa91a97dc918a9f74141	184128	data/processed/S0474a_ablation_C_envelope.npy
ee8a955048933cfb99c6c9acdfefb6df91294cf7cb868caa19ad4985385fed55	46128	data/processed/S0474a_ablation_C_envelope_valid_samples.npy
3df7832234ab946b0bc54a82454e78b70adcb9902b3619f6ae4629020d23e850	368128	data/processed/S0474a_ablation_C_times.npy
5a8f8159ffaa824cf3bf2710558b04e53f592fba5779dc922b832412a00d5b0a	184128	data/processed/S0474a_ablation_C_waveform.npy
886e78803f786e13502635a56d0c381a80148b37c69a3fd0161df91d4040fd0d	46128	data/processed/S0474a_ablation_C_waveform_valid_samples.npy
3df7832234ab946b0bc54a82454e78b70adcb9902b3619f6ae4629020d23e850	368128	data/processed/S0474a_ablation_times.npy
886e78803f786e13502635a56d0c381a80148b37c69a3fd0161df91d4040fd0d	46128	data/processed/S0474a_ablation_valid_samples.npy
de2fc1ee5b77066c3501df0d7c0ba3995791de27127ff21e8e4e2dd1e28b57cc	2258	data/processed/S0474a_aligned_ablation.alignment.json
514fdacb543bf2d61fb123c415d6f94896f54e8a959606e27a5f7bfb56664871	188416	data/processed/S0474a_aligned_ablation.mseed
ea6b66508c6ac42893bfd10572e665f1ad4f43f0cf735802abb49fac00e0ce0d	2634	data/processed/S0474a_aligned_paperfaith.alignment.json
110015fbdf75198bd1cf1016eb379325f3acbe82476f87c4f8aeea8c957e0e84	188416	data/processed/S0474a_aligned_paperfaith.mseed
a71b8dc538ed556ff3ae1f6c9fb8dac69380ab1cdbc9332be66d287568da3adb	4263591	data/processed/S0474a_fdpa.npz
8f11584389fbec56c1cda5a916d7ecb6dc6623476e4f242e6ac241db8e3508d0	1338	data/processed/S0474a_glitch_flags.json
c866166c4fd7e44b4b8c7e837edcedb233ae36af56218a2099d5b61ea5cc8108	4202507	data/processed/S0474a_mk_filterbank.npz
35419ac9539448ff98fb914014e12ef24c0dee7236721bb4ea34147fb51c6ffe	2137	data/processed/S0474a_paperfaith_A.normalization.json
25e520b1e6828f83443ca62b974543671b14f5504fc104fdd12e936b476886bc	184128	data/processed/S0474a_paperfaith_A_envelope.npy
ee8a955048933cfb99c6c9acdfefb6df91294cf7cb868caa19ad4985385fed55	46128	data/processed/S0474a_paperfaith_A_envelope_valid_samples.npy
3df7832234ab946b0bc54a82454e78b70adcb9902b3619f6ae4629020d23e850	368128	data/processed/S0474a_paperfaith_A_times.npy
869dccafb1b12a84ce2853aa54feb73a3b20f9be01356dcade4146fa48ef8a29	184128	data/processed/S0474a_paperfaith_A_waveform.npy
886e78803f786e13502635a56d0c381a80148b37c69a3fd0161df91d4040fd0d	46128	data/processed/S0474a_paperfaith_A_waveform_valid_samples.npy
16cb5f488c01386240a290d4c66197cfb21ad684e48f57b5acab2e5680d39287	2139	data/processed/S0474a_paperfaith_B.normalization.json
16e56956f8a211c804af17c851f9d3e81866acddbeb4beb47c7affdff2a6daf4	184128	data/processed/S0474a_paperfaith_B_envelope.npy
ee8a955048933cfb99c6c9acdfefb6df91294cf7cb868caa19ad4985385fed55	46128	data/processed/S0474a_paperfaith_B_envelope_valid_samples.npy
3df7832234ab946b0bc54a82454e78b70adcb9902b3619f6ae4629020d23e850	368128	data/processed/S0474a_paperfaith_B_times.npy
3bbbc5fafa89d902f1c54c9281ab633731612786fba2c8a3d92ee61d680ac130	184128	data/processed/S0474a_paperfaith_B_waveform.npy
886e78803f786e13502635a56d0c381a80148b37c69a3fd0161df91d4040fd0d	46128	data/processed/S0474a_paperfaith_B_waveform_valid_samples.npy
76132c8fca824e1b43f4646def0c6dc2ac2030b040cb488d59ac85c92c609741	2136	data/processed/S0474a_paperfaith_C.normalization.json
22cff2a697ee9329701a6f27fc49c91b7c18cff3a8884a8660e4e8c0dd823597	184128	data/processed/S0474a_paperfaith_C_envelope.npy
ee8a955048933cfb99c6c9acdfefb6df91294cf7cb868caa19ad4985385fed55	46128	data/processed/S0474a_paperfaith_C_envelope_valid_samples.npy
3df7832234ab946b0bc54a82454e78b70adcb9902b3619f6ae4629020d23e850	368128	data/processed/S0474a_paperfaith_C_times.npy
a0897e374f1251e0c09299e04bf1071786841fd3b4225c336c2b3286e026a845	184128	data/processed/S0474a_paperfaith_C_waveform.npy
886e78803f786e13502635a56d0c381a80148b37c69a3fd0161df91d4040fd0d	46128	data/processed/S0474a_paperfaith_C_waveform_valid_samples.npy
3df7832234ab946b0bc54a82454e78b70adcb9902b3619f6ae4629020d23e850	368128	data/processed/S0474a_paperfaith_times.npy
886e78803f786e13502635a56d0c381a80148b37c69a3fd0161df91d4040fd0d	46128	data/processed/S0474a_paperfaith_valid_samples.npy
e08bdab2e84ca3726766f0b82b5edf2d2325779c49045b1c945ed73e224c0e30	626688	data/processed/S0484b_ZNE.mseed
55ed8b3114bf6d94635bee77227cb03ae9706d24956d7d87262a8b15dce6ba96	1010	data/processed/S0484b_ZNE.rotation.json
f115ebd224b7de26670c69169dd0bbf22f09cc18783a96994e24aa78c78d992f	629	data/processed/S0484b_Z_filt.bandpass.json
25d2752119ca36f7cf03dc5b04a0d89b671a61c71028782c17cd6a59ca0bbd40	208896	data/processed/S0484b_Z_filt.mseed
31651f14cb7322d93a6b145cf1376bd78f4a3ae4fa6134ed1891dae39b522516	208896	data/processed/S0484b_Z_polfilt.mseed
a848ad3c5c6b8e8da21ee1071a3e3e11599ebbc46a2edcb61593363053c5acff	1339	data/processed/S0484b_Z_polfilt.polarization.json
b16aaa2530c843b15d0064f1f8326bf08becbf732b91bc27b791eecb32146163	2127	data/processed/S0484b_ablation_A.normalization.json
75cd1ec37d67d9dfd470d584a5944fdc76a0443e82663bad522ced5166077de9	184128	data/processed/S0484b_ablation_A_envelope.npy
82bfd8d0023756c318746c5d927fdf358a06901839c01e95a0b334e998eaf45c	46128	data/processed/S0484b_ablation_A_envelope_valid_samples.npy
3df7832234ab946b0bc54a82454e78b70adcb9902b3619f6ae4629020d23e850	368128	data/processed/S0484b_ablation_A_times.npy
cfdfd143c2a3e9665af76c9d87f22113e9d75dc1631de683869470949d3e8f5a	184128	data/processed/S0484b_ablation_A_waveform.npy
cd1e8c1ff5866c052235af204fe74bdee782b6ccd879137de28450665e9224f7	46128	data/processed/S0484b_ablation_A_waveform_valid_samples.npy
2868b044c8b3fba8b32de5ba9380d46f89084ff2b97e61a15694d1b88133ab73	2129	data/processed/S0484b_ablation_B.normalization.json
c85192988155ba8b20077f8f5a7ce9203fc9a63e708d5f69195bdecedb0dc50f	184128	data/processed/S0484b_ablation_B_envelope.npy
82bfd8d0023756c318746c5d927fdf358a06901839c01e95a0b334e998eaf45c	46128	data/processed/S0484b_ablation_B_envelope_valid_samples.npy
3df7832234ab946b0bc54a82454e78b70adcb9902b3619f6ae4629020d23e850	368128	data/processed/S0484b_ablation_B_times.npy
9ed5a1b165b50a7125e36dd1adfe66b088db60dbf1b7426ea1b49f039e1dafca	184128	data/processed/S0484b_ablation_B_waveform.npy
cd1e8c1ff5866c052235af204fe74bdee782b6ccd879137de28450665e9224f7	46128	data/processed/S0484b_ablation_B_waveform_valid_samples.npy
56c18b81819f8d60bd0a8ce36850eee3877509d13237abdb89fca9d6c804e37e	2126	data/processed/S0484b_ablation_C.normalization.json
bca015f93c87840097859800b848862c6ee1da5b184c73e7435032152f4f79ed	184128	data/processed/S0484b_ablation_C_envelope.npy
82bfd8d0023756c318746c5d927fdf358a06901839c01e95a0b334e998eaf45c	46128	data/processed/S0484b_ablation_C_envelope_valid_samples.npy
3df7832234ab946b0bc54a82454e78b70adcb9902b3619f6ae4629020d23e850	368128	data/processed/S0484b_ablation_C_times.npy
ac10a3764f30ded7b304839ec639e48f0139a06b95bb07e2e8bc4de17f087cf7	184128	data/processed/S0484b_ablation_C_waveform.npy
cd1e8c1ff5866c052235af204fe74bdee782b6ccd879137de28450665e9224f7	46128	data/processed/S0484b_ablation_C_waveform_valid_samples.npy
3df7832234ab946b0bc54a82454e78b70adcb9902b3619f6ae4629020d23e850	368128	data/processed/S0484b_ablation_times.npy
cd1e8c1ff5866c052235af204fe74bdee782b6ccd879137de28450665e9224f7	46128	data/processed/S0484b_ablation_valid_samples.npy
8d0da17f39d9401e2ce8d53e356dd8c24ed92cf07df19667ffda2d0e4fc9d52c	2275	data/processed/S0484b_aligned_ablation.alignment.json
c9bee96ea5b3b206586c033e5ce30395a7df8930734bf92d8cfe8a423f5be9ab	188416	data/processed/S0484b_aligned_ablation.mseed
bb6834b4a5ed9207abd4b72a24709b22a823d704b75302dd906544fdfea4cec0	2651	data/processed/S0484b_aligned_paperfaith.alignment.json
c7368b7313c15f13a3e003836f41ef5c2ea635484b6d4d9399649f69ce67a4c6	188416	data/processed/S0484b_aligned_paperfaith.mseed
2fd694fb45d2a6d9fb557b945676d4dccf705c768165a07b241ee67ab47e7390	4277286	data/processed/S0484b_fdpa.npz
b20bad14d87290c0ede3e8ed5d8e08eaf92bbaa8c5d4cc030d6b55ba1fa28ca7	913	data/processed/S0484b_glitch_flags.json
09ff0a24245703ff69b26e2611e9567f984f463cc86886b31ee3b385e2779816	4216305	data/processed/S0484b_mk_filterbank.npz
35105417d81aa55788eec0b3bbde2f2664b85f05e9fc188a9db84679bc245019	2137	data/processed/S0484b_paperfaith_A.normalization.json
03805206d181e7419c4adc23529da8db195e3c255bf3d392248474ed97e7e599	184128	data/processed/S0484b_paperfaith_A_envelope.npy
82bfd8d0023756c318746c5d927fdf358a06901839c01e95a0b334e998eaf45c	46128	data/processed/S0484b_paperfaith_A_envelope_valid_samples.npy
3df7832234ab946b0bc54a82454e78b70adcb9902b3619f6ae4629020d23e850	368128	data/processed/S0484b_paperfaith_A_times.npy
59042edd9c5f652b5d3b9df3ab6f8337d3248c04ac2d33323d1886f8b2349a6f	184128	data/processed/S0484b_paperfaith_A_waveform.npy
cd1e8c1ff5866c052235af204fe74bdee782b6ccd879137de28450665e9224f7	46128	data/processed/S0484b_paperfaith_A_waveform_valid_samples.npy
50c8cd2a29826ab6b574e987ec1887c20b3ee6913cf1933a675d9f1aab49c23a	2139	data/processed/S0484b_paperfaith_B.normalization.json
7a29178c610e134b556233c0b40cd6931f705c19e621be7837f9470b54c5dab9	184128	data/processed/S0484b_paperfaith_B_envelope.npy
82bfd8d0023756c318746c5d927fdf358a06901839c01e95a0b334e998eaf45c	46128	data/processed/S0484b_paperfaith_B_envelope_valid_samples.npy
3df7832234ab946b0bc54a82454e78b70adcb9902b3619f6ae4629020d23e850	368128	data/processed/S0484b_paperfaith_B_times.npy
3398204554026bf4a3d4f2543a686b6e9308b1c84d971f573f4b88dbf7dc5d2a	184128	data/processed/S0484b_paperfaith_B_waveform.npy
cd1e8c1ff5866c052235af204fe74bdee782b6ccd879137de28450665e9224f7	46128	data/processed/S0484b_paperfaith_B_waveform_valid_samples.npy
6c4789ef3fc5ae1ff0e19c366e2f2b85f566c05d217ba6e7a3cc07d075b264c0	2136	data/processed/S0484b_paperfaith_C.normalization.json
b16d05b92803be63a184b0efef6749f5abee9f821267c4468b21fa3b62aa47aa	184128	data/processed/S0484b_paperfaith_C_envelope.npy
82bfd8d0023756c318746c5d927fdf358a06901839c01e95a0b334e998eaf45c	46128	data/processed/S0484b_paperfaith_C_envelope_valid_samples.npy
3df7832234ab946b0bc54a82454e78b70adcb9902b3619f6ae4629020d23e850	368128	data/processed/S0484b_paperfaith_C_times.npy
e9c5c985e815ae46fd0f591293a67001f764e0244160c402eda24762154524bf	184128	data/processed/S0484b_paperfaith_C_waveform.npy
cd1e8c1ff5866c052235af204fe74bdee782b6ccd879137de28450665e9224f7	46128	data/processed/S0484b_paperfaith_C_waveform_valid_samples.npy
3df7832234ab946b0bc54a82454e78b70adcb9902b3619f6ae4629020d23e850	368128	data/processed/S0484b_paperfaith_times.npy
cd1e8c1ff5866c052235af204fe74bdee782b6ccd879137de28450665e9224f7	46128	data/processed/S0484b_paperfaith_valid_samples.npy
05b9ab7811c49cee97b6a390fe6bbc1a981a4ff02a3df582d37562f56e12f1b5	626688	data/processed/S0802a_ZNE.mseed
20231b0cfe31f590ecb64b156779c5812937d2954bc27f2cb4c64004c58a928d	1008	data/processed/S0802a_ZNE.rotation.json
b59df0a1fa7d3604aa342b9a89911730b365cddb46655edf7453e333e2859f91	629	data/processed/S0802a_Z_filt.bandpass.json
5e7726e84597d6701400a752571e091265bfd75fe9dfacb06b8a6d72dea3704d	208896	data/processed/S0802a_Z_filt.mseed
aa3535e218ad9e8f29906ba5254846d3e84b3a04c0fef135c32aa4e271d3451e	208896	data/processed/S0802a_Z_polfilt.mseed
38c92918463ec5deb40b96cb36328acee53cf54e902042d2240af78c0a1224c4	1339	data/processed/S0802a_Z_polfilt.polarization.json
d2cdd7a06ccef97355ff687903f4752311dd47fbc6f3efec3bb9468f02d24415	2127	data/processed/S0802a_ablation_A.normalization.json
e70af7650e64641d73ba5338419c82930f1eb71d63c923fbae635a10404ac69d	184128	data/processed/S0802a_ablation_A_envelope.npy
f24408d5db9b526d7fbddbe533abd5ad1f216d21327a59e6e2ff3bb7034c51d9	46128	data/processed/S0802a_ablation_A_envelope_valid_samples.npy
3df7832234ab946b0bc54a82454e78b70adcb9902b3619f6ae4629020d23e850	368128	data/processed/S0802a_ablation_A_times.npy
5b820b002181c0739ff270424f9252871bb5281b2eaf1941115417638c193dcc	184128	data/processed/S0802a_ablation_A_waveform.npy
2de27db6a0ccc0270585f8b60faeb92ea435e9f254a596eb5494a050a43260e9	46128	data/processed/S0802a_ablation_A_waveform_valid_samples.npy
c57ed87aa142366e5237e7a24daf398cd4232614299f9cbe07d37e266ba25df9	2129	data/processed/S0802a_ablation_B.normalization.json
410b0091ebef0b66f18ef2584196cecb25a81a2487a71567ea2433703819b154	184128	data/processed/S0802a_ablation_B_envelope.npy
f24408d5db9b526d7fbddbe533abd5ad1f216d21327a59e6e2ff3bb7034c51d9	46128	data/processed/S0802a_ablation_B_envelope_valid_samples.npy
3df7832234ab946b0bc54a82454e78b70adcb9902b3619f6ae4629020d23e850	368128	data/processed/S0802a_ablation_B_times.npy
23f0d1308ff391ba5f2374ddf4df70a827c77ac7812eb7e6147466d9f6b371cd	184128	data/processed/S0802a_ablation_B_waveform.npy
2de27db6a0ccc0270585f8b60faeb92ea435e9f254a596eb5494a050a43260e9	46128	data/processed/S0802a_ablation_B_waveform_valid_samples.npy
378fde739573a1628f61a38a44358276338ee3866dc6df050fa825381d0e51ee	2126	data/processed/S0802a_ablation_C.normalization.json
ad677d773da1ca119f89bda8713a73a82e22502f262faada58419bf9818d703d	184128	data/processed/S0802a_ablation_C_envelope.npy
f24408d5db9b526d7fbddbe533abd5ad1f216d21327a59e6e2ff3bb7034c51d9	46128	data/processed/S0802a_ablation_C_envelope_valid_samples.npy
3df7832234ab946b0bc54a82454e78b70adcb9902b3619f6ae4629020d23e850	368128	data/processed/S0802a_ablation_C_times.npy
9b3dd7f2bc63216eb7b2bf92102a14a30b236d221b0aadf1ca5370e1280b9c02	184128	data/processed/S0802a_ablation_C_waveform.npy
2de27db6a0ccc0270585f8b60faeb92ea435e9f254a596eb5494a050a43260e9	46128	data/processed/S0802a_ablation_C_waveform_valid_samples.npy
3df7832234ab946b0bc54a82454e78b70adcb9902b3619f6ae4629020d23e850	368128	data/processed/S0802a_ablation_times.npy
2de27db6a0ccc0270585f8b60faeb92ea435e9f254a596eb5494a050a43260e9	46128	data/processed/S0802a_ablation_valid_samples.npy
7527a4505a9ade605eae3f814efbf8cfe7eb79272b8ec808ef54aef442788181	2275	data/processed/S0802a_aligned_ablation.alignment.json
cfa4d2e965b0e865f466d95f3af9b2e3e9b3e65632086bf7725c9116778e4a9c	188416	data/processed/S0802a_aligned_ablation.mseed
34565e343f1ee3c6e9d2ffa6b770523430b63aa695b1225ea0d85802ac299b17	2651	data/processed/S0802a_aligned_paperfaith.alignment.json
d446653cfb1aac736271365641f41c9d0796127396d5276168d4f7c647657760	188416	data/processed/S0802a_aligned_paperfaith.mseed
96b1b2276277d865d0e7fa474db3c0d4cb54adee42ab4dc76596abe7648c1c0b	4299884	data/processed/S0802a_fdpa.npz
cf9883f00960951e6ec8c51537b9db0729f61f81b725bb18a76862c3e4d2045c	1001	data/processed/S0802a_glitch_flags.json
5bcda7d55f2940a7437c920317f5b05d073bee6391d70a76cdfda5efb3c4d7e9	4231139	data/processed/S0802a_mk_filterbank.npz
30b37121814b9edb31392a339ac117caca4748b1d7408c54570169c760dd4a02	2137	data/processed/S0802a_paperfaith_A.normalization.json
2b2b2defc7688524baca63d3712a68732cd38de7f75b772ffcb120a0d68d8acd	184128	data/processed/S0802a_paperfaith_A_envelope.npy
f24408d5db9b526d7fbddbe533abd5ad1f216d21327a59e6e2ff3bb7034c51d9	46128	data/processed/S0802a_paperfaith_A_envelope_valid_samples.npy
3df7832234ab946b0bc54a82454e78b70adcb9902b3619f6ae4629020d23e850	368128	data/processed/S0802a_paperfaith_A_times.npy
2b4afa9b35f7de9ff9dee9400c8df8fd5573b879be28c3c76d6277ffc44f305b	184128	data/processed/S0802a_paperfaith_A_waveform.npy
2de27db6a0ccc0270585f8b60faeb92ea435e9f254a596eb5494a050a43260e9	46128	data/processed/S0802a_paperfaith_A_waveform_valid_samples.npy
a63b156e308d08f24a2f3c9aad2d7d0a8544359e76c9241e644c169806dc70e0	2139	data/processed/S0802a_paperfaith_B.normalization.json
c0d61f398ec0ea70a55a2dbb66e1ef91d2efbb34a2d26021b9c87e329558164b	184128	data/processed/S0802a_paperfaith_B_envelope.npy
f24408d5db9b526d7fbddbe533abd5ad1f216d21327a59e6e2ff3bb7034c51d9	46128	data/processed/S0802a_paperfaith_B_envelope_valid_samples.npy
3df7832234ab946b0bc54a82454e78b70adcb9902b3619f6ae4629020d23e850	368128	data/processed/S0802a_paperfaith_B_times.npy
0d291cc785740c0ca6286ef45ffd74aae986202aa9f72f54007fa1f951627352	184128	data/processed/S0802a_paperfaith_B_waveform.npy
2de27db6a0ccc0270585f8b60faeb92ea435e9f254a596eb5494a050a43260e9	46128	data/processed/S0802a_paperfaith_B_waveform_valid_samples.npy
9d6d828680164bfaace985b96063fbf5a02b2814406ebf0db40c884ca7a807f1	2136	data/processed/S0802a_paperfaith_C.normalization.json
d580762215eca4d523abb0a2411299b5bd0c40a68b7262955022925405c13ab2	184128	data/processed/S0802a_paperfaith_C_envelope.npy
f24408d5db9b526d7fbddbe533abd5ad1f216d21327a59e6e2ff3bb7034c51d9	46128	data/processed/S0802a_paperfaith_C_envelope_valid_samples.npy
3df7832234ab946b0bc54a82454e78b70adcb9902b3619f6ae4629020d23e850	368128	data/processed/S0802a_paperfaith_C_times.npy
f10f1e4b951fefc83549cd845c8505ffa7602b8dbdf24ae6e59b85eb78022499	184128	data/processed/S0802a_paperfaith_C_waveform.npy
2de27db6a0ccc0270585f8b60faeb92ea435e9f254a596eb5494a050a43260e9	46128	data/processed/S0802a_paperfaith_C_waveform_valid_samples.npy
3df7832234ab946b0bc54a82454e78b70adcb9902b3619f6ae4629020d23e850	368128	data/processed/S0802a_paperfaith_times.npy
2de27db6a0ccc0270585f8b60faeb92ea435e9f254a596eb5494a050a43260e9	46128	data/processed/S0802a_paperfaith_valid_samples.npy
cc8d2c8fb95ff40c36536ad0ce711876ba6d8367f2009ac19c9e7f721c847660	626688	data/processed/S0820a_ZNE.mseed
8e3cd97e8a267685511ae0fedac80f0d4b288edc076c50fa0b74b2787733d640	1008	data/processed/S0820a_ZNE.rotation.json
693207f238c2a8e9221756be9a80eeb29919bce95239534d3a106a627d18caf7	629	data/processed/S0820a_Z_filt.bandpass.json
9c4e74f640b2a9fba1846a503289c276fd661a9e7ad67f079a3bb986f7080cf3	208896	data/processed/S0820a_Z_filt.mseed
c5359198ebbbd6bb74537e95c3d15876b459063332da776cc44ebced76309737	208896	data/processed/S0820a_Z_polfilt.mseed
e980ab48918b4b43b7a13b9d633b2915d55d0eeed4193828a9300212c57f18e3	1339	data/processed/S0820a_Z_polfilt.polarization.json
cbab4e8c092ba787ca129426a6cf6438952d173b89ca781a438a92b881e649d2	2127	data/processed/S0820a_ablation_A.normalization.json
02e3fe32810aefff235232277df3139fd74f1ea7947846628fad60aec99f8e31	184128	data/processed/S0820a_ablation_A_envelope.npy
ee8a955048933cfb99c6c9acdfefb6df91294cf7cb868caa19ad4985385fed55	46128	data/processed/S0820a_ablation_A_envelope_valid_samples.npy
3df7832234ab946b0bc54a82454e78b70adcb9902b3619f6ae4629020d23e850	368128	data/processed/S0820a_ablation_A_times.npy
36fffd992800b7fc7923e43438e8f9f870cbe6093d4e4ca9d406e8c0a86a68d4	184128	data/processed/S0820a_ablation_A_waveform.npy
886e78803f786e13502635a56d0c381a80148b37c69a3fd0161df91d4040fd0d	46128	data/processed/S0820a_ablation_A_waveform_valid_samples.npy
8778e44a01efbaf386f70e67f1a1eb98361dc3d386d55a3d1753adc0b45f5e21	2129	data/processed/S0820a_ablation_B.normalization.json
32a32ffb7022ec3eec04d1dc1922083b57c47ee7a6aa7993b3dfd6a2a407e74a	184128	data/processed/S0820a_ablation_B_envelope.npy
ee8a955048933cfb99c6c9acdfefb6df91294cf7cb868caa19ad4985385fed55	46128	data/processed/S0820a_ablation_B_envelope_valid_samples.npy
3df7832234ab946b0bc54a82454e78b70adcb9902b3619f6ae4629020d23e850	368128	data/processed/S0820a_ablation_B_times.npy
4e0945b7f5f6918949fb6a04f2a9c11ba1ad1e4e2e58b23aeb9275be548855a7	184128	data/processed/S0820a_ablation_B_waveform.npy
886e78803f786e13502635a56d0c381a80148b37c69a3fd0161df91d4040fd0d	46128	data/processed/S0820a_ablation_B_waveform_valid_samples.npy
c304b310df34fb8f0d2437b916282577bc096f25a0ce040a85e6f5b43a7d556c	2126	data/processed/S0820a_ablation_C.normalization.json
2daa4020c602e798d6f9893efe1dd498cd8208643d49a8859985c5a52a2ee8c0	184128	data/processed/S0820a_ablation_C_envelope.npy
ee8a955048933cfb99c6c9acdfefb6df91294cf7cb868caa19ad4985385fed55	46128	data/processed/S0820a_ablation_C_envelope_valid_samples.npy
3df7832234ab946b0bc54a82454e78b70adcb9902b3619f6ae4629020d23e850	368128	data/processed/S0820a_ablation_C_times.npy
dbdc433ae1cb193b6fe63f3e9ece7cc3818328b8ece8c2581b5b7c8b6a5b575f	184128	data/processed/S0820a_ablation_C_waveform.npy
886e78803f786e13502635a56d0c381a80148b37c69a3fd0161df91d4040fd0d	46128	data/processed/S0820a_ablation_C_waveform_valid_samples.npy
3df7832234ab946b0bc54a82454e78b70adcb9902b3619f6ae4629020d23e850	368128	data/processed/S0820a_ablation_times.npy
886e78803f786e13502635a56d0c381a80148b37c69a3fd0161df91d4040fd0d	46128	data/processed/S0820a_ablation_valid_samples.npy
5ce62c396f9ef419005e93d875e3780b27a1bda7218339111c870126f24f9b47	2259	data/processed/S0820a_aligned_ablation.alignment.json
ffcee2fa4dc0674e3c1af689d438086a789c7e16611146ee42c1ca2aa6f61589	188416	data/processed/S0820a_aligned_ablation.mseed
93d1b84eb6c22edbfac6dd3f76c720b085f7e758d7696b4d57d67e03ff680ab3	2635	data/processed/S0820a_aligned_paperfaith.alignment.json
e21837ec68aa151d8d37c3c72ab919184c364a3bee8ce1afe743445a3f4c1443	188416	data/processed/S0820a_aligned_paperfaith.mseed
90c34d12e501eb21b808a7ab7d1b79707121693b1ce2238820585a2b9c690e87	4300838	data/processed/S0820a_fdpa.npz
11c97158bcce888a356a166b01bfac25096975355d16a9d4a6993da2e36114d4	2209	data/processed/S0820a_glitch_flags.json
d0061f052267bc54660f86ce7f4c6453ae9f79221d4f8e014d645efc7fb9a78b	4213679	data/processed/S0820a_mk_filterbank.npz
3f640c3eaf7af49c8239a0896c27ad5baea4624d281f5cfbcc6aac25975331bd	2137	data/processed/S0820a_paperfaith_A.normalization.json
1f1318aff3490368d339e5ef7b71ec632aae6a5c7e8984e9a8c9d0dfca16a381	184128	data/processed/S0820a_paperfaith_A_envelope.npy
ee8a955048933cfb99c6c9acdfefb6df91294cf7cb868caa19ad4985385fed55	46128	data/processed/S0820a_paperfaith_A_envelope_valid_samples.npy
3df7832234ab946b0bc54a82454e78b70adcb9902b3619f6ae4629020d23e850	368128	data/processed/S0820a_paperfaith_A_times.npy
316ad188a53971fc8debbe46b041d3381a13539875538c33e56a58d675d094bf	184128	data/processed/S0820a_paperfaith_A_waveform.npy
886e78803f786e13502635a56d0c381a80148b37c69a3fd0161df91d4040fd0d	46128	data/processed/S0820a_paperfaith_A_waveform_valid_samples.npy
1fe60ac984a6c7ec8d381eafaa2789d4b9b15a807fbb0fa8b236a71970ce859f	2139	data/processed/S0820a_paperfaith_B.normalization.json
4b92ab5101291474de9ba6980b831029a6a5f9ce1f6ec03fcb6de4b75a128bab	184128	data/processed/S0820a_paperfaith_B_envelope.npy
ee8a955048933cfb99c6c9acdfefb6df91294cf7cb868caa19ad4985385fed55	46128	data/processed/S0820a_paperfaith_B_envelope_valid_samples.npy
3df7832234ab946b0bc54a82454e78b70adcb9902b3619f6ae4629020d23e850	368128	data/processed/S0820a_paperfaith_B_times.npy
29de36ad3a3ff20960919c9716320e66622141597f342cc4c6d355cf9d46607d	184128	data/processed/S0820a_paperfaith_B_waveform.npy
886e78803f786e13502635a56d0c381a80148b37c69a3fd0161df91d4040fd0d	46128	data/processed/S0820a_paperfaith_B_waveform_valid_samples.npy
004dfa0669f211180a6c498f5ddc3ab77f9491833c36efc7314baa615ad2624c	2136	data/processed/S0820a_paperfaith_C.normalization.json
de6f1bb093d9679ee5e3f1abf07442a4e319aeb6b8ba327908deebadc575b660	184128	data/processed/S0820a_paperfaith_C_envelope.npy
ee8a955048933cfb99c6c9acdfefb6df91294cf7cb868caa19ad4985385fed55	46128	data/processed/S0820a_paperfaith_C_envelope_valid_samples.npy
3df7832234ab946b0bc54a82454e78b70adcb9902b3619f6ae4629020d23e850	368128	data/processed/S0820a_paperfaith_C_times.npy
40aba0a518001040c852d2953cacab3628b1495b3d46a93770701f1018e62495	184128	data/processed/S0820a_paperfaith_C_waveform.npy
886e78803f786e13502635a56d0c381a80148b37c69a3fd0161df91d4040fd0d	46128	data/processed/S0820a_paperfaith_C_waveform_valid_samples.npy
3df7832234ab946b0bc54a82454e78b70adcb9902b3619f6ae4629020d23e850	368128	data/processed/S0820a_paperfaith_times.npy
886e78803f786e13502635a56d0c381a80148b37c69a3fd0161df91d4040fd0d	46128	data/processed/S0820a_paperfaith_valid_samples.npy
32f67c65a449ae9b03552af22130a4db9b87971953d0aa44333248be21671856	626688	data/processed/S0864a_ZNE.mseed
22d1f3a17a9a38b3e0942c49af48bfa5ef97effa0460f6b29f02b64782122cb5	1010	data/processed/S0864a_ZNE.rotation.json
5f3eba3225b826b230e50c228b2389d8dd373b91ae23ee5ba3512ed4e8284d73	629	data/processed/S0864a_Z_filt.bandpass.json
23068511355b0ecb546b377ce4f4dc00aeac7a8ed76597eec7861abc850df903	208896	data/processed/S0864a_Z_filt.mseed
f78d7435936e68fa81a1806eee5d1d50bbf45b70750e448fb74bf60e1af55fa6	208896	data/processed/S0864a_Z_polfilt.mseed
e6be8e8b7e23fd783718deb9ab9d2d6da4eabbe3831fc0e6a7f98be352a5de51	1339	data/processed/S0864a_Z_polfilt.polarization.json
fe68202181b846c28b79dcc5cf0aa7ac33fc984c0e100f90515271aa8ea88647	2127	data/processed/S0864a_ablation_A.normalization.json
cf0527ea823e67d31076aff87e3afdf99f81c14684503352f09a6f6e53e5d2fc	184128	data/processed/S0864a_ablation_A_envelope.npy
cc710ad2f198f303524940b506ca26091bb8efbe55e12f35505ca4ddb2ee8883	46128	data/processed/S0864a_ablation_A_envelope_valid_samples.npy
3df7832234ab946b0bc54a82454e78b70adcb9902b3619f6ae4629020d23e850	368128	data/processed/S0864a_ablation_A_times.npy
867170ef00fc71869121149b60c50af8ec2f1088e1794752e357943d03fb8b98	184128	data/processed/S0864a_ablation_A_waveform.npy
50ad431b73033950a6d02f35e49bc03f6c3296c51b796760f8c4283dd06d18f6	46128	data/processed/S0864a_ablation_A_waveform_valid_samples.npy
a4c66ba7ca972062f4f8a9841b4e689358401584fb2646e0ccd38777caf4c00e	2129	data/processed/S0864a_ablation_B.normalization.json
0da2c8cc8a5f44f309fbd5b5d4daea78f11a810bb61a09a388db73a6337fd7e6	184128	data/processed/S0864a_ablation_B_envelope.npy
cc710ad2f198f303524940b506ca26091bb8efbe55e12f35505ca4ddb2ee8883	46128	data/processed/S0864a_ablation_B_envelope_valid_samples.npy
3df7832234ab946b0bc54a82454e78b70adcb9902b3619f6ae4629020d23e850	368128	data/processed/S0864a_ablation_B_times.npy
611f16e6a2e963878a148bf600be015fccfb3d21aa5140fc3321141e94a067e9	184128	data/processed/S0864a_ablation_B_waveform.npy
50ad431b73033950a6d02f35e49bc03f6c3296c51b796760f8c4283dd06d18f6	46128	data/processed/S0864a_ablation_B_waveform_valid_samples.npy
b1c74a90fc72a0ce4aec2dffdb487bd61b8738ba66a0de43b2aec6c993d28bd1	2126	data/processed/S0864a_ablation_C.normalization.json
adebafa0937afac033f603ffad5aa0f5c69314e397548a17091bd39a0e9f388e	184128	data/processed/S0864a_ablation_C_envelope.npy
cc710ad2f198f303524940b506ca26091bb8efbe55e12f35505ca4ddb2ee8883	46128	data/processed/S0864a_ablation_C_envelope_valid_samples.npy
3df7832234ab946b0bc54a82454e78b70adcb9902b3619f6ae4629020d23e850	368128	data/processed/S0864a_ablation_C_times.npy
976e3e08066dd73c1d75e45bf71024b0b9b3e3356b712eae6b78e4bd243c5d21	184128	data/processed/S0864a_ablation_C_waveform.npy
50ad431b73033950a6d02f35e49bc03f6c3296c51b796760f8c4283dd06d18f6	46128	data/processed/S0864a_ablation_C_waveform_valid_samples.npy
3df7832234ab946b0bc54a82454e78b70adcb9902b3619f6ae4629020d23e850	368128	data/processed/S0864a_ablation_times.npy
50ad431b73033950a6d02f35e49bc03f6c3296c51b796760f8c4283dd06d18f6	46128	data/processed/S0864a_ablation_valid_samples.npy
e45566cc1f49e3370ff18beb4a4428cb784ddd5595f8b99299348bdab97fb796	2275	data/processed/S0864a_aligned_ablation.alignment.json
3d80245720dec0ce54ae2697b1d1fba3506f096e18547eaf3be7f489a163ca0a	188416	data/processed/S0864a_aligned_ablation.mseed
3fa3ae9e01229b1992ba9cbee531ff1e505ec2f4e5a331326f5d9271f84a52b6	2651	data/processed/S0864a_aligned_paperfaith.alignment.json
da28655784a0cddfe8aad593a0126836b6cc48b5acf19acc2b99c68b6d2122b7	188416	data/processed/S0864a_aligned_paperfaith.mseed
5e93dc70611dd0f63ede5fb0a95594a3b329c53fee6d66e1354746b629b15daf	4329039	data/processed/S0864a_fdpa.npz
3de3319ddbf5a5e3855930d58d1d27e4b753e43718f444ebcc4fed9b4fea8962	576	data/processed/S0864a_glitch_flags.json
e556610238e653be556d4cfb7dc9b55a9471b16ddd8c67cf0cae5fbbe52d42f3	4232033	data/processed/S0864a_mk_filterbank.npz
207229a1c1d1087699846b50859b63cb4a1941d47686a2183cd94711639f9fe3	2137	data/processed/S0864a_paperfaith_A.normalization.json
dcc6c94b1dcae1754c8890f07e4a5ba7c596281765d625997ea146c876756d14	184128	data/processed/S0864a_paperfaith_A_envelope.npy
cc710ad2f198f303524940b506ca26091bb8efbe55e12f35505ca4ddb2ee8883	46128	data/processed/S0864a_paperfaith_A_envelope_valid_samples.npy
3df7832234ab946b0bc54a82454e78b70adcb9902b3619f6ae4629020d23e850	368128	data/processed/S0864a_paperfaith_A_times.npy
9c9f094143f19a3180249ca209f5a9671b3adc42ac70ab81b734f81ac3a1f99c	184128	data/processed/S0864a_paperfaith_A_waveform.npy
50ad431b73033950a6d02f35e49bc03f6c3296c51b796760f8c4283dd06d18f6	46128	data/processed/S0864a_paperfaith_A_waveform_valid_samples.npy
1f0b3bf51d19c25891eb9db3dab4fc8c2243436cf06154be57a0b75514dc8c30	2139	data/processed/S0864a_paperfaith_B.normalization.json
8e63a8db7d8eb710ba8b75f3b93f28c19b2649f41d6a7ea9030bc3ce7095f623	184128	data/processed/S0864a_paperfaith_B_envelope.npy
cc710ad2f198f303524940b506ca26091bb8efbe55e12f35505ca4ddb2ee8883	46128	data/processed/S0864a_paperfaith_B_envelope_valid_samples.npy
3df7832234ab946b0bc54a82454e78b70adcb9902b3619f6ae4629020d23e850	368128	data/processed/S0864a_paperfaith_B_times.npy
ae659f1ef730d8719f1bcbd5bb3922082054bb038f0ad1d8f44598614d374b69	184128	data/processed/S0864a_paperfaith_B_waveform.npy
50ad431b73033950a6d02f35e49bc03f6c3296c51b796760f8c4283dd06d18f6	46128	data/processed/S0864a_paperfaith_B_waveform_valid_samples.npy
150abf0ac8f10ee55aa48a851e966b0d87c21d58af59324607d4d4aeac256249	2136	data/processed/S0864a_paperfaith_C.normalization.json
38fad0fa5b19ff13921ca9dc45dcb1e63e593e3b793d5a40109d47e4695de12d	184128	data/processed/S0864a_paperfaith_C_envelope.npy
cc710ad2f198f303524940b506ca26091bb8efbe55e12f35505ca4ddb2ee8883	46128	data/processed/S0864a_paperfaith_C_envelope_valid_samples.npy
3df7832234ab946b0bc54a82454e78b70adcb9902b3619f6ae4629020d23e850	368128	data/processed/S0864a_paperfaith_C_times.npy
8f77d5e69fb9030193f6908b1223734c3463e41b27c48d7ce237e99812bb4128	184128	data/processed/S0864a_paperfaith_C_waveform.npy
50ad431b73033950a6d02f35e49bc03f6c3296c51b796760f8c4283dd06d18f6	46128	data/processed/S0864a_paperfaith_C_waveform_valid_samples.npy
3df7832234ab946b0bc54a82454e78b70adcb9902b3619f6ae4629020d23e850	368128	data/processed/S0864a_paperfaith_times.npy
50ad431b73033950a6d02f35e49bc03f6c3296c51b796760f8c4283dd06d18f6	46128	data/processed/S0864a_paperfaith_valid_samples.npy
a59743d004caf8bf15105ea47597e12e007d2a70285878f8e1ec1609fb135018	626688	data/processed/S0916d_ZNE.mseed
d23051fcb79e5324dda469b32b6e2b11b160a9fed07ca92868c6ce0be160bc83	1010	data/processed/S0916d_ZNE.rotation.json
2c48799e1d4a896f76c89dd4c5c5151c049da23c374cce4c360e948ef88c17bd	629	data/processed/S0916d_Z_filt.bandpass.json
95bd888b9a615e9049d70ee8cca3c6100e7fa941981536e507436555c902fb2c	208896	data/processed/S0916d_Z_filt.mseed
ffa68b2c3b22db726eb06a0694784623d79c00b6dc12daa9bb8aa8daab7a0781	208896	data/processed/S0916d_Z_polfilt.mseed
b43da5adc41171ca566130c55d0c5f307cff032c96c87f915ba4d09dca1db243	1339	data/processed/S0916d_Z_polfilt.polarization.json
634efec1fb2bfeeab8704fb3ff1d357efa1479b7cdca10a6a36df84990a82050	2127	data/processed/S0916d_ablation_A.normalization.json
2ec07b26364be7cf786e3f65137ca979bdd6ca0273938cd3813d0d995a5a704e	184128	data/processed/S0916d_ablation_A_envelope.npy
e594352ffa96150a7126d463b4635bd0793c65a1f38f4f982fb450776c2dbe48	46128	data/processed/S0916d_ablation_A_envelope_valid_samples.npy
3df7832234ab946b0bc54a82454e78b70adcb9902b3619f6ae4629020d23e850	368128	data/processed/S0916d_ablation_A_times.npy
77f23d21036c53a037e5791557391cf8e87b4efc3bd72f552d7a98943c202d18	184128	data/processed/S0916d_ablation_A_waveform.npy
b9cada92e4208d26662638911b30e7b30b9e6646435ea5f0db64c683dee8dfed	46128	data/processed/S0916d_ablation_A_waveform_valid_samples.npy
e47b38ad0df39320e04e9548bb9c5f7c60c315778506babf25a182660adb7477	2129	data/processed/S0916d_ablation_B.normalization.json
983553a8c2c1a7e96b114a9e961a70a65942eb9f0e78ca7c2799a2bf02244f91	184128	data/processed/S0916d_ablation_B_envelope.npy
e594352ffa96150a7126d463b4635bd0793c65a1f38f4f982fb450776c2dbe48	46128	data/processed/S0916d_ablation_B_envelope_valid_samples.npy
3df7832234ab946b0bc54a82454e78b70adcb9902b3619f6ae4629020d23e850	368128	data/processed/S0916d_ablation_B_times.npy
35148a61f274c72af18ecf7266b82fd06d32f302856d898e26bf9380af1f743f	184128	data/processed/S0916d_ablation_B_waveform.npy
b9cada92e4208d26662638911b30e7b30b9e6646435ea5f0db64c683dee8dfed	46128	data/processed/S0916d_ablation_B_waveform_valid_samples.npy
beafa801abe782ce02c0d6f98cf57b8a2749e7ffff463b808f7078f4c89f433f	2126	data/processed/S0916d_ablation_C.normalization.json
ad2280aa86a9fb5db6295796a54dc52d064e02a94157d95d0b475b4a0a238c43	184128	data/processed/S0916d_ablation_C_envelope.npy
e594352ffa96150a7126d463b4635bd0793c65a1f38f4f982fb450776c2dbe48	46128	data/processed/S0916d_ablation_C_envelope_valid_samples.npy
3df7832234ab946b0bc54a82454e78b70adcb9902b3619f6ae4629020d23e850	368128	data/processed/S0916d_ablation_C_times.npy
66f365cff15797be7e22c1bbb819b11059e6cf6f8a3f738aa32181a693568042	184128	data/processed/S0916d_ablation_C_waveform.npy
b9cada92e4208d26662638911b30e7b30b9e6646435ea5f0db64c683dee8dfed	46128	data/processed/S0916d_ablation_C_waveform_valid_samples.npy
3df7832234ab946b0bc54a82454e78b70adcb9902b3619f6ae4629020d23e850	368128	data/processed/S0916d_ablation_times.npy
b9cada92e4208d26662638911b30e7b30b9e6646435ea5f0db64c683dee8dfed	46128	data/processed/S0916d_ablation_valid_samples.npy
55e62999f3d21f678c18c9a9d2aceeac56f56227abd6d62109016c1fdc072367	2272	data/processed/S0916d_aligned_ablation.alignment.json
084c64a5bd25c64b250653de6fa3574220b4cf9bb150e2d16fa213e5e02f7111	188416	data/processed/S0916d_aligned_ablation.mseed
5a434fca6ed2d9d2c192b0cbf280b87b474b5eee068809d88592510e7b3edd33	2648	data/processed/S0916d_aligned_paperfaith.alignment.json
a53b79d4371e1f745a702a0749a08e8c5f66651fbff39be8d8397fd3f9edcbec	188416	data/processed/S0916d_aligned_paperfaith.mseed
8824e0045c57c0b8fb65e25293b36a8890093b55253cbe640822a15a9267e67d	4299976	data/processed/S0916d_fdpa.npz
70cf40985fe011166da65948095c6505af7cee20119a865ae6290cdf66b79e1d	1337	data/processed/S0916d_glitch_flags.json
681e192a720acf29365b52f55331ca606054953f7c65f690ad4d4e4ade479445	4205937	data/processed/S0916d_mk_filterbank.npz
4571e487d8479bac2aaa918dca561b2bd55517ba12440e4385de366b1b7e62cf	2137	data/processed/S0916d_paperfaith_A.normalization.json
b0fb81f394354c30fcc7f29842d29545db496065597eccd8c163a45c9b49ae1a	184128	data/processed/S0916d_paperfaith_A_envelope.npy
e594352ffa96150a7126d463b4635bd0793c65a1f38f4f982fb450776c2dbe48	46128	data/processed/S0916d_paperfaith_A_envelope_valid_samples.npy
3df7832234ab946b0bc54a82454e78b70adcb9902b3619f6ae4629020d23e850	368128	data/processed/S0916d_paperfaith_A_times.npy
c5f1c5b9f29034b050f32b3cad236d665a2bac259a12e319f4ab8d9959bed707	184128	data/processed/S0916d_paperfaith_A_waveform.npy
b9cada92e4208d26662638911b30e7b30b9e6646435ea5f0db64c683dee8dfed	46128	data/processed/S0916d_paperfaith_A_waveform_valid_samples.npy
75328e45ad53929f0f6cd95aca51446df229faa6f90d3d2cbabbe478217e1f96	2139	data/processed/S0916d_paperfaith_B.normalization.json
3037b52a6ad701dc1e3312a944e57ca67b69b582b37cac63235edffd29a482d7	184128	data/processed/S0916d_paperfaith_B_envelope.npy
e594352ffa96150a7126d463b4635bd0793c65a1f38f4f982fb450776c2dbe48	46128	data/processed/S0916d_paperfaith_B_envelope_valid_samples.npy
3df7832234ab946b0bc54a82454e78b70adcb9902b3619f6ae4629020d23e850	368128	data/processed/S0916d_paperfaith_B_times.npy
a72fbf0a01a8db370e79747c4d96f12e4dba5c8f638edb43771b031fb8ebf361	184128	data/processed/S0916d_paperfaith_B_waveform.npy
b9cada92e4208d26662638911b30e7b30b9e6646435ea5f0db64c683dee8dfed	46128	data/processed/S0916d_paperfaith_B_waveform_valid_samples.npy
55f74eade18290202f06ef13517cf05b4c8ca0aab1a6b2437a72d6eef204e7f5	2136	data/processed/S0916d_paperfaith_C.normalization.json
01324d65631004b5e94758f75c356489260556dd87d7421962b5b13bd8c9aeb0	184128	data/processed/S0916d_paperfaith_C_envelope.npy
e594352ffa96150a7126d463b4635bd0793c65a1f38f4f982fb450776c2dbe48	46128	data/processed/S0916d_paperfaith_C_envelope_valid_samples.npy
3df7832234ab946b0bc54a82454e78b70adcb9902b3619f6ae4629020d23e850	368128	data/processed/S0916d_paperfaith_C_times.npy
783246b2a76be87a4d1e09b3fd38400b6c6f4b9a7ff8430356ac2251a76cc93d	184128	data/processed/S0916d_paperfaith_C_waveform.npy
b9cada92e4208d26662638911b30e7b30b9e6646435ea5f0db64c683dee8dfed	46128	data/processed/S0916d_paperfaith_C_waveform_valid_samples.npy
3df7832234ab946b0bc54a82454e78b70adcb9902b3619f6ae4629020d23e850	368128	data/processed/S0916d_paperfaith_times.npy
b9cada92e4208d26662638911b30e7b30b9e6646435ea5f0db64c683dee8dfed	46128	data/processed/S0916d_paperfaith_valid_samples.npy
80d9f0e8bc114e7e9cdfe783970039497feb4cbe055c0c5841ba2bf3e4bce965	626688	data/processed/S0918a_ZNE.mseed
b15aed92fefac6d61ae3dfd8a656234c38fbe579de688fa17232be9399b44653	1008	data/processed/S0918a_ZNE.rotation.json
c502123600f24c2342564d71b13e3c1286f1a58764298d3bc7aef30a683f812d	629	data/processed/S0918a_Z_filt.bandpass.json
cd2461db1bedfe8187fad43c2ab7dcf94255ae434ea807fe22c158db7a4f2a9f	208896	data/processed/S0918a_Z_filt.mseed
d8220ab0446b8f64d0b9a3a60d81a9adac5632a3002c2506dbb0bde1cab66461	208896	data/processed/S0918a_Z_polfilt.mseed
0d6158f744a3ee43f9021af66066205cf2e6665f70b9d321bebcde65e807bbce	1339	data/processed/S0918a_Z_polfilt.polarization.json
d84c1b968446abcec05719e02bb7bb76a27f8d41d3fbd60e133ed96a54abbc04	2127	data/processed/S0918a_ablation_A.normalization.json
978dacc5544c9c194acca4459b89c8f92a2575c840ca18638c4501982a71fd26	184128	data/processed/S0918a_ablation_A_envelope.npy
e594352ffa96150a7126d463b4635bd0793c65a1f38f4f982fb450776c2dbe48	46128	data/processed/S0918a_ablation_A_envelope_valid_samples.npy
3df7832234ab946b0bc54a82454e78b70adcb9902b3619f6ae4629020d23e850	368128	data/processed/S0918a_ablation_A_times.npy
1bad872b80c7ba822dd190e4432380f932f2feb22e3fe76f0dc6cba6d9afa851	184128	data/processed/S0918a_ablation_A_waveform.npy
b9cada92e4208d26662638911b30e7b30b9e6646435ea5f0db64c683dee8dfed	46128	data/processed/S0918a_ablation_A_waveform_valid_samples.npy
ae2d5dc2f4591479678745f1534a0063432e7418ddc65d52c84f47c9544fd6d1	2129	data/processed/S0918a_ablation_B.normalization.json
60e273018c7cafa0433bcaa5ac0aae3465c38e91ec92159cbf4eb5bc1b30f955	184128	data/processed/S0918a_ablation_B_envelope.npy
e594352ffa96150a7126d463b4635bd0793c65a1f38f4f982fb450776c2dbe48	46128	data/processed/S0918a_ablation_B_envelope_valid_samples.npy
3df7832234ab946b0bc54a82454e78b70adcb9902b3619f6ae4629020d23e850	368128	data/processed/S0918a_ablation_B_times.npy
452dc1a999be7be85e12bd073c119a6174d65790370b897effc948ffe7ea2d3e	184128	data/processed/S0918a_ablation_B_waveform.npy
b9cada92e4208d26662638911b30e7b30b9e6646435ea5f0db64c683dee8dfed	46128	data/processed/S0918a_ablation_B_waveform_valid_samples.npy
f657b2279586a242590856e92ef22e22e00dfdbd02ec7c61d472dab642c0c45f	2126	data/processed/S0918a_ablation_C.normalization.json
61629dd33efef66603bb9672d3cfc42abe7ffe985c52aeec7663a8b35eac0249	184128	data/processed/S0918a_ablation_C_envelope.npy
e594352ffa96150a7126d463b4635bd0793c65a1f38f4f982fb450776c2dbe48	46128	data/processed/S0918a_ablation_C_envelope_valid_samples.npy
3df7832234ab946b0bc54a82454e78b70adcb9902b3619f6ae4629020d23e850	368128	data/processed/S0918a_ablation_C_times.npy
f8337c893efa105e603a03a84f3424c628917ca7a91b9f41ee47bcd29352f35d	184128	data/processed/S0918a_ablation_C_waveform.npy
b9cada92e4208d26662638911b30e7b30b9e6646435ea5f0db64c683dee8dfed	46128	data/processed/S0918a_ablation_C_waveform_valid_samples.npy
3df7832234ab946b0bc54a82454e78b70adcb9902b3619f6ae4629020d23e850	368128	data/processed/S0918a_ablation_times.npy
b9cada92e4208d26662638911b30e7b30b9e6646435ea5f0db64c683dee8dfed	46128	data/processed/S0918a_ablation_valid_samples.npy
39fc9a2b41187bee7006a83cb0246e3599ce619b0b6d491cf28ad58f78dec2cb	2274	data/processed/S0918a_aligned_ablation.alignment.json
69680308fe0d61bd8b1cfd40a999489f4c9b995a23536feaf05c778f30c67d00	188416	data/processed/S0918a_aligned_ablation.mseed
885d7d6b184fecae056adda6ae1d384f88edd0a1e8717929d95ce46b693359f7	2650	data/processed/S0918a_aligned_paperfaith.alignment.json
ab5f5b841353cf360cb3e0397ecd4b4886d2a5477f2dcd64448f2e72b53ba1c4	188416	data/processed/S0918a_aligned_paperfaith.mseed
85a782f17ebc220ac1b718d17dbef186f726f66d3abd6b4e4188dc8e3843f7ac	4341370	data/processed/S0918a_fdpa.npz
bbab946237f3e0b370f48066d5c980c936f85aa6eefc5e174400e7a4e10a5edc	1343	data/processed/S0918a_glitch_flags.json
12e61aee8b6c873e0117557e033faebcf172f034ca833ce1b3a3f5b401721aa2	4212562	data/processed/S0918a_mk_filterbank.npz
d793aaef045ac3dc6d31be7312fa045b2872d8ad27bf7b35f2627de8313a5663	2137	data/processed/S0918a_paperfaith_A.normalization.json
bbae1eb2a09c2c2804b8c3fb12e3ddcff6cc5e78e89d2b25b70bf8c463d1c919	184128	data/processed/S0918a_paperfaith_A_envelope.npy
e594352ffa96150a7126d463b4635bd0793c65a1f38f4f982fb450776c2dbe48	46128	data/processed/S0918a_paperfaith_A_envelope_valid_samples.npy
3df7832234ab946b0bc54a82454e78b70adcb9902b3619f6ae4629020d23e850	368128	data/processed/S0918a_paperfaith_A_times.npy
2740b4589b35c57ddb2a90f4a38f2a46715e3dec392cafcafab4ab4a00526f40	184128	data/processed/S0918a_paperfaith_A_waveform.npy
b9cada92e4208d26662638911b30e7b30b9e6646435ea5f0db64c683dee8dfed	46128	data/processed/S0918a_paperfaith_A_waveform_valid_samples.npy
ce4862569719d14df08a3cbbe28297e455144e91eadc315671b0bccfaee7d983	2139	data/processed/S0918a_paperfaith_B.normalization.json
9fe3dfe25176b32bd3af916d254113f92da0139368d058dfc19e4d5930268472	184128	data/processed/S0918a_paperfaith_B_envelope.npy
e594352ffa96150a7126d463b4635bd0793c65a1f38f4f982fb450776c2dbe48	46128	data/processed/S0918a_paperfaith_B_envelope_valid_samples.npy
3df7832234ab946b0bc54a82454e78b70adcb9902b3619f6ae4629020d23e850	368128	data/processed/S0918a_paperfaith_B_times.npy
35b82b4e8d3fa7839670d9f9b28ac26f93e63de75c3709f0da9d5abe98d42306	184128	data/processed/S0918a_paperfaith_B_waveform.npy
b9cada92e4208d26662638911b30e7b30b9e6646435ea5f0db64c683dee8dfed	46128	data/processed/S0918a_paperfaith_B_waveform_valid_samples.npy
20547b1852a893466a8024802504b08103ed36fb692ec293bbbe7384f74b99cb	2136	data/processed/S0918a_paperfaith_C.normalization.json
3f618ffaa0cc158b7ffe8cbbf93cd61a70d9bb24d74579d11fdee3dfb340fb9a	184128	data/processed/S0918a_paperfaith_C_envelope.npy
e594352ffa96150a7126d463b4635bd0793c65a1f38f4f982fb450776c2dbe48	46128	data/processed/S0918a_paperfaith_C_envelope_valid_samples.npy
3df7832234ab946b0bc54a82454e78b70adcb9902b3619f6ae4629020d23e850	368128	data/processed/S0918a_paperfaith_C_times.npy
28f7723de61888f0fe9f30175a5fa9eef0a616a6b4d12ce8e55238c43b2f82cd	184128	data/processed/S0918a_paperfaith_C_waveform.npy
b9cada92e4208d26662638911b30e7b30b9e6646435ea5f0db64c683dee8dfed	46128	data/processed/S0918a_paperfaith_C_waveform_valid_samples.npy
3df7832234ab946b0bc54a82454e78b70adcb9902b3619f6ae4629020d23e850	368128	data/processed/S0918a_paperfaith_times.npy
b9cada92e4208d26662638911b30e7b30b9e6646435ea5f0db64c683dee8dfed	46128	data/processed/S0918a_paperfaith_valid_samples.npy
068c150b0bd018dd2ed44a41c55e2460e2ec2d15e53f10f33aa3c74964124a17	626688	data/processed/S1012d_ZNE.mseed
63172e94c6605f289ab9349a3967daaefe6c0ad44367211890a733d338e77084	1008	data/processed/S1012d_ZNE.rotation.json
99f460d7557a950bf7ab53ba4d146bf24862ed22040250566e7e22c7e5cabd38	629	data/processed/S1012d_Z_filt.bandpass.json
b1e170d2a672d0218014d2e66c9c335ef544530bc76091701ca9c9860ac1c9fb	208896	data/processed/S1012d_Z_filt.mseed
7b088d66616ed577164ff4bf151d6aaf5528c5357122161960e53c26cfd210a8	208896	data/processed/S1012d_Z_polfilt.mseed
c310b3e2514845755809740f7753b78804aaf09b1741b233f05ba8f91b8efc2b	1339	data/processed/S1012d_Z_polfilt.polarization.json
af1ebdf882a0500746406d445f55b16caca3881439c4fe646f527cc7372d8934	2127	data/processed/S1012d_ablation_A.normalization.json
cef4d158d09734b8fb6551a78eb349ca316666c5d6cc6424843f003a13703293	184128	data/processed/S1012d_ablation_A_envelope.npy
fe790ec0c1a8efd8330b4b7c00498cc65ca04710be7210732083235e6623290d	46128	data/processed/S1012d_ablation_A_envelope_valid_samples.npy
3df7832234ab946b0bc54a82454e78b70adcb9902b3619f6ae4629020d23e850	368128	data/processed/S1012d_ablation_A_times.npy
a87a0af6f483d3603dec3d17dfe61f2afa27b18ae8dddd44859b9bf902dd7c05	184128	data/processed/S1012d_ablation_A_waveform.npy
b7d439cbd84fd20aa8243c9f0922842bcac2b453649807348eda852b4f0cfbaa	46128	data/processed/S1012d_ablation_A_waveform_valid_samples.npy
dc5110c4eb317ad676bfde1813f9ca39411fa72453ff0dbd55959ef0550c5e9f	2129	data/processed/S1012d_ablation_B.normalization.json
240fe427d467b8a33418777bae6aa8dfc2f80f2944f66e23b92202bfc4ffbabf	184128	data/processed/S1012d_ablation_B_envelope.npy
fe790ec0c1a8efd8330b4b7c00498cc65ca04710be7210732083235e6623290d	46128	data/processed/S1012d_ablation_B_envelope_valid_samples.npy
3df7832234ab946b0bc54a82454e78b70adcb9902b3619f6ae4629020d23e850	368128	data/processed/S1012d_ablation_B_times.npy
2ccfaa2c4f7de997f3c071ce3f3d19966adb34bb97863e79df0572298a036171	184128	data/processed/S1012d_ablation_B_waveform.npy
b7d439cbd84fd20aa8243c9f0922842bcac2b453649807348eda852b4f0cfbaa	46128	data/processed/S1012d_ablation_B_waveform_valid_samples.npy
511f1fcf348e42431f7d5a92b0995fd1c97171dded3a9005d8933fcd8ff9a501	2126	data/processed/S1012d_ablation_C.normalization.json
033b9d784a1d39f28eeb4b31641e1a8dd7bd042900bfd96543f9c1c124295d2b	184128	data/processed/S1012d_ablation_C_envelope.npy
fe790ec0c1a8efd8330b4b7c00498cc65ca04710be7210732083235e6623290d	46128	data/processed/S1012d_ablation_C_envelope_valid_samples.npy
3df7832234ab946b0bc54a82454e78b70adcb9902b3619f6ae4629020d23e850	368128	data/processed/S1012d_ablation_C_times.npy
e1dcd81fbd09ab1b67f37284f89186d6b7d1704d55a7e9c2e3e8ce2c37aa805d	184128	data/processed/S1012d_ablation_C_waveform.npy
b7d439cbd84fd20aa8243c9f0922842bcac2b453649807348eda852b4f0cfbaa	46128	data/processed/S1012d_ablation_C_waveform_valid_samples.npy
3df7832234ab946b0bc54a82454e78b70adcb9902b3619f6ae4629020d23e850	368128	data/processed/S1012d_ablation_times.npy
b7d439cbd84fd20aa8243c9f0922842bcac2b453649807348eda852b4f0cfbaa	46128	data/processed/S1012d_ablation_valid_samples.npy
1dda005527eb158f0fa1ace9b150e772e45f1235fd0d179bddaf3320f0a3e04c	2275	data/processed/S1012d_aligned_ablation.alignment.json
9b476528415b26e867f2357a46acfbfba6c13b9ac9056020fa76d098d42f340b	188416	data/processed/S1012d_aligned_ablation.mseed
8f0c28f7657c77cc4d20504ab10c2c05a5f97c2fb8aea74d8e6c29134b59912c	2651	data/processed/S1012d_aligned_paperfaith.alignment.json
1fffafea6ed972db3d5dbc746e5b3da68d8bb3c14f41bcfab23d0bf7000c37a5	188416	data/processed/S1012d_aligned_paperfaith.mseed
72f5e6970a47a869fcbb913361d114c6eb0c59bc37502bb90d9f9eda49b97937	4293316	data/processed/S1012d_fdpa.npz
6ce271080f8a2f9a4df54a6b299d054a2ee803e8d400a9c1f2f5f274040c823e	1171	data/processed/S1012d_glitch_flags.json
bffa2a2c1073253015327d69bfbdae11cde4198ba7701f94a708b5cc8ddd82d6	4226738	data/processed/S1012d_mk_filterbank.npz
a9276560fe925cbd78dd85dd1f68178e88ce007817523de057c66fb74d45880d	2137	data/processed/S1012d_paperfaith_A.normalization.json
53e51171bd167626ac08d57e4d8ec43fa8268d45925f55a6916c8703a091f162	184128	data/processed/S1012d_paperfaith_A_envelope.npy
fe790ec0c1a8efd8330b4b7c00498cc65ca04710be7210732083235e6623290d	46128	data/processed/S1012d_paperfaith_A_envelope_valid_samples.npy
3df7832234ab946b0bc54a82454e78b70adcb9902b3619f6ae4629020d23e850	368128	data/processed/S1012d_paperfaith_A_times.npy
69e58815898924cc59b3a415ded213b8e2bf4ab8e6b1223f04eafcb469743108	184128	data/processed/S1012d_paperfaith_A_waveform.npy
b7d439cbd84fd20aa8243c9f0922842bcac2b453649807348eda852b4f0cfbaa	46128	data/processed/S1012d_paperfaith_A_waveform_valid_samples.npy
68fd847fd9ff1c18849ea0c9d899bccc6170a334d417b876d23a97abb0efcd65	2139	data/processed/S1012d_paperfaith_B.normalization.json
abc061f24409bfc84b0fc38e2237344407ce0e1c2c9ff6a013738f97582173b5	184128	data/processed/S1012d_paperfaith_B_envelope.npy
fe790ec0c1a8efd8330b4b7c00498cc65ca04710be7210732083235e6623290d	46128	data/processed/S1012d_paperfaith_B_envelope_valid_samples.npy
3df7832234ab946b0bc54a82454e78b70adcb9902b3619f6ae4629020d23e850	368128	data/processed/S1012d_paperfaith_B_times.npy
40b988f40bcf4f0a6e38066efade2ddd8e481086d5528f131fa552f27611f4b1	184128	data/processed/S1012d_paperfaith_B_waveform.npy
b7d439cbd84fd20aa8243c9f0922842bcac2b453649807348eda852b4f0cfbaa	46128	data/processed/S1012d_paperfaith_B_waveform_valid_samples.npy
918a336e7c25af51fcca6025a94223d79f00d0b3e2b8f09d6b74baf6028eb479	2136	data/processed/S1012d_paperfaith_C.normalization.json
9936b1d5f092e883caed62e37c1feda791879276ad6542a738b8a6cd37d6f7e4	184128	data/processed/S1012d_paperfaith_C_envelope.npy
fe790ec0c1a8efd8330b4b7c00498cc65ca04710be7210732083235e6623290d	46128	data/processed/S1012d_paperfaith_C_envelope_valid_samples.npy
3df7832234ab946b0bc54a82454e78b70adcb9902b3619f6ae4629020d23e850	368128	data/processed/S1012d_paperfaith_C_times.npy
843c04f4a8f4e7a112bfeedb7e764785eb7e7a4f932adda72cd3fdfdf7ea3da5	184128	data/processed/S1012d_paperfaith_C_waveform.npy
b7d439cbd84fd20aa8243c9f0922842bcac2b453649807348eda852b4f0cfbaa	46128	data/processed/S1012d_paperfaith_C_waveform_valid_samples.npy
3df7832234ab946b0bc54a82454e78b70adcb9902b3619f6ae4629020d23e850	368128	data/processed/S1012d_paperfaith_times.npy
b7d439cbd84fd20aa8243c9f0922842bcac2b453649807348eda852b4f0cfbaa	46128	data/processed/S1012d_paperfaith_valid_samples.npy
8c9b6e3bd1303c5e5ed045ec1f38d92f1d49aac3da0b19e1e4f96245b4a6638b	626688	data/processed/S1022a_ZNE.mseed
43f200c48600e9b041e4685861016f063524d9346158fe1843939a2c207aa4d2	1008	data/processed/S1022a_ZNE.rotation.json
cc8e87f6250a47d5598c1ab3b69855207ec225d6969b4fe47319166490479787	629	data/processed/S1022a_Z_filt.bandpass.json
0985cf26dac9f3475043fd4fadacab6c0dc3cf8e207a84c01fdf4f9a45aa2ba9	208896	data/processed/S1022a_Z_filt.mseed
c8b7ee230eccad813ca864b2efc40e8cefa94ea09cdae8d8dfaacb2aa3c9a345	208896	data/processed/S1022a_Z_polfilt.mseed
73cd87ca7ed10d484f611a6d83236bbf2dd1c8baff378118539aece845e20da1	1339	data/processed/S1022a_Z_polfilt.polarization.json
f87b9d0f830e1735c3fe40e00c280a700f61975b0e098c01d30c2bb02ad47b18	2127	data/processed/S1022a_ablation_A.normalization.json
2c725231e41db6afc1dea40ee3ef4da864eef61cc8f64cbfc24033cb672837ed	184128	data/processed/S1022a_ablation_A_envelope.npy
f24408d5db9b526d7fbddbe533abd5ad1f216d21327a59e6e2ff3bb7034c51d9	46128	data/processed/S1022a_ablation_A_envelope_valid_samples.npy
3df7832234ab946b0bc54a82454e78b70adcb9902b3619f6ae4629020d23e850	368128	data/processed/S1022a_ablation_A_times.npy
0efaa815ab4702e0dc843e3c646e45043e48bd57e357d9a0a0a2d945224c6426	184128	data/processed/S1022a_ablation_A_waveform.npy
2de27db6a0ccc0270585f8b60faeb92ea435e9f254a596eb5494a050a43260e9	46128	data/processed/S1022a_ablation_A_waveform_valid_samples.npy
299ff2672b87571fbc91fed3f742753e4e6d22b45d60c8ac9d23a39f204c740b	2129	data/processed/S1022a_ablation_B.normalization.json
8293270eb83ff6afc49cbb3abf0bb94b3a02e24b33dfff9d46f84b7cb2d5f980	184128	data/processed/S1022a_ablation_B_envelope.npy
f24408d5db9b526d7fbddbe533abd5ad1f216d21327a59e6e2ff3bb7034c51d9	46128	data/processed/S1022a_ablation_B_envelope_valid_samples.npy
3df7832234ab946b0bc54a82454e78b70adcb9902b3619f6ae4629020d23e850	368128	data/processed/S1022a_ablation_B_times.npy
5bdc69b5685a77a20838606884e9e35346fe499fe87356fae303ea0b181fa039	184128	data/processed/S1022a_ablation_B_waveform.npy
2de27db6a0ccc0270585f8b60faeb92ea435e9f254a596eb5494a050a43260e9	46128	data/processed/S1022a_ablation_B_waveform_valid_samples.npy
ceb325cfe0cfac458bf7e84f8d1586543515cf9d55bdd97ac6e09b66a9796442	2126	data/processed/S1022a_ablation_C.normalization.json
9768731fdcd406ce945747978af69a912da93813268a16096a544167150e9026	184128	data/processed/S1022a_ablation_C_envelope.npy
f24408d5db9b526d7fbddbe533abd5ad1f216d21327a59e6e2ff3bb7034c51d9	46128	data/processed/S1022a_ablation_C_envelope_valid_samples.npy
3df7832234ab946b0bc54a82454e78b70adcb9902b3619f6ae4629020d23e850	368128	data/processed/S1022a_ablation_C_times.npy
acab2b21fefd55b077cbaaf00dd26af491f4aeb73a99b9c263a31bd47939631e	184128	data/processed/S1022a_ablation_C_waveform.npy
2de27db6a0ccc0270585f8b60faeb92ea435e9f254a596eb5494a050a43260e9	46128	data/processed/S1022a_ablation_C_waveform_valid_samples.npy
3df7832234ab946b0bc54a82454e78b70adcb9902b3619f6ae4629020d23e850	368128	data/processed/S1022a_ablation_times.npy
2de27db6a0ccc0270585f8b60faeb92ea435e9f254a596eb5494a050a43260e9	46128	data/processed/S1022a_ablation_valid_samples.npy
04eb917c06d1dfa418293c21a10424fd48331e7d6c820fd4259b9c81c5f85b49	2278	data/processed/S1022a_aligned_ablation.alignment.json
e8a9a1aa2571e67f8b0c53a8ce3a91168ec4d1baa464effa54c47cab3438f5b0	188416	data/processed/S1022a_aligned_ablation.mseed
6ab448c88b1b51235a2e7e10677a3f3e0d6eb1b8df65072d65da734b7fabea4a	2654	data/processed/S1022a_aligned_paperfaith.alignment.json
2c4400ce0a7236bf4ddba2672e086aa89ce12a3d3d191cec02bc873a3e2a74cb	188416	data/processed/S1022a_aligned_paperfaith.mseed
9d42d91306a550d17cf100664c01ad8da6b1818c9f07146c3964abe2bcc565e7	4337281	data/processed/S1022a_fdpa.npz
703754cdc1c6cbde23dcdf99f301c72bd0cec7483822a88b79490a15d521996d	506	data/processed/S1022a_glitch_flags.json
967ce2a2ff543e5c0af0e12d381229529db92adcbe722d7d6f0e4fbb3edab529	4251509	data/processed/S1022a_mk_filterbank.npz
7399f2083e671494c120af8f8a91134374bd648011ac433bb4a8811c0485cace	2137	data/processed/S1022a_paperfaith_A.normalization.json
e0df1901bb87a178460a00a0ff0c3f02bca4caf2116ed34082a1e05db4262fa5	184128	data/processed/S1022a_paperfaith_A_envelope.npy
f24408d5db9b526d7fbddbe533abd5ad1f216d21327a59e6e2ff3bb7034c51d9	46128	data/processed/S1022a_paperfaith_A_envelope_valid_samples.npy
3df7832234ab946b0bc54a82454e78b70adcb9902b3619f6ae4629020d23e850	368128	data/processed/S1022a_paperfaith_A_times.npy
a5f04ce9585d7217756a7ce15a04fb06e5f78ed4147903ce72b59650d4e7d62b	184128	data/processed/S1022a_paperfaith_A_waveform.npy
2de27db6a0ccc0270585f8b60faeb92ea435e9f254a596eb5494a050a43260e9	46128	data/processed/S1022a_paperfaith_A_waveform_valid_samples.npy
e839acfc92a9e101449ddcbaaba5331f67a551621917d0d8da739e02da3418f7	2139	data/processed/S1022a_paperfaith_B.normalization.json
65e433281061d2f89c5df346b2f95d977f93316d51d8768af80589e69f389752	184128	data/processed/S1022a_paperfaith_B_envelope.npy
f24408d5db9b526d7fbddbe533abd5ad1f216d21327a59e6e2ff3bb7034c51d9	46128	data/processed/S1022a_paperfaith_B_envelope_valid_samples.npy
3df7832234ab946b0bc54a82454e78b70adcb9902b3619f6ae4629020d23e850	368128	data/processed/S1022a_paperfaith_B_times.npy
9834c3f396db3391f9b047855b9268e05c35926a0232e78f5a673789edbf234c	184128	data/processed/S1022a_paperfaith_B_waveform.npy
2de27db6a0ccc0270585f8b60faeb92ea435e9f254a596eb5494a050a43260e9	46128	data/processed/S1022a_paperfaith_B_waveform_valid_samples.npy
c9499a10831dfa2cbd7ba4aaf438b7f0748bdf46e058f2438e6257fbaddd616b	2136	data/processed/S1022a_paperfaith_C.normalization.json
61dd77f3f0925dd81e8901cb586de82f1ff40445949e7bcdbd685bebd8836417	184128	data/processed/S1022a_paperfaith_C_envelope.npy
f24408d5db9b526d7fbddbe533abd5ad1f216d21327a59e6e2ff3bb7034c51d9	46128	data/processed/S1022a_paperfaith_C_envelope_valid_samples.npy
3df7832234ab946b0bc54a82454e78b70adcb9902b3619f6ae4629020d23e850	368128	data/processed/S1022a_paperfaith_C_times.npy
5cfe078347c62b0421fe845dd94f18d986d82ce60d921d74406781166e25f244	184128	data/processed/S1022a_paperfaith_C_waveform.npy
2de27db6a0ccc0270585f8b60faeb92ea435e9f254a596eb5494a050a43260e9	46128	data/processed/S1022a_paperfaith_C_waveform_valid_samples.npy
3df7832234ab946b0bc54a82454e78b70adcb9902b3619f6ae4629020d23e850	368128	data/processed/S1022a_paperfaith_times.npy
2de27db6a0ccc0270585f8b60faeb92ea435e9f254a596eb5494a050a43260e9	46128	data/processed/S1022a_paperfaith_valid_samples.npy
a9d2b71b50dbf9951d927ce14304823d165e7224e1131a8b092dfec86ff8b079	626688	data/processed/S1039b_ZNE.mseed
5c1c94c934df21cc9d3621f6e540a941bbf7612f4c80abd5d155d7a1c22a054f	1008	data/processed/S1039b_ZNE.rotation.json
edf275d1f582254c80861d407726b46ed2bab5f74abae7750501d7e88e493f2d	629	data/processed/S1039b_Z_filt.bandpass.json
8a3d67ea3ed95a0ffb515a2fd1d92cbb84f9173c6e1936340269da2d593f84c0	208896	data/processed/S1039b_Z_filt.mseed
8618b0ab1d82d589c02a81bd29cbee23aca1e92d346c4f87d25ce5dc067ac0f1	208896	data/processed/S1039b_Z_polfilt.mseed
5afcf9a01afb9bcc7bc40b5756b37e33bda262ee65844a39f9edd8cdc4e21e5b	1339	data/processed/S1039b_Z_polfilt.polarization.json
2008c085cb22020899c15551d1aaa50ffaa1e493edbc1a2bd9a951b348467a72	2127	data/processed/S1039b_ablation_A.normalization.json
9582b35f234e6a9805c35dcc48bf415c3a311bfc19534ca9586319acd1b00f83	184128	data/processed/S1039b_ablation_A_envelope.npy
ee8a955048933cfb99c6c9acdfefb6df91294cf7cb868caa19ad4985385fed55	46128	data/processed/S1039b_ablation_A_envelope_valid_samples.npy
3df7832234ab946b0bc54a82454e78b70adcb9902b3619f6ae4629020d23e850	368128	data/processed/S1039b_ablation_A_times.npy
ed6848fd9a30304c9a17b1cf06d9ea2c296b0e46e00a7870acf361c24c9f0f06	184128	data/processed/S1039b_ablation_A_waveform.npy
886e78803f786e13502635a56d0c381a80148b37c69a3fd0161df91d4040fd0d	46128	data/processed/S1039b_ablation_A_waveform_valid_samples.npy
05f3313b92c1723a2924c603ad07b7896698379c8327a00891dc3c0d4b1ebf52	2129	data/processed/S1039b_ablation_B.normalization.json
570661013752023f7ae73f69270c8ab1a0b7b35045e15276ef122e69d1ff666a	184128	data/processed/S1039b_ablation_B_envelope.npy
ee8a955048933cfb99c6c9acdfefb6df91294cf7cb868caa19ad4985385fed55	46128	data/processed/S1039b_ablation_B_envelope_valid_samples.npy
3df7832234ab946b0bc54a82454e78b70adcb9902b3619f6ae4629020d23e850	368128	data/processed/S1039b_ablation_B_times.npy
eb97ba857776338e7eaec5984ead059506007621a11e1dc315f5f880e57fe8a0	184128	data/processed/S1039b_ablation_B_waveform.npy
886e78803f786e13502635a56d0c381a80148b37c69a3fd0161df91d4040fd0d	46128	data/processed/S1039b_ablation_B_waveform_valid_samples.npy
d896fd037af958db1ab5da054c381150405f141eae0ba4787cc8ffd8e5abc693	2126	data/processed/S1039b_ablation_C.normalization.json
76a0fc5ad706f68fc7a81dfaebb3c1e0af1169b33835f257ddb817af2bb6123e	184128	data/processed/S1039b_ablation_C_envelope.npy
ee8a955048933cfb99c6c9acdfefb6df91294cf7cb868caa19ad4985385fed55	46128	data/processed/S1039b_ablation_C_envelope_valid_samples.npy
3df7832234ab946b0bc54a82454e78b70adcb9902b3619f6ae4629020d23e850	368128	data/processed/S1039b_ablation_C_times.npy
eb84ac6c098a64555347166e2ee688972e7adeb0af9b2f599f0589b672054258	184128	data/processed/S1039b_ablation_C_waveform.npy
886e78803f786e13502635a56d0c381a80148b37c69a3fd0161df91d4040fd0d	46128	data/processed/S1039b_ablation_C_waveform_valid_samples.npy
3df7832234ab946b0bc54a82454e78b70adcb9902b3619f6ae4629020d23e850	368128	data/processed/S1039b_ablation_times.npy
886e78803f786e13502635a56d0c381a80148b37c69a3fd0161df91d4040fd0d	46128	data/processed/S1039b_ablation_valid_samples.npy
46575c04fe25e104f91833da21840853da4565cc21e2d8581d24b627f2b7c010	2258	data/processed/S1039b_aligned_ablation.alignment.json
0580970a23ae65a9aa97e84d42416971108a097080b53a6d86f79f469da34045	188416	data/processed/S1039b_aligned_ablation.mseed
dbabf437fc486a0f795c3ea4372d18e29913adb62975e80eb7ce87be8701f184	2634	data/processed/S1039b_aligned_paperfaith.alignment.json
efd51975c184a4f38aa1188a260d8de6424e8afb2c479709c161e5a6e3356032	188416	data/processed/S1039b_aligned_paperfaith.mseed
d4383393d0119d5c83ab0a6c4c8b752eb88adb1ca31cae30a07ad95f7c8b8346	4274068	data/processed/S1039b_fdpa.npz
415e2a9ab16669d0d178b8c46a0b568dde18fd44d992a8706d73e29aea140397	1258	data/processed/S1039b_glitch_flags.json
0890d594b7ccde172125c6c46d95e89c80fbb7272d78aaaed454a7213e9d7151	4216798	data/processed/S1039b_mk_filterbank.npz
f13eef672e195a2340d0ebe4a22a7e72e3baf4cf88e22516e22cb5dba700d6f1	2137	data/processed/S1039b_paperfaith_A.normalization.json
a8f0e0861ead34219f341db4de9f7f403a29d81287a32e17e10665fb0a9ee9da	184128	data/processed/S1039b_paperfaith_A_envelope.npy
ee8a955048933cfb99c6c9acdfefb6df91294cf7cb868caa19ad4985385fed55	46128	data/processed/S1039b_paperfaith_A_envelope_valid_samples.npy
3df7832234ab946b0bc54a82454e78b70adcb9902b3619f6ae4629020d23e850	368128	data/processed/S1039b_paperfaith_A_times.npy
44951d9dc535388c0dde6b3f25db707ac3bbd7ce29eb1b28f06003dc6b6634f2	184128	data/processed/S1039b_paperfaith_A_waveform.npy
886e78803f786e13502635a56d0c381a80148b37c69a3fd0161df91d4040fd0d	46128	data/processed/S1039b_paperfaith_A_waveform_valid_samples.npy
446accad1b6ab38afee659eda6a895cdb0fc54aae6849d4546abc1d88a5493aa	2139	data/processed/S1039b_paperfaith_B.normalization.json
2df51f7363056861c4497424cddd7a4e406f149100211575c5a755b71c9eee55	184128	data/processed/S1039b_paperfaith_B_envelope.npy
ee8a955048933cfb99c6c9acdfefb6df91294cf7cb868caa19ad4985385fed55	46128	data/processed/S1039b_paperfaith_B_envelope_valid_samples.npy
3df7832234ab946b0bc54a82454e78b70adcb9902b3619f6ae4629020d23e850	368128	data/processed/S1039b_paperfaith_B_times.npy
0d053a518dc1ff0e7dcb9e2d9e0e2f7a0d2bd3228abf64d2b0b6521565a0c2ab	184128	data/processed/S1039b_paperfaith_B_waveform.npy
886e78803f786e13502635a56d0c381a80148b37c69a3fd0161df91d4040fd0d	46128	data/processed/S1039b_paperfaith_B_waveform_valid_samples.npy
331e5a4cc42fc813747e518fb4127dabd5d2521d1d0ad1fbf8fe96f31b6ed26d	2136	data/processed/S1039b_paperfaith_C.normalization.json
935614535b92a3f8e708230cefb135cabd5bc3287a5c865a84e92376456a2b2d	184128	data/processed/S1039b_paperfaith_C_envelope.npy
ee8a955048933cfb99c6c9acdfefb6df91294cf7cb868caa19ad4985385fed55	46128	data/processed/S1039b_paperfaith_C_envelope_valid_samples.npy
3df7832234ab946b0bc54a82454e78b70adcb9902b3619f6ae4629020d23e850	368128	data/processed/S1039b_paperfaith_C_times.npy
e8515db1121c1b83a65f97730ed1a9490e7f7eca75770796416b53f4fe970286	184128	data/processed/S1039b_paperfaith_C_waveform.npy
886e78803f786e13502635a56d0c381a80148b37c69a3fd0161df91d4040fd0d	46128	data/processed/S1039b_paperfaith_C_waveform_valid_samples.npy
3df7832234ab946b0bc54a82454e78b70adcb9902b3619f6ae4629020d23e850	368128	data/processed/S1039b_paperfaith_times.npy
886e78803f786e13502635a56d0c381a80148b37c69a3fd0161df91d4040fd0d	46128	data/processed/S1039b_paperfaith_valid_samples.npy
fb3efa6a2b8432d3e54cf8d2c311d9de36730df83ef0e9848223be8f0364163d	626688	data/processed/S1048d_ZNE.mseed
615c50a82663030d920b3260f65513d13f05478595f4da120873591302428542	1008	data/processed/S1048d_ZNE.rotation.json
efcaae998fba7174596adef0d95b00f9a6a584baf8856f6563309a60069eb362	629	data/processed/S1048d_Z_filt.bandpass.json
ee23d4aa06ff559ea099415214201fa5b098843978e38aa214fe3e0908b1c695	208896	data/processed/S1048d_Z_filt.mseed
025f309ac4422e59869b8d91ada0e051eac06fdee86ae5d33ddbbc5e98f92dae	208896	data/processed/S1048d_Z_polfilt.mseed
45e97093ecc977b82bae584f57d705ba122ff66753ceba00793b38aa771a0a42	1339	data/processed/S1048d_Z_polfilt.polarization.json
3c712f8954dba002dbccfae7660aea8af92c512b80f44e1c6a53746659ae8fc2	2127	data/processed/S1048d_ablation_A.normalization.json
191fccaf5f0fbecd84ed80b9c393f4b0d112ec4a4f78a36044ca2af684a99e16	184128	data/processed/S1048d_ablation_A_envelope.npy
9aee293bf85555fa56e0b7975f5cf3b4809bb5eb9d4972b8052fef7d058e669d	46128	data/processed/S1048d_ablation_A_envelope_valid_samples.npy
3df7832234ab946b0bc54a82454e78b70adcb9902b3619f6ae4629020d23e850	368128	data/processed/S1048d_ablation_A_times.npy
957b95f5d86a1e5ce138c6351a2a5ff230d578ec6b47f907413cdc15fa68f3f2	184128	data/processed/S1048d_ablation_A_waveform.npy
d3eb6bdf4064d01e2c5245fbdf878b3d2e8f291e69d4781363052dd995180f92	46128	data/processed/S1048d_ablation_A_waveform_valid_samples.npy
c27542b2e93cc4c81b7972506348d43410bc33223a1431f57a68966bd818c339	2129	data/processed/S1048d_ablation_B.normalization.json
f66594ac30f723f1e7f132ca1470ce4156a629994f09cc03bc049fc9b418d789	184128	data/processed/S1048d_ablation_B_envelope.npy
9aee293bf85555fa56e0b7975f5cf3b4809bb5eb9d4972b8052fef7d058e669d	46128	data/processed/S1048d_ablation_B_envelope_valid_samples.npy
3df7832234ab946b0bc54a82454e78b70adcb9902b3619f6ae4629020d23e850	368128	data/processed/S1048d_ablation_B_times.npy
80ed59e3f696e1592e54beeee20e900e688d98499fb77eaf0670abdfd01c84b3	184128	data/processed/S1048d_ablation_B_waveform.npy
d3eb6bdf4064d01e2c5245fbdf878b3d2e8f291e69d4781363052dd995180f92	46128	data/processed/S1048d_ablation_B_waveform_valid_samples.npy
31db418d633a94da3693540e6d368531d003b9ec99b42a035cc6625938c5b6c7	2126	data/processed/S1048d_ablation_C.normalization.json
e42f299ba29a45f8994b56991c83e15ef90ca23091215fff5dcb98872060fc18	184128	data/processed/S1048d_ablation_C_envelope.npy
9aee293bf85555fa56e0b7975f5cf3b4809bb5eb9d4972b8052fef7d058e669d	46128	data/processed/S1048d_ablation_C_envelope_valid_samples.npy
3df7832234ab946b0bc54a82454e78b70adcb9902b3619f6ae4629020d23e850	368128	data/processed/S1048d_ablation_C_times.npy
8b2fff301f1ea9fdbdf763480f0f8aec992360f9e35fefadb82320038312b371	184128	data/processed/S1048d_ablation_C_waveform.npy
d3eb6bdf4064d01e2c5245fbdf878b3d2e8f291e69d4781363052dd995180f92	46128	data/processed/S1048d_ablation_C_waveform_valid_samples.npy
3df7832234ab946b0bc54a82454e78b70adcb9902b3619f6ae4629020d23e850	368128	data/processed/S1048d_ablation_times.npy
d3eb6bdf4064d01e2c5245fbdf878b3d2e8f291e69d4781363052dd995180f92	46128	data/processed/S1048d_ablation_valid_samples.npy
080860ba32251365daa2c46472d062aac9c88ee28ceb4d90544f573fdfe9f75d	2262	data/processed/S1048d_aligned_ablation.alignment.json
094d19a8eab3758e84fecf884c1ba86913cd04cc635b2afc0117ca06af4f70a4	188416	data/processed/S1048d_aligned_ablation.mseed
d24c062412c8c61bac9d70e85375d3f356a0a946264b1871de688fbfa0a889b0	2638	data/processed/S1048d_aligned_paperfaith.alignment.json
3d8ff32c5123ccba7d13424e21525cac122d16db2e4eba5ef9746bd575191848	188416	data/processed/S1048d_aligned_paperfaith.mseed
15900d0a8bffa3eb06021e72ef7963f41c8dfdcfba5711d7fc8eb3c29fa38e4c	4278842	data/processed/S1048d_fdpa.npz
90c491aa31ff6c3dc71c29a4d7bbc47e0a3a0e9e2f619e3d4eb1ac249fd9fd1f	1614	data/processed/S1048d_glitch_flags.json
17929d164eec3a5c6d0fd2203df154e6ee273d31cc574836e6bdcfe51ec4c49c	4224315	data/processed/S1048d_mk_filterbank.npz
8c218d03da03f70e5307e887d906f11b1630f8a2a9f0839491096ab29911546f	2137	data/processed/S1048d_paperfaith_A.normalization.json
a414748f43b46474c03fa84ce51ee631fbad447edc1d7b7e04b478d7d296bafb	184128	data/processed/S1048d_paperfaith_A_envelope.npy
9aee293bf85555fa56e0b7975f5cf3b4809bb5eb9d4972b8052fef7d058e669d	46128	data/processed/S1048d_paperfaith_A_envelope_valid_samples.npy
3df7832234ab946b0bc54a82454e78b70adcb9902b3619f6ae4629020d23e850	368128	data/processed/S1048d_paperfaith_A_times.npy
065bdb8a94b0fbd9d587d15047c45308a3873d56e8f4a6c022f03925db842169	184128	data/processed/S1048d_paperfaith_A_waveform.npy
d3eb6bdf4064d01e2c5245fbdf878b3d2e8f291e69d4781363052dd995180f92	46128	data/processed/S1048d_paperfaith_A_waveform_valid_samples.npy
abba58ddeae76e839409ef3ba62812e1fd40cfe49cc3b9af260209d5af1326f3	2139	data/processed/S1048d_paperfaith_B.normalization.json
f66de74b9fb1c1412e478777e5461eb1ab3d27366ae47a76cd864bd6bd16cbc1	184128	data/processed/S1048d_paperfaith_B_envelope.npy
9aee293bf85555fa56e0b7975f5cf3b4809bb5eb9d4972b8052fef7d058e669d	46128	data/processed/S1048d_paperfaith_B_envelope_valid_samples.npy
3df7832234ab946b0bc54a82454e78b70adcb9902b3619f6ae4629020d23e850	368128	data/processed/S1048d_paperfaith_B_times.npy
c67a6c3305c6bd7b3875869a68520519abf5d4d541ff27a75789d18450ee4635	184128	data/processed/S1048d_paperfaith_B_waveform.npy
d3eb6bdf4064d01e2c5245fbdf878b3d2e8f291e69d4781363052dd995180f92	46128	data/processed/S1048d_paperfaith_B_waveform_valid_samples.npy
6daf12594aa8a75aa691892911a0a5dacce11e7cc2b47f2d862cd26280c546ad	2136	data/processed/S1048d_paperfaith_C.normalization.json
f3c9ac9e53d5887074638123239acf83ac2d50628b59e024b79c0ab1de0007a9	184128	data/processed/S1048d_paperfaith_C_envelope.npy
9aee293bf85555fa56e0b7975f5cf3b4809bb5eb9d4972b8052fef7d058e669d	46128	data/processed/S1048d_paperfaith_C_envelope_valid_samples.npy
3df7832234ab946b0bc54a82454e78b70adcb9902b3619f6ae4629020d23e850	368128	data/processed/S1048d_paperfaith_C_times.npy
ebd3f0b7b5c4448d250e31b7555201e2c82b422949b90e180d17b126f449b285	184128	data/processed/S1048d_paperfaith_C_waveform.npy
d3eb6bdf4064d01e2c5245fbdf878b3d2e8f291e69d4781363052dd995180f92	46128	data/processed/S1048d_paperfaith_C_waveform_valid_samples.npy
3df7832234ab946b0bc54a82454e78b70adcb9902b3619f6ae4629020d23e850	368128	data/processed/S1048d_paperfaith_times.npy
d3eb6bdf4064d01e2c5245fbdf878b3d2e8f291e69d4781363052dd995180f92	46128	data/processed/S1048d_paperfaith_valid_samples.npy
24cf7b05b1d5d3f5247d18e545c9b18a194c26d9ad5045b242d3a7c632219640	626688	data/processed/S1102a_ZNE.mseed
ecbc21869e954069ae9d8893a737937bbec0bf2f0c4519d084e9c87085fdd337	1010	data/processed/S1102a_ZNE.rotation.json
23622676e61d376e122eb278ff0c6da5fdaeec82bde52845b41861236713582f	629	data/processed/S1102a_Z_filt.bandpass.json
5725c9bcc678b30d4d695c6b8c59afce1c701a578dedfd779d45d694cb1e7f38	208896	data/processed/S1102a_Z_filt.mseed
6809d6e4b2f8398cbb0342178ec7eac1805e2439a89430aca2b5bf93a2d98f82	208896	data/processed/S1102a_Z_polfilt.mseed
bf109c33b742b57e4f7549903a820bebca55633520c3c520615bfd8ae001c838	1339	data/processed/S1102a_Z_polfilt.polarization.json
c8eb08a5029d1327746f33c282457acb8ae016f07437198ed2b47df7b841071d	2127	data/processed/S1102a_ablation_A.normalization.json
eb69b3b4ef6d1329ff8419ce49f920fef931149e1bf745e35b9da46c0f2c6987	184128	data/processed/S1102a_ablation_A_envelope.npy
81131ed1f10a67a5404ae33feddc4c91e4f24c3009cf7bd785128ef759e28c31	46128	data/processed/S1102a_ablation_A_envelope_valid_samples.npy
3df7832234ab946b0bc54a82454e78b70adcb9902b3619f6ae4629020d23e850	368128	data/processed/S1102a_ablation_A_times.npy
943260e3be3a02b40fbc846e71a418efe9afb89dfe43abf1dec4f676fe0c8838	184128	data/processed/S1102a_ablation_A_waveform.npy
d4ad625093ac0e86a78c1ab7013ccd28b0bc43b436de992886362f5f6d0dc461	46128	data/processed/S1102a_ablation_A_waveform_valid_samples.npy
d86b6ffd201e078cb6437366050d36b08d12a332ae4b6021d3b18df142c59ca3	2129	data/processed/S1102a_ablation_B.normalization.json
716d639616773cbfcdcbc735aa5ee7fa9bfcff4555d61bc7ef7d6ced14f2cb55	184128	data/processed/S1102a_ablation_B_envelope.npy
81131ed1f10a67a5404ae33feddc4c91e4f24c3009cf7bd785128ef759e28c31	46128	data/processed/S1102a_ablation_B_envelope_valid_samples.npy
3df7832234ab946b0bc54a82454e78b70adcb9902b3619f6ae4629020d23e850	368128	data/processed/S1102a_ablation_B_times.npy
3d771dcea502e31e30c0ee206d8a1feb6c45066760d9f0d91d019928dd1b16eb	184128	data/processed/S1102a_ablation_B_waveform.npy
d4ad625093ac0e86a78c1ab7013ccd28b0bc43b436de992886362f5f6d0dc461	46128	data/processed/S1102a_ablation_B_waveform_valid_samples.npy
58c0ef3e2d20e9a4fd99262214e2c382290b7c750f672e78bc67d56dfb66d444	2126	data/processed/S1102a_ablation_C.normalization.json
343dba772cae464303ec9b6689b64b38502ef587837a49f566f1eeecb22572ae	184128	data/processed/S1102a_ablation_C_envelope.npy
81131ed1f10a67a5404ae33feddc4c91e4f24c3009cf7bd785128ef759e28c31	46128	data/processed/S1102a_ablation_C_envelope_valid_samples.npy
3df7832234ab946b0bc54a82454e78b70adcb9902b3619f6ae4629020d23e850	368128	data/processed/S1102a_ablation_C_times.npy
19f65810ec48d3ae1e9ce2e32d6209908a0ce78ab20f01d1780ea4f72d612ac1	184128	data/processed/S1102a_ablation_C_waveform.npy
d4ad625093ac0e86a78c1ab7013ccd28b0bc43b436de992886362f5f6d0dc461	46128	data/processed/S1102a_ablation_C_waveform_valid_samples.npy
3df7832234ab946b0bc54a82454e78b70adcb9902b3619f6ae4629020d23e850	368128	data/processed/S1102a_ablation_times.npy
d4ad625093ac0e86a78c1ab7013ccd28b0bc43b436de992886362f5f6d0dc461	46128	data/processed/S1102a_ablation_valid_samples.npy
b1e06380fa140f742b2d4ca87c7e8f8da05624a72ff39ed831c3196899ed0189	2274	data/processed/S1102a_aligned_ablation.alignment.json
bd1288a239323724d62326b6a0c3ac24f350050a15794cce78ceea2031957b41	188416	data/processed/S1102a_aligned_ablation.mseed
c795a271018b29d76fbc4f9f5f1801ad4996854a3543035edee1ebc1611243ec	2650	data/processed/S1102a_aligned_paperfaith.alignment.json
5dd50a59181ef02b04665589b77ffb7aa07ea967b8d97a5b4b47a356864baf99	188416	data/processed/S1102a_aligned_paperfaith.mseed
9e7d4df148e6a208b4b3d37b5100ad855abe9086c45e30852ef2fd12a2dc53ef	4317592	data/processed/S1102a_fdpa.npz
94cb78821e02d9299c5549910117f838c3e50b33cad24a35e82109cc2f73c1a4	1171	data/processed/S1102a_glitch_flags.json
e0b7077bbc6c766fc46fc2ea92ac261b3e0c8ae9394a2bfdc03f614d1c9dbf4a	4218754	data/processed/S1102a_mk_filterbank.npz
6b82192990a70e7c2c924ea106a8660a526e62a621d686b31be2f07b8fd341ee	2137	data/processed/S1102a_paperfaith_A.normalization.json
539b1e7c60b3bc029edfe4a2d6424268f9255adf4a7229d78a27347af1eb81e6	184128	data/processed/S1102a_paperfaith_A_envelope.npy
81131ed1f10a67a5404ae33feddc4c91e4f24c3009cf7bd785128ef759e28c31	46128	data/processed/S1102a_paperfaith_A_envelope_valid_samples.npy
3df7832234ab946b0bc54a82454e78b70adcb9902b3619f6ae4629020d23e850	368128	data/processed/S1102a_paperfaith_A_times.npy
1cf3c4bfa65f6c04dbea7112a0a77b2d8c351a53efa937638921cc0dd8464802	184128	data/processed/S1102a_paperfaith_A_waveform.npy
d4ad625093ac0e86a78c1ab7013ccd28b0bc43b436de992886362f5f6d0dc461	46128	data/processed/S1102a_paperfaith_A_waveform_valid_samples.npy
f93f85bc276fd5d188302356707f7256d31e67af1706b5d78d5285a5da225d71	2139	data/processed/S1102a_paperfaith_B.normalization.json
71fa537cd342566ded64e31f4a618f8d555777a28b6be7d9e4bc742f703333c1	184128	data/processed/S1102a_paperfaith_B_envelope.npy
81131ed1f10a67a5404ae33feddc4c91e4f24c3009cf7bd785128ef759e28c31	46128	data/processed/S1102a_paperfaith_B_envelope_valid_samples.npy
3df7832234ab946b0bc54a82454e78b70adcb9902b3619f6ae4629020d23e850	368128	data/processed/S1102a_paperfaith_B_times.npy
c4209c359c56ef23d7e8f2ab88352f9533e18c170284b7cd97d521d9c35bcf93	184128	data/processed/S1102a_paperfaith_B_waveform.npy
d4ad625093ac0e86a78c1ab7013ccd28b0bc43b436de992886362f5f6d0dc461	46128	data/processed/S1102a_paperfaith_B_waveform_valid_samples.npy
43eeed3b7aa802023d14485b0f2c37274befdd62d7373aadf317a7971560db9c	2136	data/processed/S1102a_paperfaith_C.normalization.json
dbd2afc92d552575db6cab09232727784130f57b5c0894d240b990da3ad1d2a0	184128	data/processed/S1102a_paperfaith_C_envelope.npy
81131ed1f10a67a5404ae33feddc4c91e4f24c3009cf7bd785128ef759e28c31	46128	data/processed/S1102a_paperfaith_C_envelope_valid_samples.npy
3df7832234ab946b0bc54a82454e78b70adcb9902b3619f6ae4629020d23e850	368128	data/processed/S1102a_paperfaith_C_times.npy
b81f4a539bf4fe97ada7120e6f719d0781dd20dc2dd2da00bd1cf6b0d4641a4c	184128	data/processed/S1102a_paperfaith_C_waveform.npy
d4ad625093ac0e86a78c1ab7013ccd28b0bc43b436de992886362f5f6d0dc461	46128	data/processed/S1102a_paperfaith_C_waveform_valid_samples.npy
3df7832234ab946b0bc54a82454e78b70adcb9902b3619f6ae4629020d23e850	368128	data/processed/S1102a_paperfaith_times.npy
d4ad625093ac0e86a78c1ab7013ccd28b0bc43b436de992886362f5f6d0dc461	46128	data/processed/S1102a_paperfaith_valid_samples.npy
3f38c6c7aa7d6fe600b88ef3ef8bc1a68dacb387279a21abe3a85beb8a5f5643	626688	data/processed/S1133c_ZNE.mseed
dd1415ac2630e3b8b3c10e1375fef4dd6ffd9caff3efb73fd33a5a73e3a38fad	1010	data/processed/S1133c_ZNE.rotation.json
b515289d7b4c0a7fb5a1e2cc65b3e9c840040cbf0c1b101f33d5f984f7de31da	629	data/processed/S1133c_Z_filt.bandpass.json
911364d16c7314fc289cc20dd640fcc016828ceff38acb3c5c9d6b9a86fbe4fe	208896	data/processed/S1133c_Z_filt.mseed
aa00fc540da67e8623346ff5b8725fd55d1e2b959429412c15fbce7f60e80a6a	208896	data/processed/S1133c_Z_polfilt.mseed
3747c1bbc2aeda5f0c278b5b40399ffbf34f407b4f909fedb9df59dfcac9f3d4	1339	data/processed/S1133c_Z_polfilt.polarization.json
24282d6199602c2a577826843ff66a917fabe744173eb61d10d8488c23228f65	2127	data/processed/S1133c_ablation_A.normalization.json
fdc903eb84e1ad5e9a3b0bb5d1e516eeef01d8fba6e8f56a65d6c4f221ba65b2	184128	data/processed/S1133c_ablation_A_envelope.npy
2087aec328ad2ea4084710543f4a2e2bb78d93ce701b11e695a37097a19059e7	46128	data/processed/S1133c_ablation_A_envelope_valid_samples.npy
3df7832234ab946b0bc54a82454e78b70adcb9902b3619f6ae4629020d23e850	368128	data/processed/S1133c_ablation_A_times.npy
4b66501b8cbeffb8b71f8bfe16f73ecd2f7f9970858e24fc16c933177c9006b3	184128	data/processed/S1133c_ablation_A_waveform.npy
e3c29cb4ff9ff08e48df9a4bd9c2ec5be9a65b85fae13d1ada4c6a7c875240e8	46128	data/processed/S1133c_ablation_A_waveform_valid_samples.npy
f9b579470ab1d6dfed6b9077375c369be90c1409994eeb17afedddaaa418d1ee	2129	data/processed/S1133c_ablation_B.normalization.json
0a3ebaa160a57848aac49dd22cbebb97d193991a5d40a6e303f360831c0a5cde	184128	data/processed/S1133c_ablation_B_envelope.npy
2087aec328ad2ea4084710543f4a2e2bb78d93ce701b11e695a37097a19059e7	46128	data/processed/S1133c_ablation_B_envelope_valid_samples.npy
3df7832234ab946b0bc54a82454e78b70adcb9902b3619f6ae4629020d23e850	368128	data/processed/S1133c_ablation_B_times.npy
68739c62ee94e072924db1c03cfad018c881c939fc3413753a5e6b41c762aceb	184128	data/processed/S1133c_ablation_B_waveform.npy
e3c29cb4ff9ff08e48df9a4bd9c2ec5be9a65b85fae13d1ada4c6a7c875240e8	46128	data/processed/S1133c_ablation_B_waveform_valid_samples.npy
c543ec0cf77be191cfb06f19166eb372aec2129a61c958dd74659057d38e305d	2126	data/processed/S1133c_ablation_C.normalization.json
13ee2215a219ba3de08b8843b920df5bd009c45d0002770fd1042428e6528a4f	184128	data/processed/S1133c_ablation_C_envelope.npy
2087aec328ad2ea4084710543f4a2e2bb78d93ce701b11e695a37097a19059e7	46128	data/processed/S1133c_ablation_C_envelope_valid_samples.npy
3df7832234ab946b0bc54a82454e78b70adcb9902b3619f6ae4629020d23e850	368128	data/processed/S1133c_ablation_C_times.npy
16859d17ddeca859a3c918ae8a903311b398a492fe20d5a57b79f41ccea899bf	184128	data/processed/S1133c_ablation_C_waveform.npy
e3c29cb4ff9ff08e48df9a4bd9c2ec5be9a65b85fae13d1ada4c6a7c875240e8	46128	data/processed/S1133c_ablation_C_waveform_valid_samples.npy
3df7832234ab946b0bc54a82454e78b70adcb9902b3619f6ae4629020d23e850	368128	data/processed/S1133c_ablation_times.npy
e3c29cb4ff9ff08e48df9a4bd9c2ec5be9a65b85fae13d1ada4c6a7c875240e8	46128	data/processed/S1133c_ablation_valid_samples.npy
0a299ba173d8d9d5a4cc355caf4765d78fc91ded4463199eeed6c63bc45f2b37	2274	data/processed/S1133c_aligned_ablation.alignment.json
3cc4bcfaee41d30a7970263f52e2ea586dc0b25dc27c38746c65a46511542c00	188416	data/processed/S1133c_aligned_ablation.mseed
a5cc8e726ad7b0ac7188fa8774685de3c3d25b6b4338bf8b75272da0a1932cba	2650	data/processed/S1133c_aligned_paperfaith.alignment.json
efde25fe829be7a7fcd8f4004a7d62edfd6b1614bcd3b1f0076c482bd8f803f4	188416	data/processed/S1133c_aligned_paperfaith.mseed
ddf0d182d7a5d8c81b22c4b7787c094461e9436543c97e2eb9631b71a6c97ab5	4301947	data/processed/S1133c_fdpa.npz
77da1091c9856685353af47859542a802c4b8478025133d00e2233e619cc1a14	17125	data/processed/S1133c_glitch_flags.json
9030a6c055ef6d9a12b73fd0cc89c2547f6d04b921bdd214a0b5107aa56bd9c5	4242892	data/processed/S1133c_mk_filterbank.npz
88fac01e51c917df9cb84fe3d0129d816e090ed290b63c5a812e026509b7e1d9	2137	data/processed/S1133c_paperfaith_A.normalization.json
2bc8847beb15e8a1e454f1d8917a224f71e6e9ba48bd061a0929bb9f2bf28a62	184128	data/processed/S1133c_paperfaith_A_envelope.npy
2087aec328ad2ea4084710543f4a2e2bb78d93ce701b11e695a37097a19059e7	46128	data/processed/S1133c_paperfaith_A_envelope_valid_samples.npy
3df7832234ab946b0bc54a82454e78b70adcb9902b3619f6ae4629020d23e850	368128	data/processed/S1133c_paperfaith_A_times.npy
3de9f41db853c22aa2e41acbf394a23326454906c72e7e598498a6ef8da1fdd3	184128	data/processed/S1133c_paperfaith_A_waveform.npy
e3c29cb4ff9ff08e48df9a4bd9c2ec5be9a65b85fae13d1ada4c6a7c875240e8	46128	data/processed/S1133c_paperfaith_A_waveform_valid_samples.npy
096347839d440717a67d6fc1f03ca26ddc353366c07038c22deb437ace7102c1	2139	data/processed/S1133c_paperfaith_B.normalization.json
565e97cf8c6c12a45b15209dd885805784e5e1b38c0e84d6d887338bd3878b5d	184128	data/processed/S1133c_paperfaith_B_envelope.npy
2087aec328ad2ea4084710543f4a2e2bb78d93ce701b11e695a37097a19059e7	46128	data/processed/S1133c_paperfaith_B_envelope_valid_samples.npy
3df7832234ab946b0bc54a82454e78b70adcb9902b3619f6ae4629020d23e850	368128	data/processed/S1133c_paperfaith_B_times.npy
0e4d35b24f1ee649038b73d0f12ec9c38a6c1529a33229b32722583e29623e8e	184128	data/processed/S1133c_paperfaith_B_waveform.npy
e3c29cb4ff9ff08e48df9a4bd9c2ec5be9a65b85fae13d1ada4c6a7c875240e8	46128	data/processed/S1133c_paperfaith_B_waveform_valid_samples.npy
ee63d66a374bb00685f203d3d4f6f0f7f1bb011696d0aea8779e447794b9414b	2136	data/processed/S1133c_paperfaith_C.normalization.json
3f56e669c2cea5b14a206d6f50546d0eb821621c5f1aaf6b18407ccf92457140	184128	data/processed/S1133c_paperfaith_C_envelope.npy
2087aec328ad2ea4084710543f4a2e2bb78d93ce701b11e695a37097a19059e7	46128	data/processed/S1133c_paperfaith_C_envelope_valid_samples.npy
3df7832234ab946b0bc54a82454e78b70adcb9902b3619f6ae4629020d23e850	368128	data/processed/S1133c_paperfaith_C_times.npy
278a497aa21aadd3d3b4d314aeddc8e7d6a66f07a2df4ec6397400aa8f055484	184128	data/processed/S1133c_paperfaith_C_waveform.npy
e3c29cb4ff9ff08e48df9a4bd9c2ec5be9a65b85fae13d1ada4c6a7c875240e8	46128	data/processed/S1133c_paperfaith_C_waveform_valid_samples.npy
3df7832234ab946b0bc54a82454e78b70adcb9902b3619f6ae4629020d23e850	368128	data/processed/S1133c_paperfaith_times.npy
e3c29cb4ff9ff08e48df9a4bd9c2ec5be9a65b85fae13d1ada4c6a7c875240e8	46128	data/processed/S1133c_paperfaith_valid_samples.npy
c05c31302abad48e3c11bb7a4985e2430cbbe025ce1717629dd916a18c843827	626688	data/processed/S1153a_ZNE.mseed
8006fda7252ca93328954c56a48dcd563b3883e76f235f9eaa4d5cb77b94e058	1010	data/processed/S1153a_ZNE.rotation.json
612666c5b3e4761c86b6008fef4391182f864c05d47b14fb75cb14bc56d23810	629	data/processed/S1153a_Z_filt.bandpass.json
d5b2cac658ac3805e89cb028cd5b9b2cca5e37ea66c3cfa477e2a75a29ca9118	208896	data/processed/S1153a_Z_filt.mseed
9aa986f22797010ff2c3e92daeaf9e5967d91ae2d4fcfad2030465f7b6d665b5	208896	data/processed/S1153a_Z_polfilt.mseed
000500cb7000e5d108b122a2f2f8c98355abe9be361dce50b406a6134cea3272	1339	data/processed/S1153a_Z_polfilt.polarization.json
1d3a08441b1519ec68c940c00017d3f1a134e1d05cd694b781838bae8b9b73fb	2127	data/processed/S1153a_ablation_A.normalization.json
3a95366288182448552860d5bab92bca20f6ef248730a849596fdfd4e3c88f29	184128	data/processed/S1153a_ablation_A_envelope.npy
ec98f621e1c000fbbed07660a357eaa39a19c6b71e17f7900b58514829dc5146	46128	data/processed/S1153a_ablation_A_envelope_valid_samples.npy
3df7832234ab946b0bc54a82454e78b70adcb9902b3619f6ae4629020d23e850	368128	data/processed/S1153a_ablation_A_times.npy
a43cf7093d4a3ca8752a54d83762a746b6c8a6201da98bef1aa5564bc61f59f4	184128	data/processed/S1153a_ablation_A_waveform.npy
d5aa35d18eb906a669bb31aca7416c37c8f59ee4d76042a0abf14aeaedd2a29e	46128	data/processed/S1153a_ablation_A_waveform_valid_samples.npy
a2451f74672d9844b8d0ad9229efbbdcfdabdb3c4f74cc7da980608893b1080f	2129	data/processed/S1153a_ablation_B.normalization.json
37c2ec0f407fb64286bb4e81f5b5ca473a52a92d7ae281a58621931f7efb52c0	184128	data/processed/S1153a_ablation_B_envelope.npy
ec98f621e1c000fbbed07660a357eaa39a19c6b71e17f7900b58514829dc5146	46128	data/processed/S1153a_ablation_B_envelope_valid_samples.npy
3df7832234ab946b0bc54a82454e78b70adcb9902b3619f6ae4629020d23e850	368128	data/processed/S1153a_ablation_B_times.npy
a3bdb7e60b178c52e69c051aad67a157a351fbd8ecf87acf1413f38ad5ca28fb	184128	data/processed/S1153a_ablation_B_waveform.npy
d5aa35d18eb906a669bb31aca7416c37c8f59ee4d76042a0abf14aeaedd2a29e	46128	data/processed/S1153a_ablation_B_waveform_valid_samples.npy
2ef5b191c4b014b39729e72246548065280d37e7366f28169bebe27a9007b98d	2126	data/processed/S1153a_ablation_C.normalization.json
4b2921b615540c91d8b0e8a4b67384865601aa5a546ebc9b765b4264a5cafd31	184128	data/processed/S1153a_ablation_C_envelope.npy
ec98f621e1c000fbbed07660a357eaa39a19c6b71e17f7900b58514829dc5146	46128	data/processed/S1153a_ablation_C_envelope_valid_samples.npy
3df7832234ab946b0bc54a82454e78b70adcb9902b3619f6ae4629020d23e850	368128	data/processed/S1153a_ablation_C_times.npy
4e2e6cc76ffb2973a0a9bd9d2757acfb8d270adca33238ada24da06c342fb216	184128	data/processed/S1153a_ablation_C_waveform.npy
d5aa35d18eb906a669bb31aca7416c37c8f59ee4d76042a0abf14aeaedd2a29e	46128	data/processed/S1153a_ablation_C_waveform_valid_samples.npy
3df7832234ab946b0bc54a82454e78b70adcb9902b3619f6ae4629020d23e850	368128	data/processed/S1153a_ablation_times.npy
d5aa35d18eb906a669bb31aca7416c37c8f59ee4d76042a0abf14aeaedd2a29e	46128	data/processed/S1153a_ablation_valid_samples.npy
3db8a4ba6e7edc3e5d275baf1a7e65663fa8404f33162e8811941f12643f7732	2274	data/processed/S1153a_aligned_ablation.alignment.json
1c0bc3a32cffd9322491d26a3b91d00db5ed3922b5af49af3b7af899343ba5d8	188416	data/processed/S1153a_aligned_ablation.mseed
2447ee2e8773119d6f37032af27a37cb40f5fe44a230a7867bd3499aeceabd10	2650	data/processed/S1153a_aligned_paperfaith.alignment.json
0f29cf18538f8c5afc2d9bad23cf61d715f062b7de125380cb5cd8323b502ed6	188416	data/processed/S1153a_aligned_paperfaith.mseed
e4922a51ba33d0f77f115d0092d50bed978bcabf010847aeed1e283ad29248cf	4299117	data/processed/S1153a_fdpa.npz
365a44257c8b70d4f84a79f3f361839c9693b5c1ca277b88ededf6db66785b26	663	data/processed/S1153a_glitch_flags.json
0480bdb03dbdd18f2a65546ff08fac6e7f97177d781e8622ec29e9c96adabbfd	4230816	data/processed/S1153a_mk_filterbank.npz
59122dd34d265fcefd2b6e501f3918ee1a973ce422378d292ef2b613039732a7	2137	data/processed/S1153a_paperfaith_A.normalization.json
b59b434cd6d9d59a072c6acc23c0ba2ef426c3bd9c38c55dfdbca31b289fdf5f	184128	data/processed/S1153a_paperfaith_A_envelope.npy
ec98f621e1c000fbbed07660a357eaa39a19c6b71e17f7900b58514829dc5146	46128	data/processed/S1153a_paperfaith_A_envelope_valid_samples.npy
3df7832234ab946b0bc54a82454e78b70adcb9902b3619f6ae4629020d23e850	368128	data/processed/S1153a_paperfaith_A_times.npy
a4e6bc5f6ce5c121b658187b39469d63177f2fb2bb90e7657f7a286d16359888	184128	data/processed/S1153a_paperfaith_A_waveform.npy
d5aa35d18eb906a669bb31aca7416c37c8f59ee4d76042a0abf14aeaedd2a29e	46128	data/processed/S1153a_paperfaith_A_waveform_valid_samples.npy
859d49cc92634219b167b632df298432d90d96fa5c5fd3256a8eb4007f0eb634	2139	data/processed/S1153a_paperfaith_B.normalization.json
49b7fbe44baf89ed7c11621f9409ede151461788df7b1be9bd6afa971861dee4	184128	data/processed/S1153a_paperfaith_B_envelope.npy
ec98f621e1c000fbbed07660a357eaa39a19c6b71e17f7900b58514829dc5146	46128	data/processed/S1153a_paperfaith_B_envelope_valid_samples.npy
3df7832234ab946b0bc54a82454e78b70adcb9902b3619f6ae4629020d23e850	368128	data/processed/S1153a_paperfaith_B_times.npy
3828753686521feede1cbdabc65f3322c0d2c7fd210a4f6a7addfd30ec18878c	184128	data/processed/S1153a_paperfaith_B_waveform.npy
d5aa35d18eb906a669bb31aca7416c37c8f59ee4d76042a0abf14aeaedd2a29e	46128	data/processed/S1153a_paperfaith_B_waveform_valid_samples.npy
ab2f3887a0c55224d3baa2e002886a7232d05c223eabfcf24ffba6cf1429ca0b	2136	data/processed/S1153a_paperfaith_C.normalization.json
995e350d752efd4f0e7112338c15443d0fe1b57addcfe85a087b7f94f9c75cf3	184128	data/processed/S1153a_paperfaith_C_envelope.npy
ec98f621e1c000fbbed07660a357eaa39a19c6b71e17f7900b58514829dc5146	46128	data/processed/S1153a_paperfaith_C_envelope_valid_samples.npy
3df7832234ab946b0bc54a82454e78b70adcb9902b3619f6ae4629020d23e850	368128	data/processed/S1153a_paperfaith_C_times.npy
103419eefc794d40c3f31124bdb3fceb4a342dcc066b1e7a826461fd87d25e88	184128	data/processed/S1153a_paperfaith_C_waveform.npy
d5aa35d18eb906a669bb31aca7416c37c8f59ee4d76042a0abf14aeaedd2a29e	46128	data/processed/S1153a_paperfaith_C_waveform_valid_samples.npy
3df7832234ab946b0bc54a82454e78b70adcb9902b3619f6ae4629020d23e850	368128	data/processed/S1153a_paperfaith_times.npy
d5aa35d18eb906a669bb31aca7416c37c8f59ee4d76042a0abf14aeaedd2a29e	46128	data/processed/S1153a_paperfaith_valid_samples.npy
9462e8a213f6cd5369e1ae4c08e075c427a605860be46f3f6d68c3309a1bb2e1	626688	data/processed/S1157a_ZNE.mseed
8830742e1725ce43aa32e83a0544ffc026bd222fee0993a1504556075f54133f	1008	data/processed/S1157a_ZNE.rotation.json
a9202287337357d729261c3a4d34112a83b2a3a0a0aaef81f8a95a8d80faf46a	629	data/processed/S1157a_Z_filt.bandpass.json
b0eed668d616c5b7199313cf28e8a45a3cd79b0a15dd98d3e89a6e9dda869a8d	208896	data/processed/S1157a_Z_filt.mseed
ac6e5ac6ecab1a3e080f0f4b052cdecbb5b933ca790ee03d351216a17475effd	208896	data/processed/S1157a_Z_polfilt.mseed
5bf42ae9aa405e974a1fe716d1df3da2bdc774b5e3fe5bbda2e65897ddbfa554	1339	data/processed/S1157a_Z_polfilt.polarization.json
37406cba019d62cd3fa1c6f74e8a3d356e268eaacb3141d2059c770bfed95a99	2127	data/processed/S1157a_ablation_A.normalization.json
569642a9df46419b4e9f2a24af727c87f0240b37e0f75ba5a8504818212bd940	184128	data/processed/S1157a_ablation_A_envelope.npy
6fa61a9554aa889ab58d6c8bcebbacbe05dfb0b40e965e7b75818742e45702e3	46128	data/processed/S1157a_ablation_A_envelope_valid_samples.npy
3df7832234ab946b0bc54a82454e78b70adcb9902b3619f6ae4629020d23e850	368128	data/processed/S1157a_ablation_A_times.npy
822128cc5f3cad601ac0ef122e6794fa5149b246a1502a57f538678f6beab23a	184128	data/processed/S1157a_ablation_A_waveform.npy
b8847902f5d1db9575e144ef012f950375ab85cfd979b0e1b2663a41ed385e72	46128	data/processed/S1157a_ablation_A_waveform_valid_samples.npy
b85497214b57b8015d3f0cf6d43b88492da4870fd8b83f16f391fa5840458539	2129	data/processed/S1157a_ablation_B.normalization.json
6583179af4a578d68c091c38c0f0a4ceff70b7a3ed66419bad57230dbef69807	184128	data/processed/S1157a_ablation_B_envelope.npy
6fa61a9554aa889ab58d6c8bcebbacbe05dfb0b40e965e7b75818742e45702e3	46128	data/processed/S1157a_ablation_B_envelope_valid_samples.npy
3df7832234ab946b0bc54a82454e78b70adcb9902b3619f6ae4629020d23e850	368128	data/processed/S1157a_ablation_B_times.npy
2e9a137b80fceda035e24791ffd01e679bc12b9c32431386d94d5366712411f8	184128	data/processed/S1157a_ablation_B_waveform.npy
b8847902f5d1db9575e144ef012f950375ab85cfd979b0e1b2663a41ed385e72	46128	data/processed/S1157a_ablation_B_waveform_valid_samples.npy
b17a259531454cb1e3b0dc6fe4df7af57326833e0daa57baf914796b3814bca2	2126	data/processed/S1157a_ablation_C.normalization.json
520cc7d93b8de36c2df7d33e6e8d5e6da4f5b5231bd1d3a3c019faa05846241f	184128	data/processed/S1157a_ablation_C_envelope.npy
6fa61a9554aa889ab58d6c8bcebbacbe05dfb0b40e965e7b75818742e45702e3	46128	data/processed/S1157a_ablation_C_envelope_valid_samples.npy
3df7832234ab946b0bc54a82454e78b70adcb9902b3619f6ae4629020d23e850	368128	data/processed/S1157a_ablation_C_times.npy
8980ad78ede1fa60061e54fe5979e807d06e41e3c190b4b41b37ee4cf44c2d0f	184128	data/processed/S1157a_ablation_C_waveform.npy
b8847902f5d1db9575e144ef012f950375ab85cfd979b0e1b2663a41ed385e72	46128	data/processed/S1157a_ablation_C_waveform_valid_samples.npy
3df7832234ab946b0bc54a82454e78b70adcb9902b3619f6ae4629020d23e850	368128	data/processed/S1157a_ablation_times.npy
b8847902f5d1db9575e144ef012f950375ab85cfd979b0e1b2663a41ed385e72	46128	data/processed/S1157a_ablation_valid_samples.npy
0b90d0d27043063180904bf520b29e5a35445e3fb754e37a20e957d84cc851b6	2275	data/processed/S1157a_aligned_ablation.alignment.json
3d568763c4e2560294185d0e14109721cfd58675314430602b035975f756708a	188416	data/processed/S1157a_aligned_ablation.mseed
7ad0065bb4030e03ed6faea867680a26f6a5c47499bd943305477d0830adb04b	2651	data/processed/S1157a_aligned_paperfaith.alignment.json
377464d8a9ad7a6609c4839df965fb9cd6a43b07a5ea26a39e9b36be7f30296a	188416	data/processed/S1157a_aligned_paperfaith.mseed
2968cf305576825d67a32bbe1262661087b460792ba7bb797b22d78974153d1f	4289247	data/processed/S1157a_fdpa.npz
b6c1c55775e842ad6c9906c834f12d273b876d3113cf0897c088688f235ae782	85	data/processed/S1157a_glitch_flags.json
ff2bc9e5d94e0364701da277fa5928b4239270938d0d82ab54088c8859f9abcb	4251996	data/processed/S1157a_mk_filterbank.npz
548edad1c8947bc23ee469815fbe9bf76a2b0e10435ec4741800756a501e356d	2137	data/processed/S1157a_paperfaith_A.normalization.json
c9f574189c73acac497ca001ede896b0750be5391ad4da7072308af014ac01ff	184128	data/processed/S1157a_paperfaith_A_envelope.npy
6fa61a9554aa889ab58d6c8bcebbacbe05dfb0b40e965e7b75818742e45702e3	46128	data/processed/S1157a_paperfaith_A_envelope_valid_samples.npy
3df7832234ab946b0bc54a82454e78b70adcb9902b3619f6ae4629020d23e850	368128	data/processed/S1157a_paperfaith_A_times.npy
acbeb33f1d8d1bfd1728f8268dfcc716d74f9161e33bf6f36beaaf9ba6ffc80b	184128	data/processed/S1157a_paperfaith_A_waveform.npy
b8847902f5d1db9575e144ef012f950375ab85cfd979b0e1b2663a41ed385e72	46128	data/processed/S1157a_paperfaith_A_waveform_valid_samples.npy
60df1c7f4a8a452fe88098543ad9a764efc18415cdf744a9f933d01dd55c7990	2139	data/processed/S1157a_paperfaith_B.normalization.json
70d31c5a70664ca0084808f3561301bc8c5e63ab774a7b44f7c0dbe109a9c957	184128	data/processed/S1157a_paperfaith_B_envelope.npy
6fa61a9554aa889ab58d6c8bcebbacbe05dfb0b40e965e7b75818742e45702e3	46128	data/processed/S1157a_paperfaith_B_envelope_valid_samples.npy
3df7832234ab946b0bc54a82454e78b70adcb9902b3619f6ae4629020d23e850	368128	data/processed/S1157a_paperfaith_B_times.npy
494411fedc6d91d3ee4780837455abcaa589b893670f5a17b37d9ddcdfd352b2	184128	data/processed/S1157a_paperfaith_B_waveform.npy
b8847902f5d1db9575e144ef012f950375ab85cfd979b0e1b2663a41ed385e72	46128	data/processed/S1157a_paperfaith_B_waveform_valid_samples.npy
553820fc57b4a7e8f978a215363800430c023c79e13cae2e8241c7336bd33b53	2136	data/processed/S1157a_paperfaith_C.normalization.json
757168909aa30c069565b108835e91dff9d4d41ba2bdff45eb1c795954b0350c	184128	data/processed/S1157a_paperfaith_C_envelope.npy
6fa61a9554aa889ab58d6c8bcebbacbe05dfb0b40e965e7b75818742e45702e3	46128	data/processed/S1157a_paperfaith_C_envelope_valid_samples.npy
3df7832234ab946b0bc54a82454e78b70adcb9902b3619f6ae4629020d23e850	368128	data/processed/S1157a_paperfaith_C_times.npy
b6973861c78a38b9b62aec450637d734adf66e17c2a835567ed01ebaa68a44fb	184128	data/processed/S1157a_paperfaith_C_waveform.npy
b8847902f5d1db9575e144ef012f950375ab85cfd979b0e1b2663a41ed385e72	46128	data/processed/S1157a_paperfaith_C_waveform_valid_samples.npy
3df7832234ab946b0bc54a82454e78b70adcb9902b3619f6ae4629020d23e850	368128	data/processed/S1157a_paperfaith_times.npy
b8847902f5d1db9575e144ef012f950375ab85cfd979b0e1b2663a41ed385e72	46128	data/processed/S1157a_paperfaith_valid_samples.npy
01278cf4b0c0d50de2c8a9d6fd9557d1d5b2cb53dc69be2434ab6104ffd17481	626688	data/processed/S1415a_ZNE.mseed
4301718ee5af8f618554a1c229d59bd32ef61d37fbaec3d0ed9c13290be78b4b	1010	data/processed/S1415a_ZNE.rotation.json
07c98df9914094ad17e2e1a71dd40e5aa3ddfaeab87bfc42257f799676978d6f	629	data/processed/S1415a_Z_filt.bandpass.json
20b5b4c569b275a635c2e6d63b8768354b41f0fbaebc005c8126a1ccd8036d13	208896	data/processed/S1415a_Z_filt.mseed
725feb44e4f6190cc343d5f67eb9f3f52d305627657bb044e1476a41464b8ab6	208896	data/processed/S1415a_Z_polfilt.mseed
419ab5de0def7d6d23cd7e0f3c5257f1a94c51b36b069bdb96dc5b071a263f16	1339	data/processed/S1415a_Z_polfilt.polarization.json
15ab57eefb8babfba1bccb37e2bd9bb6863957349679cb3c3b1080dfae7b8631	2127	data/processed/S1415a_ablation_A.normalization.json
cfce54b99504c1c6bce64c8fd64e33737782de253849c7be1bc0e7e5b34a5d6b	184128	data/processed/S1415a_ablation_A_envelope.npy
ba81efbee6827e6b89310362d9745e77bd3c768723a0bf302c92b695b1785b26	46128	data/processed/S1415a_ablation_A_envelope_valid_samples.npy
3df7832234ab946b0bc54a82454e78b70adcb9902b3619f6ae4629020d23e850	368128	data/processed/S1415a_ablation_A_times.npy
e68a0b2563d547b936481968a54aa2d60848607002c5e79d0a69c97463af59e4	184128	data/processed/S1415a_ablation_A_waveform.npy
22a4f448489affbcd418c5a7b0545bff19e1af43205f69dbcad7f4e01eeaf6f6	46128	data/processed/S1415a_ablation_A_waveform_valid_samples.npy
9e273ecf4157c90d9ca05c22321a278faab8b69f99308134a0db2aaf367349b2	2129	data/processed/S1415a_ablation_B.normalization.json
f882f514ccca32269cf989dfe4196bbf014bfe26287f801b0d05142101488ee8	184128	data/processed/S1415a_ablation_B_envelope.npy
ba81efbee6827e6b89310362d9745e77bd3c768723a0bf302c92b695b1785b26	46128	data/processed/S1415a_ablation_B_envelope_valid_samples.npy
3df7832234ab946b0bc54a82454e78b70adcb9902b3619f6ae4629020d23e850	368128	data/processed/S1415a_ablation_B_times.npy
018270f6085d5c1872794e26b871863a65a1f0160a0a46fb7f1385c9b5637887	184128	data/processed/S1415a_ablation_B_waveform.npy
22a4f448489affbcd418c5a7b0545bff19e1af43205f69dbcad7f4e01eeaf6f6	46128	data/processed/S1415a_ablation_B_waveform_valid_samples.npy
046e2e07bb7700f4d3afa0de31890a5d2bdacb91dea03cb85bf13bd1c6ed295a	2126	data/processed/S1415a_ablation_C.normalization.json
4f04e74277e48bbf1f0049d53e67bd9138df03a1ce97ebe7df33ebafd65e8298	184128	data/processed/S1415a_ablation_C_envelope.npy
ba81efbee6827e6b89310362d9745e77bd3c768723a0bf302c92b695b1785b26	46128	data/processed/S1415a_ablation_C_envelope_valid_samples.npy
3df7832234ab946b0bc54a82454e78b70adcb9902b3619f6ae4629020d23e850	368128	data/processed/S1415a_ablation_C_times.npy
df67aeed33562efa200934ff9cb06825ad61e8522d9decbf2cf03e9b20258663	184128	data/processed/S1415a_ablation_C_waveform.npy
22a4f448489affbcd418c5a7b0545bff19e1af43205f69dbcad7f4e01eeaf6f6	46128	data/processed/S1415a_ablation_C_waveform_valid_samples.npy
3df7832234ab946b0bc54a82454e78b70adcb9902b3619f6ae4629020d23e850	368128	data/processed/S1415a_ablation_times.npy
22a4f448489affbcd418c5a7b0545bff19e1af43205f69dbcad7f4e01eeaf6f6	46128	data/processed/S1415a_ablation_valid_samples.npy
df3c6852a433c19a2332703852b41a4fbc9dc508d723db16bfb985cde5526cc7	2270	data/processed/S1415a_aligned_ablation.alignment.json
d241156e1fc64d3d2415688f2667721b8c293663cc796681da31b9e2844d158e	188416	data/processed/S1415a_aligned_ablation.mseed
7471253bcb0a1807f1428e4e91ba162b91b9703a01e3c13cd3678869d477e570	2646	data/processed/S1415a_aligned_paperfaith.alignment.json
a57bbfb16a3af376a9f7dc45a861e587d39540a0ad43eb14f1d7e32ecca707ec	188416	data/processed/S1415a_aligned_paperfaith.mseed
6b89bf148a03f17c0bbccfb348782e0a618ee78a3b4508a856120b9a5e6ba391	4276564	data/processed/S1415a_fdpa.npz
91b27cd1086c06212fe30d5bde92c72d10ab3442027a92d8634fc5e23fc514dc	910	data/processed/S1415a_glitch_flags.json
1259e074db8147503587cfa5035cbb779d557549763e0aa5f7ab46376819a792	4218357	data/processed/S1415a_mk_filterbank.npz
d4c4021ad07b2af5492d8a1adbb5c02aaec9309e06484621d76605a1ca7bd09d	2137	data/processed/S1415a_paperfaith_A.normalization.json
0b42013e3f0c22ab6f4f39e050971a0aaa22442cbbfc010a7729fcf1438481f2	184128	data/processed/S1415a_paperfaith_A_envelope.npy
ba81efbee6827e6b89310362d9745e77bd3c768723a0bf302c92b695b1785b26	46128	data/processed/S1415a_paperfaith_A_envelope_valid_samples.npy
3df7832234ab946b0bc54a82454e78b70adcb9902b3619f6ae4629020d23e850	368128	data/processed/S1415a_paperfaith_A_times.npy
8a81b3883cc33d766c1ab2724f47bb9d6652ce7881c8865895007797c4b30651	184128	data/processed/S1415a_paperfaith_A_waveform.npy
22a4f448489affbcd418c5a7b0545bff19e1af43205f69dbcad7f4e01eeaf6f6	46128	data/processed/S1415a_paperfaith_A_waveform_valid_samples.npy
dc9c8c507295c6701b77a566a45e4921cff5b89fc5be84510689450d2d11e3af	2139	data/processed/S1415a_paperfaith_B.normalization.json
47afa67c57b796e8ee5004f483d11cd70f2158e22114ab1f56dbc23a08c9d536	184128	data/processed/S1415a_paperfaith_B_envelope.npy
ba81efbee6827e6b89310362d9745e77bd3c768723a0bf302c92b695b1785b26	46128	data/processed/S1415a_paperfaith_B_envelope_valid_samples.npy
3df7832234ab946b0bc54a82454e78b70adcb9902b3619f6ae4629020d23e850	368128	data/processed/S1415a_paperfaith_B_times.npy
d074d9ed5eb621ec7b926e5828edaaf920cbb3f9f3ece94a62de522c21337c7b	184128	data/processed/S1415a_paperfaith_B_waveform.npy
22a4f448489affbcd418c5a7b0545bff19e1af43205f69dbcad7f4e01eeaf6f6	46128	data/processed/S1415a_paperfaith_B_waveform_valid_samples.npy
1cc087f89374602d099a4863871237f18a9cfcb0daf487c03325440f4f660b27	2136	data/processed/S1415a_paperfaith_C.normalization.json
96a7300c2bdd38a15bd12643dc2e9e3c11e9de726bcc7402b8420676d796aa33	184128	data/processed/S1415a_paperfaith_C_envelope.npy
ba81efbee6827e6b89310362d9745e77bd3c768723a0bf302c92b695b1785b26	46128	data/processed/S1415a_paperfaith_C_envelope_valid_samples.npy
3df7832234ab946b0bc54a82454e78b70adcb9902b3619f6ae4629020d23e850	368128	data/processed/S1415a_paperfaith_C_times.npy
3387dbc882b325e47d7d979ad20845bbe4d6231d7627b555af10d702c00726fa	184128	data/processed/S1415a_paperfaith_C_waveform.npy
22a4f448489affbcd418c5a7b0545bff19e1af43205f69dbcad7f4e01eeaf6f6	46128	data/processed/S1415a_paperfaith_C_waveform_valid_samples.npy
3df7832234ab946b0bc54a82454e78b70adcb9902b3619f6ae4629020d23e850	368128	data/processed/S1415a_paperfaith_times.npy
22a4f448489affbcd418c5a7b0545bff19e1af43205f69dbcad7f4e01eeaf6f6	46128	data/processed/S1415a_paperfaith_valid_samples.npy
21bf6844a5fe59821e892c23994ae9567e115d3e70c13b45cc359e93871b22f4	19054	data/processed/alignment_locked_manifest.json
84f193c321c853dfa2784d83b1d07645a40a9c8b919dae3208c5c46392edda36	2709	data/processed/alignment_run_summary.json
ffaac66830175871cb1284824082e8f618332930c24f53c1b4be3977259765e6	189952	data/processed/deglitch_work/S0105a/S0105a_mps_before_ucla.mseed
0f64683f5b14c1c01e27944a28d8499e9e1c03113a46b2e91a1d28652232b249	1253376	data/processed/deglitch_work/S0105a/S0105a_ucla.mseed
6c99f4caba3d3a193eb40dcf2845396c91aa497cf33cf0fbdbf0872b0c4bb31e	314	data/processed/deglitch_work/S0105a/S0105a_ucla.mseed.ucla.json
231ee59dc3a5b957cbc927202d0afd690fb37c4e2708c498753e0ad2eb0e416f	417792	data/processed/deglitch_work/S0105a/ucla_mseed_parts/XB.ELYSE.02.BHU.2019.073
0fbb4a54a4d8134e201fe80d785538425f2075948fac9749c95dca1eec89e3ef	417792	data/processed/deglitch_work/S0105a/ucla_mseed_parts/XB.ELYSE.02.BHV.2019.073
162346f0ab7235f774c6453e082edc5a1d066124751f41d9505ded931ddfe556	417792	data/processed/deglitch_work/S0105a/ucla_mseed_parts/XB.ELYSE.02.BHW.2019.073
62cf90802af3e0b6a53d623fee6c831b7c6793277b1edd773e66217628d4515a	1143420	data/processed/deglitch_work/S0105a/ucla_results.mat
812a49dcca93168d48b33192d1d2058cea0185ffbdb15bd770a55cb828abda3f	120	data/processed/deglitch_work/S0105a/ucla_runtime/UCLA_v4/._MAIN.m
812a49dcca93168d48b33192d1d2058cea0185ffbdb15bd770a55cb828abda3f	120	data/processed/deglitch_work/S0105a/ucla_runtime/UCLA_v4/._MAIN20SPSJuly26.m
812a49dcca93168d48b33192d1d2058cea0185ffbdb15bd770a55cb828abda3f	120	data/processed/deglitch_work/S0105a/ucla_runtime/UCLA_v4/._MAIN2SPS.m
812a49dcca93168d48b33192d1d2058cea0185ffbdb15bd770a55cb828abda3f	120	data/processed/deglitch_work/S0105a/ucla_runtime/UCLA_v4/._PREP08.m
812a49dcca93168d48b33192d1d2058cea0185ffbdb15bd770a55cb828abda3f	120	data/processed/deglitch_work/S0105a/ucla_runtime/UCLA_v4/._PREPmkmseedNew.m
812a49dcca93168d48b33192d1d2058cea0185ffbdb15bd770a55cb828abda3f	120	data/processed/deglitch_work/S0105a/ucla_runtime/UCLA_v4/._TruncateXcov.m
812a49dcca93168d48b33192d1d2058cea0185ffbdb15bd770a55cb828abda3f	120	data/processed/deglitch_work/S0105a/ucla_runtime/UCLA_v4/._findmaxs.m
812a49dcca93168d48b33192d1d2058cea0185ffbdb15bd770a55cb828abda3f	120	data/processed/deglitch_work/S0105a/ucla_runtime/UCLA_v4/._func.m
812a49dcca93168d48b33192d1d2058cea0185ffbdb15bd770a55cb828abda3f	120	data/processed/deglitch_work/S0105a/ucla_runtime/UCLA_v4/._testSpikes.m
dc2899a90d04a1d1642827cca701af7a8bb95c17c794e0bbfff695cb50595405	184	data/processed/deglitch_work/S0105a/ucla_runtime/UCLA_v4/Conservative.mat
88a29a4c4bc1c6a43b8172890748d123e310141074f27be8e79beaa38b44c951	1028	data/processed/deglitch_work/S0105a/ucla_runtime/UCLA_v4/FindPrecursors.m
c28425c01be4ea7600a77944ed1b06b58151ab75d05a48c957567556ccf7eedf	2876	data/processed/deglitch_work/S0105a/ucla_runtime/UCLA_v4/MAIN.m
5b4be53f17dbf968abd360eb3bc7a203a4816a49a9d77f7b6101923000142236	5852	data/processed/deglitch_work/S0105a/ucla_runtime/UCLA_v4/MAIN20SPSJuly26.m
8ba27940cfcbca3ea091ff72218d8196f9c568727646206db74ee4a5a76d707c	2811	data/processed/deglitch_work/S0105a/ucla_runtime/UCLA_v4/MAIN20SPSReconcile.m
e4cc9c3ad46f8f153fc4bb4fc16ad6ada1770be3be69718f73e0cbd79d3eecfa	2542	data/processed/deglitch_work/S0105a/ucla_runtime/UCLA_v4/MAIN20SPSReconcileNew.m
dec95e6132a0452dfdfa088c130af5ef36ba42c3fcbba6b0429116372a7e8c66	2538	data/processed/deglitch_work/S0105a/ucla_runtime/UCLA_v4/MAIN20SPSReconcileNew.m~
f1d4808322e0eca5f14cda83e962ec115f1bee52d920af00530ccdc7fa4f1ab1	2821	data/processed/deglitch_work/S0105a/ucla_runtime/UCLA_v4/MAIN2SPS.m
157dd036a546ba62631ade4ebe8a2fa61179a55b51f34fdec2605ac736f147b4	1949	data/processed/deglitch_work/S0105a/ucla_runtime/UCLA_v4/MakeGlitch.m
52f5addeda49f642dba28b8ec840197c725b506f9ddaf67c644212fa89350d8e	181	data/processed/deglitch_work/S0105a/ucla_runtime/UCLA_v4/NLIMspike.mat
04d2cf0718e7f4d888f03538216e3ea09d47d9413c0cd14993ae7effb2388ab1	511	data/processed/deglitch_work/S0105a/ucla_runtime/UCLA_v4/NSpikeFloatGreenLine.m
34d81214d8851a20a2e2489cb4b7a39fb9988bd39f7ba5130dcc1926bcc92e1c	178	data/processed/deglitch_work/S0105a/ucla_runtime/UCLA_v4/Nlevel.mat
77dade4e3e4875f9937f762dc4948903fe7336ff62aed43b23ae8bc4eb746695	1261	data/processed/deglitch_work/S0105a/ucla_runtime/UCLA_v4/PFO_div2.txt
3cd93fb164e83a6e0af241535afbcde3fb1ac7c4fb1bdb69f527521b9d68a8de	2436	data/processed/deglitch_work/S0105a/ucla_runtime/UCLA_v4/PFO_div5.txt
4332dfc92a0a5f20043845ff47147a17d70f6eefb2e3a4efb06b2fd296f6a75f	1944	data/processed/deglitch_work/S0105a/ucla_runtime/UCLA_v4/PREP03.m
04251c9e9012937fd4a1cca54c3dd19c1683300fbd8912afc3e583f666108c88	2553	data/processed/deglitch_work/S0105a/ucla_runtime/UCLA_v4/PREP08.m
9b41e10e7f72de36df8c77193dc2f3bdbaf248d84568400d94bf127be15991d3	1864	data/processed/deglitch_work/S0105a/ucla_runtime/UCLA_v4/PREP39.m
b67b43101764998deeaddb3ff57f454ae0a37182b808b310ae2945988af2fd90	1068	data/processed/deglitch_work/S0105a/ucla_runtime/UCLA_v4/PREPmkmseed.m
8c76812821b0b125644abbe5e2ae83aae9e7d6fd1d909ed720845dbfb57195ff	1392	data/processed/deglitch_work/S0105a/ucla_runtime/UCLA_v4/PREPmkmseedNew.m
9921518f8e9d4cde172edec6e08f50206f1456f10d509e8044958a1e022d23b5	1223	data/processed/deglitch_work/S0105a/ucla_runtime/UCLA_v4/PlotFinalNew.m
e2e048539122c61b800a66533394a4ffa7ffad663bc77e4220feea1f3e3261fb	1280	data/processed/deglitch_work/S0105a/ucla_runtime/UCLA_v4/PlotFinalNew2SPS.m
2c3c2cbeef099247b3271e85cbb569f1d0387388c9af84c3247131497a701570	398	data/processed/deglitch_work/S0105a/ucla_runtime/UCLA_v4/QuickClean.m
a988a011241e2919fd0307c7b9ac92e00ab2e12519905daf2440b0a7dce520a0	486	data/processed/deglitch_work/S0105a/ucla_runtime/UCLA_v4/README.m
a12273552c871602813ad807cc0e44c5c9c15bf85ac40e6546fe9790afd44450	510464	data/processed/deglitch_work/S0105a/ucla_runtime/UCLA_v4/S0235b_VBB.mseed
3339b5a792b6ce451d3ca994af140261d41567be9ff572b5e1e84cc5339e7521	610	data/processed/deglitch_work/S0105a/ucla_runtime/UCLA_v4/SampleFraction.m
8f6098dcea352194b5c896a5d46fde54c68528fd1019503b9f1c4be573aa0e1f	378	data/processed/deglitch_work/S0105a/ucla_runtime/UCLA_v4/TruncateXcov.m
cc6f80160a6579c38b91b240fb969950edd2382ee49637c2795c053a29f67153	2102	data/processed/deglitch_work/S0105a/ucla_runtime/UCLA_v4/XseedDataFDS.m
b172e05cf2803076d49d8203dd25c5da9e460e22da85557dc8e4df8d8c085fe8	11763	data/processed/deglitch_work/S0105a/ucla_runtime/UCLA_v4/aaout3
90c6bf09db4bfbc9ad32b7a276cce83c74394c08b2085e7faa26e4966d122eb7	7730	data/processed/deglitch_work/S0105a/ucla_runtime/UCLA_v4/aaout3.mat
0f29b8f216d4dfafacfb62a980c1c802e0838fc00ef9913136fe7a7da96c5439	179	data/processed/deglitch_work/S0105a/ucla_runtime/UCLA_v4/cclim.mat
a4f5bddd025e8bff941ffafbc11866f0f95948ee3b36bfdb2fc368b31276a5a5	181	data/processed/deglitch_work/S0105a/ucla_runtime/UCLA_v4/cclim2.mat
845a901b7a7e656a322540ac0361c8523a7d105df19535fca5b7a8a34df467de	1577091	data/processed/deglitch_work/S0105a/ucla_runtime/UCLA_v4/dc
7cc4f0dadc14c5da533e46532d4090954ea1f07f552792769191c29512798647	1018199	data/processed/deglitch_work/S0105a/ucla_runtime/UCLA_v4/dc.mat
4349134d158f2f9a130cda002003852f5a401989ff3360d77e28cccd07492d1c	226	data/processed/deglitch_work/S0105a/ucla_runtime/UCLA_v4/decimeFPGA.m
f2e4440a240c7409444b6faba95f46e4a866fe12880b3d39cbe9808af4601c63	299	data/processed/deglitch_work/S0105a/ucla_runtime/UCLA_v4/deriviti.m
d03256442fcd51b630446dccd82e15f8d87b3b29ec97018745d9c11ef73b8833	192	data/processed/deglitch_work/S0105a/ucla_runtime/UCLA_v4/errors.m
2d1bfd611786fd2e70f23d1d284c0237e408099b0a38ef32603e79afe9ed35d5	175	data/processed/deglitch_work/S0105a/ucla_runtime/UCLA_v4/fetch.mat
86901dd234de26e7fcfa8c76fbdf7f4b03e95913280393648e1346bacfb62d61	475	data/processed/deglitch_work/S0105a/ucla_runtime/UCLA_v4/findI1PG1P.m
26901d09a6160a982f3ebd408c8079bc6a6b0d595e308c6128c582edc019f459	2092	data/processed/deglitch_work/S0105a/ucla_runtime/UCLA_v4/findmaxs.m
169f5ee6fe580633b465bffdee1550af46101aef46a3093db08db5ca049440a7	1903	data/processed/deglitch_work/S0105a/ucla_runtime/UCLA_v4/func.m
c34983ca96989ae643e74d20c4bc99f5c4a95ce510ede0750867bec8a4652572	938	data/processed/deglitch_work/S0105a/ucla_runtime/UCLA_v4/funcConvGaussSpikeThree.m
0996a4b2d7d7437661faac556cec16ffa42ee2773dad91661b85ee9e9b259731	3218	data/processed/deglitch_work/S0105a/ucla_runtime/UCLA_v4/funcPeaker.m
0c899e161b58e547a0c7ad3c1974bb61188fa41b57cb0d3a3dd887b8f894e02d	659	data/processed/deglitch_work/S0105a/ucla_runtime/UCLA_v4/funcadjustTimes.m
3ee00247fdf49859f4f317f084f039e1f664362ec4a5cd9040798ded8e02da0e	155199	data/processed/deglitch_work/S0105a/ucla_runtime/UCLA_v4/green20sps.mat
5f8c70eb1a3c0f850f3f6f75c6a8cea42a6e70ce42b03f2593cd9d1d0ac8669e	15639	data/processed/deglitch_work/S0105a/ucla_runtime/UCLA_v4/green2sps.mat
a7d5f244fff6c2fb5d53760cc0f6c830b36e1dc4aa619745f52bd469f007a5d2	837	data/processed/deglitch_work/S0105a/ucla_runtime/UCLA_v4/greenfitExpCSpike20SPS.m
28cb00d8ea228efd8e4576e4ab34815069791916ee5ff45ea477d4543578238e	927	data/processed/deglitch_work/S0105a/ucla_runtime/UCLA_v4/greenfitSlope.m
b215fd424deede19266682be3aa44148527e088e902c4ba4a4974136b5dd42b2	154916	data/processed/deglitch_work/S0105a/ucla_runtime/UCLA_v4/greenspike.mat
97e8ec837cb54080c9c424c10c57189c5687062f9c8e62e831c10144d3dab917	447	data/processed/deglitch_work/S0105a/ucla_runtime/UCLA_v4/junk
fc419ab9ba26bc84eebff7c7ed621e3554c8384b7f8dbc07305d1dfa470b5673	3160148	data/processed/deglitch_work/S0105a/ucla_runtime/UCLA_v4/metadata/RESP.XB.ELYSE.02.BHU
df3f74ac2730027d03d28841e3bf591ac55919de29840e30f35a64984aff58fe	3246875	data/processed/deglitch_work/S0105a/ucla_runtime/UCLA_v4/metadata/RESP.XB.ELYSE.02.BHV
54e51ce083258ef3252bd5bc4499e50de1d3b80cacda113570ae7086cea48955	3158312	data/processed/deglitch_work/S0105a/ucla_runtime/UCLA_v4/metadata/RESP.XB.ELYSE.02.BHW
110f3de4e7d5f6e9467147f77383982e6446b36bb5a3f85ed6b4776be98d7f71	784592	data/processed/deglitch_work/S0105a/ucla_runtime/UCLA_v4/metadata/RESP.XB.ELYSE.02.MHU
6605374c270b77f2bd330bfc684ba0e4b593ff46f1149def3116152615ca843b	784592	data/processed/deglitch_work/S0105a/ucla_runtime/UCLA_v4/metadata/RESP.XB.ELYSE.02.MHV
a1832e0f3aac73fc23ab402c1d8761d01b05d3d1e0b907ff8dd1cebeb07338cf	784592	data/processed/deglitch_work/S0105a/ucla_runtime/UCLA_v4/metadata/RESP.XB.ELYSE.02.MHW
0a08dc49461f0d677667f525f54861a5dc27f1aa6919ac5413c7756a2f3f74f4	17048	data/processed/deglitch_work/S0105a/ucla_runtime/UCLA_v4/mkmseed.m
3d4167bcea896854ff3170bbfd2aff5df3e9ec497ad665512c4fd30a8ff867f3	744	data/processed/deglitch_work/S0105a/ucla_runtime/UCLA_v4/mylsq.m
b14eadd66699f5ab30c262b4adf1b692a7e73b20c7eff3997f56521f72e11c50	778	data/processed/deglitch_work/S0105a/ucla_runtime/UCLA_v4/plotresultsFinal.m
606adc66abc3cee5c3ff91122d0959a0150770d88111380f230bede24c5fe8e3	34676	data/processed/deglitch_work/S0105a/ucla_runtime/UCLA_v4/rdmseed.m
38593b70a5113fccf99c57174f67b6e9a6d9b730fa3efd1ec7c492f67f9568a0	2154	data/processed/deglitch_work/S0105a/ucla_runtime/UCLA_v4/read_resp_v2.m
7bdacba195f49d202ccbb337f712d221075032aec57af96dda00225cb6b08acd	472	data/processed/deglitch_work/S0105a/ucla_runtime/UCLA_v4/rephase.m
b0627fab5f9a446d6acc3338442d98de14152a99bb70bc324d506257a8daeada	1833	data/processed/deglitch_work/S0105a/ucla_runtime/UCLA_v4/stalta.m
978c1cb7440cae89163d4398793737be45a3e57a21c9100d63bdbaa63180912a	1642	data/processed/deglitch_work/S0105a/ucla_runtime/UCLA_v4/testSpikes.m
c2a412762ba1583f9fd7d1230ef005691129af7311ccf9b625e632843241e4a7	17	data/processed/deglitch_work/S0105a/ucla_runtime/UCLA_v4/wminus
084b67b078775bf08c15ed64018d0a91eaa95b9ab4da1e24183b8b2e59788af8	833	data/processed/deglitch_work/S0105a/ucla_runtime/UCLA_v4/y
a4dd5cd1718ae40f7f3c4f94fd2afca83cd6a3d5589f74f1640bab274d5cfe19	202752	data/processed/deglitch_work/S0173a/S0173a_mps_before_ucla.mseed
efc0b4706a23041c3470a4ea40f55b2d4bc20346de4b760507435e5c5c855a2b	1253376	data/processed/deglitch_work/S0173a/S0173a_ucla.mseed
df7e634fc44946e3578f392b684c4e0540e4912549fae142e1613f256b82cb79	314	data/processed/deglitch_work/S0173a/S0173a_ucla.mseed.ucla.json
9919e514ba1ef400dfad9766fe62c8aa5387ef3c9734e08d78a26982ca60edc1	417792	data/processed/deglitch_work/S0173a/ucla_mseed_parts/XB.ELYSE.02.BHU.2019.143
00f6570b74ccafa11ccdf18bdd5120b31f1c3e7484f3cdee0f77d2d7a9f7d687	417792	data/processed/deglitch_work/S0173a/ucla_mseed_parts/XB.ELYSE.02.BHV.2019.143
c0ff26fa81e3412a2a80a8dce2cecf74f0331bc51fca7244400a2123643c2271	417792	data/processed/deglitch_work/S0173a/ucla_mseed_parts/XB.ELYSE.02.BHW.2019.143
6ccd838b809e9bcd87d7a972ccb676470fb6cf9d2f26edb4dded39e5bba970ee	1050989	data/processed/deglitch_work/S0173a/ucla_results.mat
812a49dcca93168d48b33192d1d2058cea0185ffbdb15bd770a55cb828abda3f	120	data/processed/deglitch_work/S0173a/ucla_runtime/UCLA_v4/._MAIN.m
812a49dcca93168d48b33192d1d2058cea0185ffbdb15bd770a55cb828abda3f	120	data/processed/deglitch_work/S0173a/ucla_runtime/UCLA_v4/._MAIN20SPSJuly26.m
812a49dcca93168d48b33192d1d2058cea0185ffbdb15bd770a55cb828abda3f	120	data/processed/deglitch_work/S0173a/ucla_runtime/UCLA_v4/._MAIN2SPS.m
812a49dcca93168d48b33192d1d2058cea0185ffbdb15bd770a55cb828abda3f	120	data/processed/deglitch_work/S0173a/ucla_runtime/UCLA_v4/._PREP08.m
812a49dcca93168d48b33192d1d2058cea0185ffbdb15bd770a55cb828abda3f	120	data/processed/deglitch_work/S0173a/ucla_runtime/UCLA_v4/._PREPmkmseedNew.m
812a49dcca93168d48b33192d1d2058cea0185ffbdb15bd770a55cb828abda3f	120	data/processed/deglitch_work/S0173a/ucla_runtime/UCLA_v4/._TruncateXcov.m
812a49dcca93168d48b33192d1d2058cea0185ffbdb15bd770a55cb828abda3f	120	data/processed/deglitch_work/S0173a/ucla_runtime/UCLA_v4/._findmaxs.m
812a49dcca93168d48b33192d1d2058cea0185ffbdb15bd770a55cb828abda3f	120	data/processed/deglitch_work/S0173a/ucla_runtime/UCLA_v4/._func.m
812a49dcca93168d48b33192d1d2058cea0185ffbdb15bd770a55cb828abda3f	120	data/processed/deglitch_work/S0173a/ucla_runtime/UCLA_v4/._testSpikes.m
dc2899a90d04a1d1642827cca701af7a8bb95c17c794e0bbfff695cb50595405	184	data/processed/deglitch_work/S0173a/ucla_runtime/UCLA_v4/Conservative.mat
88a29a4c4bc1c6a43b8172890748d123e310141074f27be8e79beaa38b44c951	1028	data/processed/deglitch_work/S0173a/ucla_runtime/UCLA_v4/FindPrecursors.m
c28425c01be4ea7600a77944ed1b06b58151ab75d05a48c957567556ccf7eedf	2876	data/processed/deglitch_work/S0173a/ucla_runtime/UCLA_v4/MAIN.m
5b4be53f17dbf968abd360eb3bc7a203a4816a49a9d77f7b6101923000142236	5852	data/processed/deglitch_work/S0173a/ucla_runtime/UCLA_v4/MAIN20SPSJuly26.m
8ba27940cfcbca3ea091ff72218d8196f9c568727646206db74ee4a5a76d707c	2811	data/processed/deglitch_work/S0173a/ucla_runtime/UCLA_v4/MAIN20SPSReconcile.m
e4cc9c3ad46f8f153fc4bb4fc16ad6ada1770be3be69718f73e0cbd79d3eecfa	2542	data/processed/deglitch_work/S0173a/ucla_runtime/UCLA_v4/MAIN20SPSReconcileNew.m
dec95e6132a0452dfdfa088c130af5ef36ba42c3fcbba6b0429116372a7e8c66	2538	data/processed/deglitch_work/S0173a/ucla_runtime/UCLA_v4/MAIN20SPSReconcileNew.m~
f1d4808322e0eca5f14cda83e962ec115f1bee52d920af00530ccdc7fa4f1ab1	2821	data/processed/deglitch_work/S0173a/ucla_runtime/UCLA_v4/MAIN2SPS.m
157dd036a546ba62631ade4ebe8a2fa61179a55b51f34fdec2605ac736f147b4	1949	data/processed/deglitch_work/S0173a/ucla_runtime/UCLA_v4/MakeGlitch.m
52f5addeda49f642dba28b8ec840197c725b506f9ddaf67c644212fa89350d8e	181	data/processed/deglitch_work/S0173a/ucla_runtime/UCLA_v4/NLIMspike.mat
04d2cf0718e7f4d888f03538216e3ea09d47d9413c0cd14993ae7effb2388ab1	511	data/processed/deglitch_work/S0173a/ucla_runtime/UCLA_v4/NSpikeFloatGreenLine.m
34d81214d8851a20a2e2489cb4b7a39fb9988bd39f7ba5130dcc1926bcc92e1c	178	data/processed/deglitch_work/S0173a/ucla_runtime/UCLA_v4/Nlevel.mat
77dade4e3e4875f9937f762dc4948903fe7336ff62aed43b23ae8bc4eb746695	1261	data/processed/deglitch_work/S0173a/ucla_runtime/UCLA_v4/PFO_div2.txt
3cd93fb164e83a6e0af241535afbcde3fb1ac7c4fb1bdb69f527521b9d68a8de	2436	data/processed/deglitch_work/S0173a/ucla_runtime/UCLA_v4/PFO_div5.txt
4332dfc92a0a5f20043845ff47147a17d70f6eefb2e3a4efb06b2fd296f6a75f	1944	data/processed/deglitch_work/S0173a/ucla_runtime/UCLA_v4/PREP03.m
04251c9e9012937fd4a1cca54c3dd19c1683300fbd8912afc3e583f666108c88	2553	data/processed/deglitch_work/S0173a/ucla_runtime/UCLA_v4/PREP08.m
9b41e10e7f72de36df8c77193dc2f3bdbaf248d84568400d94bf127be15991d3	1864	data/processed/deglitch_work/S0173a/ucla_runtime/UCLA_v4/PREP39.m
b67b43101764998deeaddb3ff57f454ae0a37182b808b310ae2945988af2fd90	1068	data/processed/deglitch_work/S0173a/ucla_runtime/UCLA_v4/PREPmkmseed.m
8c76812821b0b125644abbe5e2ae83aae9e7d6fd1d909ed720845dbfb57195ff	1392	data/processed/deglitch_work/S0173a/ucla_runtime/UCLA_v4/PREPmkmseedNew.m
9921518f8e9d4cde172edec6e08f50206f1456f10d509e8044958a1e022d23b5	1223	data/processed/deglitch_work/S0173a/ucla_runtime/UCLA_v4/PlotFinalNew.m
e2e048539122c61b800a66533394a4ffa7ffad663bc77e4220feea1f3e3261fb	1280	data/processed/deglitch_work/S0173a/ucla_runtime/UCLA_v4/PlotFinalNew2SPS.m
2c3c2cbeef099247b3271e85cbb569f1d0387388c9af84c3247131497a701570	398	data/processed/deglitch_work/S0173a/ucla_runtime/UCLA_v4/QuickClean.m
a988a011241e2919fd0307c7b9ac92e00ab2e12519905daf2440b0a7dce520a0	486	data/processed/deglitch_work/S0173a/ucla_runtime/UCLA_v4/README.m
a12273552c871602813ad807cc0e44c5c9c15bf85ac40e6546fe9790afd44450	510464	data/processed/deglitch_work/S0173a/ucla_runtime/UCLA_v4/S0235b_VBB.mseed
3339b5a792b6ce451d3ca994af140261d41567be9ff572b5e1e84cc5339e7521	610	data/processed/deglitch_work/S0173a/ucla_runtime/UCLA_v4/SampleFraction.m
8f6098dcea352194b5c896a5d46fde54c68528fd1019503b9f1c4be573aa0e1f	378	data/processed/deglitch_work/S0173a/ucla_runtime/UCLA_v4/TruncateXcov.m
cc6f80160a6579c38b91b240fb969950edd2382ee49637c2795c053a29f67153	2102	data/processed/deglitch_work/S0173a/ucla_runtime/UCLA_v4/XseedDataFDS.m
a656e1bc0ce64aa5037d2fc4544029c4cd8c1ce50ddee3d19ee55ae6c03733d0	6832	data/processed/deglitch_work/S0173a/ucla_runtime/UCLA_v4/aaout3
90c6bf09db4bfbc9ad32b7a276cce83c74394c08b2085e7faa26e4966d122eb7	7730	data/processed/deglitch_work/S0173a/ucla_runtime/UCLA_v4/aaout3.mat
0f29b8f216d4dfafacfb62a980c1c802e0838fc00ef9913136fe7a7da96c5439	179	data/processed/deglitch_work/S0173a/ucla_runtime/UCLA_v4/cclim.mat
a4f5bddd025e8bff941ffafbc11866f0f95948ee3b36bfdb2fc368b31276a5a5	181	data/processed/deglitch_work/S0173a/ucla_runtime/UCLA_v4/cclim2.mat
cc4144a42589ac24c4500e77e71e6b064c990f64480e06db1fae7428ca06b19d	1236897	data/processed/deglitch_work/S0173a/ucla_runtime/UCLA_v4/dc
7cc4f0dadc14c5da533e46532d4090954ea1f07f552792769191c29512798647	1018199	data/processed/deglitch_work/S0173a/ucla_runtime/UCLA_v4/dc.mat
4349134d158f2f9a130cda002003852f5a401989ff3360d77e28cccd07492d1c	226	data/processed/deglitch_work/S0173a/ucla_runtime/UCLA_v4/decimeFPGA.m
f2e4440a240c7409444b6faba95f46e4a866fe12880b3d39cbe9808af4601c63	299	data/processed/deglitch_work/S0173a/ucla_runtime/UCLA_v4/deriviti.m
d03256442fcd51b630446dccd82e15f8d87b3b29ec97018745d9c11ef73b8833	192	data/processed/deglitch_work/S0173a/ucla_runtime/UCLA_v4/errors.m
2d1bfd611786fd2e70f23d1d284c0237e408099b0a38ef32603e79afe9ed35d5	175	data/processed/deglitch_work/S0173a/ucla_runtime/UCLA_v4/fetch.mat
86901dd234de26e7fcfa8c76fbdf7f4b03e95913280393648e1346bacfb62d61	475	data/processed/deglitch_work/S0173a/ucla_runtime/UCLA_v4/findI1PG1P.m
26901d09a6160a982f3ebd408c8079bc6a6b0d595e308c6128c582edc019f459	2092	data/processed/deglitch_work/S0173a/ucla_runtime/UCLA_v4/findmaxs.m
169f5ee6fe580633b465bffdee1550af46101aef46a3093db08db5ca049440a7	1903	data/processed/deglitch_work/S0173a/ucla_runtime/UCLA_v4/func.m
c34983ca96989ae643e74d20c4bc99f5c4a95ce510ede0750867bec8a4652572	938	data/processed/deglitch_work/S0173a/ucla_runtime/UCLA_v4/funcConvGaussSpikeThree.m
0996a4b2d7d7437661faac556cec16ffa42ee2773dad91661b85ee9e9b259731	3218	data/processed/deglitch_work/S0173a/ucla_runtime/UCLA_v4/funcPeaker.m
0c899e161b58e547a0c7ad3c1974bb61188fa41b57cb0d3a3dd887b8f894e02d	659	data/processed/deglitch_work/S0173a/ucla_runtime/UCLA_v4/funcadjustTimes.m
3ee00247fdf49859f4f317f084f039e1f664362ec4a5cd9040798ded8e02da0e	155199	data/processed/deglitch_work/S0173a/ucla_runtime/UCLA_v4/green20sps.mat
5f8c70eb1a3c0f850f3f6f75c6a8cea42a6e70ce42b03f2593cd9d1d0ac8669e	15639	data/processed/deglitch_work/S0173a/ucla_runtime/UCLA_v4/green2sps.mat
a7d5f244fff6c2fb5d53760cc0f6c830b36e1dc4aa619745f52bd469f007a5d2	837	data/processed/deglitch_work/S0173a/ucla_runtime/UCLA_v4/greenfitExpCSpike20SPS.m
28cb00d8ea228efd8e4576e4ab34815069791916ee5ff45ea477d4543578238e	927	data/processed/deglitch_work/S0173a/ucla_runtime/UCLA_v4/greenfitSlope.m
b215fd424deede19266682be3aa44148527e088e902c4ba4a4974136b5dd42b2	154916	data/processed/deglitch_work/S0173a/ucla_runtime/UCLA_v4/greenspike.mat
97e8ec837cb54080c9c424c10c57189c5687062f9c8e62e831c10144d3dab917	447	data/processed/deglitch_work/S0173a/ucla_runtime/UCLA_v4/junk
fc419ab9ba26bc84eebff7c7ed621e3554c8384b7f8dbc07305d1dfa470b5673	3160148	data/processed/deglitch_work/S0173a/ucla_runtime/UCLA_v4/metadata/RESP.XB.ELYSE.02.BHU
df3f74ac2730027d03d28841e3bf591ac55919de29840e30f35a64984aff58fe	3246875	data/processed/deglitch_work/S0173a/ucla_runtime/UCLA_v4/metadata/RESP.XB.ELYSE.02.BHV
54e51ce083258ef3252bd5bc4499e50de1d3b80cacda113570ae7086cea48955	3158312	data/processed/deglitch_work/S0173a/ucla_runtime/UCLA_v4/metadata/RESP.XB.ELYSE.02.BHW
110f3de4e7d5f6e9467147f77383982e6446b36bb5a3f85ed6b4776be98d7f71	784592	data/processed/deglitch_work/S0173a/ucla_runtime/UCLA_v4/metadata/RESP.XB.ELYSE.02.MHU
6605374c270b77f2bd330bfc684ba0e4b593ff46f1149def3116152615ca843b	784592	data/processed/deglitch_work/S0173a/ucla_runtime/UCLA_v4/metadata/RESP.XB.ELYSE.02.MHV
a1832e0f3aac73fc23ab402c1d8761d01b05d3d1e0b907ff8dd1cebeb07338cf	784592	data/processed/deglitch_work/S0173a/ucla_runtime/UCLA_v4/metadata/RESP.XB.ELYSE.02.MHW
0a08dc49461f0d677667f525f54861a5dc27f1aa6919ac5413c7756a2f3f74f4	17048	data/processed/deglitch_work/S0173a/ucla_runtime/UCLA_v4/mkmseed.m
3d4167bcea896854ff3170bbfd2aff5df3e9ec497ad665512c4fd30a8ff867f3	744	data/processed/deglitch_work/S0173a/ucla_runtime/UCLA_v4/mylsq.m
b14eadd66699f5ab30c262b4adf1b692a7e73b20c7eff3997f56521f72e11c50	778	data/processed/deglitch_work/S0173a/ucla_runtime/UCLA_v4/plotresultsFinal.m
606adc66abc3cee5c3ff91122d0959a0150770d88111380f230bede24c5fe8e3	34676	data/processed/deglitch_work/S0173a/ucla_runtime/UCLA_v4/rdmseed.m
38593b70a5113fccf99c57174f67b6e9a6d9b730fa3efd1ec7c492f67f9568a0	2154	data/processed/deglitch_work/S0173a/ucla_runtime/UCLA_v4/read_resp_v2.m
7bdacba195f49d202ccbb337f712d221075032aec57af96dda00225cb6b08acd	472	data/processed/deglitch_work/S0173a/ucla_runtime/UCLA_v4/rephase.m
b0627fab5f9a446d6acc3338442d98de14152a99bb70bc324d506257a8daeada	1833	data/processed/deglitch_work/S0173a/ucla_runtime/UCLA_v4/stalta.m
978c1cb7440cae89163d4398793737be45a3e57a21c9100d63bdbaa63180912a	1642	data/processed/deglitch_work/S0173a/ucla_runtime/UCLA_v4/testSpikes.m
c2a412762ba1583f9fd7d1230ef005691129af7311ccf9b625e632843241e4a7	17	data/processed/deglitch_work/S0173a/ucla_runtime/UCLA_v4/wminus
084b67b078775bf08c15ed64018d0a91eaa95b9ab4da1e24183b8b2e59788af8	833	data/processed/deglitch_work/S0173a/ucla_runtime/UCLA_v4/y
d14a3159f775eaa623ed9eabe714a656ba8604703edfcdc3eb304af3b7e682ac	185344	data/processed/deglitch_work/S0189a/S0189a_mps_before_ucla.mseed
691c214df0ab779fe0014da854bf8ba0cc4459f6152f3134783b1db63cbfbe67	1253376	data/processed/deglitch_work/S0189a/S0189a_ucla.mseed
7049e26f19b34038da63dc11d1e6ae5a08b308ee92e4fc9eea4eac427a23a49a	314	data/processed/deglitch_work/S0189a/S0189a_ucla.mseed.ucla.json
9a721ed646171e40c742759d53dc18cc33bfe88437d833282770d2992bcbce47	417792	data/processed/deglitch_work/S0189a/ucla_mseed_parts/XB.ELYSE.02.BHU.2019.160
08629829c4383802edfcf49d5de76797099d101536a7906898bb2c7551fde62b	417792	data/processed/deglitch_work/S0189a/ucla_mseed_parts/XB.ELYSE.02.BHV.2019.160
2e19ad57fc98f882aa2d5e65df861cb8e18ce23a779230bfe4ea7d84547a627b	417792	data/processed/deglitch_work/S0189a/ucla_mseed_parts/XB.ELYSE.02.BHW.2019.160
c8f293505360867d44476fc21bda730312ac7cd202718b248dbc9b2196144ef0	1059679	data/processed/deglitch_work/S0189a/ucla_results.mat
812a49dcca93168d48b33192d1d2058cea0185ffbdb15bd770a55cb828abda3f	120	data/processed/deglitch_work/S0189a/ucla_runtime/UCLA_v4/._MAIN.m
812a49dcca93168d48b33192d1d2058cea0185ffbdb15bd770a55cb828abda3f	120	data/processed/deglitch_work/S0189a/ucla_runtime/UCLA_v4/._MAIN20SPSJuly26.m
812a49dcca93168d48b33192d1d2058cea0185ffbdb15bd770a55cb828abda3f	120	data/processed/deglitch_work/S0189a/ucla_runtime/UCLA_v4/._MAIN2SPS.m
812a49dcca93168d48b33192d1d2058cea0185ffbdb15bd770a55cb828abda3f	120	data/processed/deglitch_work/S0189a/ucla_runtime/UCLA_v4/._PREP08.m
812a49dcca93168d48b33192d1d2058cea0185ffbdb15bd770a55cb828abda3f	120	data/processed/deglitch_work/S0189a/ucla_runtime/UCLA_v4/._PREPmkmseedNew.m
812a49dcca93168d48b33192d1d2058cea0185ffbdb15bd770a55cb828abda3f	120	data/processed/deglitch_work/S0189a/ucla_runtime/UCLA_v4/._TruncateXcov.m
812a49dcca93168d48b33192d1d2058cea0185ffbdb15bd770a55cb828abda3f	120	data/processed/deglitch_work/S0189a/ucla_runtime/UCLA_v4/._findmaxs.m
812a49dcca93168d48b33192d1d2058cea0185ffbdb15bd770a55cb828abda3f	120	data/processed/deglitch_work/S0189a/ucla_runtime/UCLA_v4/._func.m
812a49dcca93168d48b33192d1d2058cea0185ffbdb15bd770a55cb828abda3f	120	data/processed/deglitch_work/S0189a/ucla_runtime/UCLA_v4/._testSpikes.m
dc2899a90d04a1d1642827cca701af7a8bb95c17c794e0bbfff695cb50595405	184	data/processed/deglitch_work/S0189a/ucla_runtime/UCLA_v4/Conservative.mat
88a29a4c4bc1c6a43b8172890748d123e310141074f27be8e79beaa38b44c951	1028	data/processed/deglitch_work/S0189a/ucla_runtime/UCLA_v4/FindPrecursors.m
c28425c01be4ea7600a77944ed1b06b58151ab75d05a48c957567556ccf7eedf	2876	data/processed/deglitch_work/S0189a/ucla_runtime/UCLA_v4/MAIN.m
5b4be53f17dbf968abd360eb3bc7a203a4816a49a9d77f7b6101923000142236	5852	data/processed/deglitch_work/S0189a/ucla_runtime/UCLA_v4/MAIN20SPSJuly26.m
8ba27940cfcbca3ea091ff72218d8196f9c568727646206db74ee4a5a76d707c	2811	data/processed/deglitch_work/S0189a/ucla_runtime/UCLA_v4/MAIN20SPSReconcile.m
e4cc9c3ad46f8f153fc4bb4fc16ad6ada1770be3be69718f73e0cbd79d3eecfa	2542	data/processed/deglitch_work/S0189a/ucla_runtime/UCLA_v4/MAIN20SPSReconcileNew.m
dec95e6132a0452dfdfa088c130af5ef36ba42c3fcbba6b0429116372a7e8c66	2538	data/processed/deglitch_work/S0189a/ucla_runtime/UCLA_v4/MAIN20SPSReconcileNew.m~
f1d4808322e0eca5f14cda83e962ec115f1bee52d920af00530ccdc7fa4f1ab1	2821	data/processed/deglitch_work/S0189a/ucla_runtime/UCLA_v4/MAIN2SPS.m
157dd036a546ba62631ade4ebe8a2fa61179a55b51f34fdec2605ac736f147b4	1949	data/processed/deglitch_work/S0189a/ucla_runtime/UCLA_v4/MakeGlitch.m
52f5addeda49f642dba28b8ec840197c725b506f9ddaf67c644212fa89350d8e	181	data/processed/deglitch_work/S0189a/ucla_runtime/UCLA_v4/NLIMspike.mat
04d2cf0718e7f4d888f03538216e3ea09d47d9413c0cd14993ae7effb2388ab1	511	data/processed/deglitch_work/S0189a/ucla_runtime/UCLA_v4/NSpikeFloatGreenLine.m
34d81214d8851a20a2e2489cb4b7a39fb9988bd39f7ba5130dcc1926bcc92e1c	178	data/processed/deglitch_work/S0189a/ucla_runtime/UCLA_v4/Nlevel.mat
77dade4e3e4875f9937f762dc4948903fe7336ff62aed43b23ae8bc4eb746695	1261	data/processed/deglitch_work/S0189a/ucla_runtime/UCLA_v4/PFO_div2.txt
3cd93fb164e83a6e0af241535afbcde3fb1ac7c4fb1bdb69f527521b9d68a8de	2436	data/processed/deglitch_work/S0189a/ucla_runtime/UCLA_v4/PFO_div5.txt
4332dfc92a0a5f20043845ff47147a17d70f6eefb2e3a4efb06b2fd296f6a75f	1944	data/processed/deglitch_work/S0189a/ucla_runtime/UCLA_v4/PREP03.m
04251c9e9012937fd4a1cca54c3dd19c1683300fbd8912afc3e583f666108c88	2553	data/processed/deglitch_work/S0189a/ucla_runtime/UCLA_v4/PREP08.m
9b41e10e7f72de36df8c77193dc2f3bdbaf248d84568400d94bf127be15991d3	1864	data/processed/deglitch_work/S0189a/ucla_runtime/UCLA_v4/PREP39.m
b67b43101764998deeaddb3ff57f454ae0a37182b808b310ae2945988af2fd90	1068	data/processed/deglitch_work/S0189a/ucla_runtime/UCLA_v4/PREPmkmseed.m
8c76812821b0b125644abbe5e2ae83aae9e7d6fd1d909ed720845dbfb57195ff	1392	data/processed/deglitch_work/S0189a/ucla_runtime/UCLA_v4/PREPmkmseedNew.m
9921518f8e9d4cde172edec6e08f50206f1456f10d509e8044958a1e022d23b5	1223	data/processed/deglitch_work/S0189a/ucla_runtime/UCLA_v4/PlotFinalNew.m
e2e048539122c61b800a66533394a4ffa7ffad663bc77e4220feea1f3e3261fb	1280	data/processed/deglitch_work/S0189a/ucla_runtime/UCLA_v4/PlotFinalNew2SPS.m
2c3c2cbeef099247b3271e85cbb569f1d0387388c9af84c3247131497a701570	398	data/processed/deglitch_work/S0189a/ucla_runtime/UCLA_v4/QuickClean.m
a988a011241e2919fd0307c7b9ac92e00ab2e12519905daf2440b0a7dce520a0	486	data/processed/deglitch_work/S0189a/ucla_runtime/UCLA_v4/README.m
a12273552c871602813ad807cc0e44c5c9c15bf85ac40e6546fe9790afd44450	510464	data/processed/deglitch_work/S0189a/ucla_runtime/UCLA_v4/S0235b_VBB.mseed
3339b5a792b6ce451d3ca994af140261d41567be9ff572b5e1e84cc5339e7521	610	data/processed/deglitch_work/S0189a/ucla_runtime/UCLA_v4/SampleFraction.m
8f6098dcea352194b5c896a5d46fde54c68528fd1019503b9f1c4be573aa0e1f	378	data/processed/deglitch_work/S0189a/ucla_runtime/UCLA_v4/TruncateXcov.m
cc6f80160a6579c38b91b240fb969950edd2382ee49637c2795c053a29f67153	2102	data/processed/deglitch_work/S0189a/ucla_runtime/UCLA_v4/XseedDataFDS.m
cecb95974feb27f0ac2abae178fda679ff8c59eb92c10053c727fb6c341dcfd1	8258	data/processed/deglitch_work/S0189a/ucla_runtime/UCLA_v4/aaout3
90c6bf09db4bfbc9ad32b7a276cce83c74394c08b2085e7faa26e4966d122eb7	7730	data/processed/deglitch_work/S0189a/ucla_runtime/UCLA_v4/aaout3.mat
0f29b8f216d4dfafacfb62a980c1c802e0838fc00ef9913136fe7a7da96c5439	179	data/processed/deglitch_work/S0189a/ucla_runtime/UCLA_v4/cclim.mat
a4f5bddd025e8bff941ffafbc11866f0f95948ee3b36bfdb2fc368b31276a5a5	181	data/processed/deglitch_work/S0189a/ucla_runtime/UCLA_v4/cclim2.mat
8905233007a20457664c4c39582174126eb4ed6c67d7e56c58a9dd16f191f8fb	1415659	data/processed/deglitch_work/S0189a/ucla_runtime/UCLA_v4/dc
7cc4f0dadc14c5da533e46532d4090954ea1f07f552792769191c29512798647	1018199	data/processed/deglitch_work/S0189a/ucla_runtime/UCLA_v4/dc.mat
4349134d158f2f9a130cda002003852f5a401989ff3360d77e28cccd07492d1c	226	data/processed/deglitch_work/S0189a/ucla_runtime/UCLA_v4/decimeFPGA.m
f2e4440a240c7409444b6faba95f46e4a866fe12880b3d39cbe9808af4601c63	299	data/processed/deglitch_work/S0189a/ucla_runtime/UCLA_v4/deriviti.m
d03256442fcd51b630446dccd82e15f8d87b3b29ec97018745d9c11ef73b8833	192	data/processed/deglitch_work/S0189a/ucla_runtime/UCLA_v4/errors.m
2d1bfd611786fd2e70f23d1d284c0237e408099b0a38ef32603e79afe9ed35d5	175	data/processed/deglitch_work/S0189a/ucla_runtime/UCLA_v4/fetch.mat
86901dd234de26e7fcfa8c76fbdf7f4b03e95913280393648e1346bacfb62d61	475	data/processed/deglitch_work/S0189a/ucla_runtime/UCLA_v4/findI1PG1P.m
26901d09a6160a982f3ebd408c8079bc6a6b0d595e308c6128c582edc019f459	2092	data/processed/deglitch_work/S0189a/ucla_runtime/UCLA_v4/findmaxs.m
169f5ee6fe580633b465bffdee1550af46101aef46a3093db08db5ca049440a7	1903	data/processed/deglitch_work/S0189a/ucla_runtime/UCLA_v4/func.m
c34983ca96989ae643e74d20c4bc99f5c4a95ce510ede0750867bec8a4652572	938	data/processed/deglitch_work/S0189a/ucla_runtime/UCLA_v4/funcConvGaussSpikeThree.m
0996a4b2d7d7437661faac556cec16ffa42ee2773dad91661b85ee9e9b259731	3218	data/processed/deglitch_work/S0189a/ucla_runtime/UCLA_v4/funcPeaker.m
0c899e161b58e547a0c7ad3c1974bb61188fa41b57cb0d3a3dd887b8f894e02d	659	data/processed/deglitch_work/S0189a/ucla_runtime/UCLA_v4/funcadjustTimes.m
3ee00247fdf49859f4f317f084f039e1f664362ec4a5cd9040798ded8e02da0e	155199	data/processed/deglitch_work/S0189a/ucla_runtime/UCLA_v4/green20sps.mat
5f8c70eb1a3c0f850f3f6f75c6a8cea42a6e70ce42b03f2593cd9d1d0ac8669e	15639	data/processed/deglitch_work/S0189a/ucla_runtime/UCLA_v4/green2sps.mat
a7d5f244fff6c2fb5d53760cc0f6c830b36e1dc4aa619745f52bd469f007a5d2	837	data/processed/deglitch_work/S0189a/ucla_runtime/UCLA_v4/greenfitExpCSpike20SPS.m
28cb00d8ea228efd8e4576e4ab34815069791916ee5ff45ea477d4543578238e	927	data/processed/deglitch_work/S0189a/ucla_runtime/UCLA_v4/greenfitSlope.m
b215fd424deede19266682be3aa44148527e088e902c4ba4a4974136b5dd42b2	154916	data/processed/deglitch_work/S0189a/ucla_runtime/UCLA_v4/greenspike.mat
97e8ec837cb54080c9c424c10c57189c5687062f9c8e62e831c10144d3dab917	447	data/processed/deglitch_work/S0189a/ucla_runtime/UCLA_v4/junk
fc419ab9ba26bc84eebff7c7ed621e3554c8384b7f8dbc07305d1dfa470b5673	3160148	data/processed/deglitch_work/S0189a/ucla_runtime/UCLA_v4/metadata/RESP.XB.ELYSE.02.BHU
df3f74ac2730027d03d28841e3bf591ac55919de29840e30f35a64984aff58fe	3246875	data/processed/deglitch_work/S0189a/ucla_runtime/UCLA_v4/metadata/RESP.XB.ELYSE.02.BHV
54e51ce083258ef3252bd5bc4499e50de1d3b80cacda113570ae7086cea48955	3158312	data/processed/deglitch_work/S0189a/ucla_runtime/UCLA_v4/metadata/RESP.XB.ELYSE.02.BHW
110f3de4e7d5f6e9467147f77383982e6446b36bb5a3f85ed6b4776be98d7f71	784592	data/processed/deglitch_work/S0189a/ucla_runtime/UCLA_v4/metadata/RESP.XB.ELYSE.02.MHU
6605374c270b77f2bd330bfc684ba0e4b593ff46f1149def3116152615ca843b	784592	data/processed/deglitch_work/S0189a/ucla_runtime/UCLA_v4/metadata/RESP.XB.ELYSE.02.MHV
a1832e0f3aac73fc23ab402c1d8761d01b05d3d1e0b907ff8dd1cebeb07338cf	784592	data/processed/deglitch_work/S0189a/ucla_runtime/UCLA_v4/metadata/RESP.XB.ELYSE.02.MHW
0a08dc49461f0d677667f525f54861a5dc27f1aa6919ac5413c7756a2f3f74f4	17048	data/processed/deglitch_work/S0189a/ucla_runtime/UCLA_v4/mkmseed.m
3d4167bcea896854ff3170bbfd2aff5df3e9ec497ad665512c4fd30a8ff867f3	744	data/processed/deglitch_work/S0189a/ucla_runtime/UCLA_v4/mylsq.m
b14eadd66699f5ab30c262b4adf1b692a7e73b20c7eff3997f56521f72e11c50	778	data/processed/deglitch_work/S0189a/ucla_runtime/UCLA_v4/plotresultsFinal.m
606adc66abc3cee5c3ff91122d0959a0150770d88111380f230bede24c5fe8e3	34676	data/processed/deglitch_work/S0189a/ucla_runtime/UCLA_v4/rdmseed.m
38593b70a5113fccf99c57174f67b6e9a6d9b730fa3efd1ec7c492f67f9568a0	2154	data/processed/deglitch_work/S0189a/ucla_runtime/UCLA_v4/read_resp_v2.m
7bdacba195f49d202ccbb337f712d221075032aec57af96dda00225cb6b08acd	472	data/processed/deglitch_work/S0189a/ucla_runtime/UCLA_v4/rephase.m
b0627fab5f9a446d6acc3338442d98de14152a99bb70bc324d506257a8daeada	1833	data/processed/deglitch_work/S0189a/ucla_runtime/UCLA_v4/stalta.m
978c1cb7440cae89163d4398793737be45a3e57a21c9100d63bdbaa63180912a	1642	data/processed/deglitch_work/S0189a/ucla_runtime/UCLA_v4/testSpikes.m
c2a412762ba1583f9fd7d1230ef005691129af7311ccf9b625e632843241e4a7	17	data/processed/deglitch_work/S0189a/ucla_runtime/UCLA_v4/wminus
084b67b078775bf08c15ed64018d0a91eaa95b9ab4da1e24183b8b2e59788af8	833	data/processed/deglitch_work/S0189a/ucla_runtime/UCLA_v4/y
3ecde9902877ddd77cc4ecd4858cf0c85815744af80cf954acc3e85d8ea7ab89	183808	data/processed/deglitch_work/S0235b/S0235b_mps_before_ucla.mseed
e9fe30fb25701c6ce9bd8b94824f94549063bbcc358ac0167e858c1dfc72d4db	1253376	data/processed/deglitch_work/S0235b/S0235b_ucla.mseed
d69a0ae765732b54d202d9a86d1cd139a2bfe2b8473779f3f53d72ae277e9f65	314	data/processed/deglitch_work/S0235b/S0235b_ucla.mseed.ucla.json
d9f7e2e8cfceba0193c7467dcbc42f01201a0dbef56198777a8bfbc0b9ca8c9f	417792	data/processed/deglitch_work/S0235b/ucla_mseed_parts/XB.ELYSE.02.BHU.2019.207
620b12f24728f3dc195497d2f786ad6793f6f8098654232f56ded56c08ffc194	417792	data/processed/deglitch_work/S0235b/ucla_mseed_parts/XB.ELYSE.02.BHV.2019.207
6b9a9cbd7f73859b86744412b6f538d17479d9d4bae4d71668b2194e59febaa7	417792	data/processed/deglitch_work/S0235b/ucla_mseed_parts/XB.ELYSE.02.BHW.2019.207
197a342a48ed35adf23331d2c862f4417511faac53ebfb32fc0ce89853f14f97	989773	data/processed/deglitch_work/S0235b/ucla_results.mat
812a49dcca93168d48b33192d1d2058cea0185ffbdb15bd770a55cb828abda3f	120	data/processed/deglitch_work/S0235b/ucla_runtime/UCLA_v4/._MAIN.m
812a49dcca93168d48b33192d1d2058cea0185ffbdb15bd770a55cb828abda3f	120	data/processed/deglitch_work/S0235b/ucla_runtime/UCLA_v4/._MAIN20SPSJuly26.m
812a49dcca93168d48b33192d1d2058cea0185ffbdb15bd770a55cb828abda3f	120	data/processed/deglitch_work/S0235b/ucla_runtime/UCLA_v4/._MAIN2SPS.m
812a49dcca93168d48b33192d1d2058cea0185ffbdb15bd770a55cb828abda3f	120	data/processed/deglitch_work/S0235b/ucla_runtime/UCLA_v4/._PREP08.m
812a49dcca93168d48b33192d1d2058cea0185ffbdb15bd770a55cb828abda3f	120	data/processed/deglitch_work/S0235b/ucla_runtime/UCLA_v4/._PREPmkmseedNew.m
812a49dcca93168d48b33192d1d2058cea0185ffbdb15bd770a55cb828abda3f	120	data/processed/deglitch_work/S0235b/ucla_runtime/UCLA_v4/._TruncateXcov.m
812a49dcca93168d48b33192d1d2058cea0185ffbdb15bd770a55cb828abda3f	120	data/processed/deglitch_work/S0235b/ucla_runtime/UCLA_v4/._findmaxs.m
812a49dcca93168d48b33192d1d2058cea0185ffbdb15bd770a55cb828abda3f	120	data/processed/deglitch_work/S0235b/ucla_runtime/UCLA_v4/._func.m
812a49dcca93168d48b33192d1d2058cea0185ffbdb15bd770a55cb828abda3f	120	data/processed/deglitch_work/S0235b/ucla_runtime/UCLA_v4/._testSpikes.m
dc2899a90d04a1d1642827cca701af7a8bb95c17c794e0bbfff695cb50595405	184	data/processed/deglitch_work/S0235b/ucla_runtime/UCLA_v4/Conservative.mat
88a29a4c4bc1c6a43b8172890748d123e310141074f27be8e79beaa38b44c951	1028	data/processed/deglitch_work/S0235b/ucla_runtime/UCLA_v4/FindPrecursors.m
c28425c01be4ea7600a77944ed1b06b58151ab75d05a48c957567556ccf7eedf	2876	data/processed/deglitch_work/S0235b/ucla_runtime/UCLA_v4/MAIN.m
5b4be53f17dbf968abd360eb3bc7a203a4816a49a9d77f7b6101923000142236	5852	data/processed/deglitch_work/S0235b/ucla_runtime/UCLA_v4/MAIN20SPSJuly26.m
8ba27940cfcbca3ea091ff72218d8196f9c568727646206db74ee4a5a76d707c	2811	data/processed/deglitch_work/S0235b/ucla_runtime/UCLA_v4/MAIN20SPSReconcile.m
e4cc9c3ad46f8f153fc4bb4fc16ad6ada1770be3be69718f73e0cbd79d3eecfa	2542	data/processed/deglitch_work/S0235b/ucla_runtime/UCLA_v4/MAIN20SPSReconcileNew.m
dec95e6132a0452dfdfa088c130af5ef36ba42c3fcbba6b0429116372a7e8c66	2538	data/processed/deglitch_work/S0235b/ucla_runtime/UCLA_v4/MAIN20SPSReconcileNew.m~
f1d4808322e0eca5f14cda83e962ec115f1bee52d920af00530ccdc7fa4f1ab1	2821	data/processed/deglitch_work/S0235b/ucla_runtime/UCLA_v4/MAIN2SPS.m
157dd036a546ba62631ade4ebe8a2fa61179a55b51f34fdec2605ac736f147b4	1949	data/processed/deglitch_work/S0235b/ucla_runtime/UCLA_v4/MakeGlitch.m
52f5addeda49f642dba28b8ec840197c725b506f9ddaf67c644212fa89350d8e	181	data/processed/deglitch_work/S0235b/ucla_runtime/UCLA_v4/NLIMspike.mat
04d2cf0718e7f4d888f03538216e3ea09d47d9413c0cd14993ae7effb2388ab1	511	data/processed/deglitch_work/S0235b/ucla_runtime/UCLA_v4/NSpikeFloatGreenLine.m
34d81214d8851a20a2e2489cb4b7a39fb9988bd39f7ba5130dcc1926bcc92e1c	178	data/processed/deglitch_work/S0235b/ucla_runtime/UCLA_v4/Nlevel.mat
77dade4e3e4875f9937f762dc4948903fe7336ff62aed43b23ae8bc4eb746695	1261	data/processed/deglitch_work/S0235b/ucla_runtime/UCLA_v4/PFO_div2.txt
3cd93fb164e83a6e0af241535afbcde3fb1ac7c4fb1bdb69f527521b9d68a8de	2436	data/processed/deglitch_work/S0235b/ucla_runtime/UCLA_v4/PFO_div5.txt
4332dfc92a0a5f20043845ff47147a17d70f6eefb2e3a4efb06b2fd296f6a75f	1944	data/processed/deglitch_work/S0235b/ucla_runtime/UCLA_v4/PREP03.m
04251c9e9012937fd4a1cca54c3dd19c1683300fbd8912afc3e583f666108c88	2553	data/processed/deglitch_work/S0235b/ucla_runtime/UCLA_v4/PREP08.m
9b41e10e7f72de36df8c77193dc2f3bdbaf248d84568400d94bf127be15991d3	1864	data/processed/deglitch_work/S0235b/ucla_runtime/UCLA_v4/PREP39.m
b67b43101764998deeaddb3ff57f454ae0a37182b808b310ae2945988af2fd90	1068	data/processed/deglitch_work/S0235b/ucla_runtime/UCLA_v4/PREPmkmseed.m
8c76812821b0b125644abbe5e2ae83aae9e7d6fd1d909ed720845dbfb57195ff	1392	data/processed/deglitch_work/S0235b/ucla_runtime/UCLA_v4/PREPmkmseedNew.m
9921518f8e9d4cde172edec6e08f50206f1456f10d509e8044958a1e022d23b5	1223	data/processed/deglitch_work/S0235b/ucla_runtime/UCLA_v4/PlotFinalNew.m
e2e048539122c61b800a66533394a4ffa7ffad663bc77e4220feea1f3e3261fb	1280	data/processed/deglitch_work/S0235b/ucla_runtime/UCLA_v4/PlotFinalNew2SPS.m
2c3c2cbeef099247b3271e85cbb569f1d0387388c9af84c3247131497a701570	398	data/processed/deglitch_work/S0235b/ucla_runtime/UCLA_v4/QuickClean.m
a988a011241e2919fd0307c7b9ac92e00ab2e12519905daf2440b0a7dce520a0	486	data/processed/deglitch_work/S0235b/ucla_runtime/UCLA_v4/README.m
a12273552c871602813ad807cc0e44c5c9c15bf85ac40e6546fe9790afd44450	510464	data/processed/deglitch_work/S0235b/ucla_runtime/UCLA_v4/S0235b_VBB.mseed
3339b5a792b6ce451d3ca994af140261d41567be9ff572b5e1e84cc5339e7521	610	data/processed/deglitch_work/S0235b/ucla_runtime/UCLA_v4/SampleFraction.m
8f6098dcea352194b5c896a5d46fde54c68528fd1019503b9f1c4be573aa0e1f	378	data/processed/deglitch_work/S0235b/ucla_runtime/UCLA_v4/TruncateXcov.m
cc6f80160a6579c38b91b240fb969950edd2382ee49637c2795c053a29f67153	2102	data/processed/deglitch_work/S0235b/ucla_runtime/UCLA_v4/XseedDataFDS.m
67b4c6e11c5b33fb76df8534419967b8724028ce8239fb799f9c9c6057a41f5b	4610	data/processed/deglitch_work/S0235b/ucla_runtime/UCLA_v4/aaout3
90c6bf09db4bfbc9ad32b7a276cce83c74394c08b2085e7faa26e4966d122eb7	7730	data/processed/deglitch_work/S0235b/ucla_runtime/UCLA_v4/aaout3.mat
0f29b8f216d4dfafacfb62a980c1c802e0838fc00ef9913136fe7a7da96c5439	179	data/processed/deglitch_work/S0235b/ucla_runtime/UCLA_v4/cclim.mat
a4f5bddd025e8bff941ffafbc11866f0f95948ee3b36bfdb2fc368b31276a5a5	181	data/processed/deglitch_work/S0235b/ucla_runtime/UCLA_v4/cclim2.mat
0eaca709ebfde08b36bd2be1db60b3bff8a81d54b1d24ff4a3dfc9ddc25e4105	1272801	data/processed/deglitch_work/S0235b/ucla_runtime/UCLA_v4/dc
7cc4f0dadc14c5da533e46532d4090954ea1f07f552792769191c29512798647	1018199	data/processed/deglitch_work/S0235b/ucla_runtime/UCLA_v4/dc.mat
4349134d158f2f9a130cda002003852f5a401989ff3360d77e28cccd07492d1c	226	data/processed/deglitch_work/S0235b/ucla_runtime/UCLA_v4/decimeFPGA.m
f2e4440a240c7409444b6faba95f46e4a866fe12880b3d39cbe9808af4601c63	299	data/processed/deglitch_work/S0235b/ucla_runtime/UCLA_v4/deriviti.m
d03256442fcd51b630446dccd82e15f8d87b3b29ec97018745d9c11ef73b8833	192	data/processed/deglitch_work/S0235b/ucla_runtime/UCLA_v4/errors.m
2d1bfd611786fd2e70f23d1d284c0237e408099b0a38ef32603e79afe9ed35d5	175	data/processed/deglitch_work/S0235b/ucla_runtime/UCLA_v4/fetch.mat
86901dd234de26e7fcfa8c76fbdf7f4b03e95913280393648e1346bacfb62d61	475	data/processed/deglitch_work/S0235b/ucla_runtime/UCLA_v4/findI1PG1P.m
26901d09a6160a982f3ebd408c8079bc6a6b0d595e308c6128c582edc019f459	2092	data/processed/deglitch_work/S0235b/ucla_runtime/UCLA_v4/findmaxs.m
169f5ee6fe580633b465bffdee1550af46101aef46a3093db08db5ca049440a7	1903	data/processed/deglitch_work/S0235b/ucla_runtime/UCLA_v4/func.m
c34983ca96989ae643e74d20c4bc99f5c4a95ce510ede0750867bec8a4652572	938	data/processed/deglitch_work/S0235b/ucla_runtime/UCLA_v4/funcConvGaussSpikeThree.m
0996a4b2d7d7437661faac556cec16ffa42ee2773dad91661b85ee9e9b259731	3218	data/processed/deglitch_work/S0235b/ucla_runtime/UCLA_v4/funcPeaker.m
0c899e161b58e547a0c7ad3c1974bb61188fa41b57cb0d3a3dd887b8f894e02d	659	data/processed/deglitch_work/S0235b/ucla_runtime/UCLA_v4/funcadjustTimes.m
3ee00247fdf49859f4f317f084f039e1f664362ec4a5cd9040798ded8e02da0e	155199	data/processed/deglitch_work/S0235b/ucla_runtime/UCLA_v4/green20sps.mat
5f8c70eb1a3c0f850f3f6f75c6a8cea42a6e70ce42b03f2593cd9d1d0ac8669e	15639	data/processed/deglitch_work/S0235b/ucla_runtime/UCLA_v4/green2sps.mat
a7d5f244fff6c2fb5d53760cc0f6c830b36e1dc4aa619745f52bd469f007a5d2	837	data/processed/deglitch_work/S0235b/ucla_runtime/UCLA_v4/greenfitExpCSpike20SPS.m
28cb00d8ea228efd8e4576e4ab34815069791916ee5ff45ea477d4543578238e	927	data/processed/deglitch_work/S0235b/ucla_runtime/UCLA_v4/greenfitSlope.m
b215fd424deede19266682be3aa44148527e088e902c4ba4a4974136b5dd42b2	154916	data/processed/deglitch_work/S0235b/ucla_runtime/UCLA_v4/greenspike.mat
97e8ec837cb54080c9c424c10c57189c5687062f9c8e62e831c10144d3dab917	447	data/processed/deglitch_work/S0235b/ucla_runtime/UCLA_v4/junk
fc419ab9ba26bc84eebff7c7ed621e3554c8384b7f8dbc07305d1dfa470b5673	3160148	data/processed/deglitch_work/S0235b/ucla_runtime/UCLA_v4/metadata/RESP.XB.ELYSE.02.BHU
df3f74ac2730027d03d28841e3bf591ac55919de29840e30f35a64984aff58fe	3246875	data/processed/deglitch_work/S0235b/ucla_runtime/UCLA_v4/metadata/RESP.XB.ELYSE.02.BHV
54e51ce083258ef3252bd5bc4499e50de1d3b80cacda113570ae7086cea48955	3158312	data/processed/deglitch_work/S0235b/ucla_runtime/UCLA_v4/metadata/RESP.XB.ELYSE.02.BHW
110f3de4e7d5f6e9467147f77383982e6446b36bb5a3f85ed6b4776be98d7f71	784592	data/processed/deglitch_work/S0235b/ucla_runtime/UCLA_v4/metadata/RESP.XB.ELYSE.02.MHU
6605374c270b77f2bd330bfc684ba0e4b593ff46f1149def3116152615ca843b	784592	data/processed/deglitch_work/S0235b/ucla_runtime/UCLA_v4/metadata/RESP.XB.ELYSE.02.MHV
a1832e0f3aac73fc23ab402c1d8761d01b05d3d1e0b907ff8dd1cebeb07338cf	784592	data/processed/deglitch_work/S0235b/ucla_runtime/UCLA_v4/metadata/RESP.XB.ELYSE.02.MHW
0a08dc49461f0d677667f525f54861a5dc27f1aa6919ac5413c7756a2f3f74f4	17048	data/processed/deglitch_work/S0235b/ucla_runtime/UCLA_v4/mkmseed.m
3d4167bcea896854ff3170bbfd2aff5df3e9ec497ad665512c4fd30a8ff867f3	744	data/processed/deglitch_work/S0235b/ucla_runtime/UCLA_v4/mylsq.m
b14eadd66699f5ab30c262b4adf1b692a7e73b20c7eff3997f56521f72e11c50	778	data/processed/deglitch_work/S0235b/ucla_runtime/UCLA_v4/plotresultsFinal.m
606adc66abc3cee5c3ff91122d0959a0150770d88111380f230bede24c5fe8e3	34676	data/processed/deglitch_work/S0235b/ucla_runtime/UCLA_v4/rdmseed.m
38593b70a5113fccf99c57174f67b6e9a6d9b730fa3efd1ec7c492f67f9568a0	2154	data/processed/deglitch_work/S0235b/ucla_runtime/UCLA_v4/read_resp_v2.m
7bdacba195f49d202ccbb337f712d221075032aec57af96dda00225cb6b08acd	472	data/processed/deglitch_work/S0235b/ucla_runtime/UCLA_v4/rephase.m
b0627fab5f9a446d6acc3338442d98de14152a99bb70bc324d506257a8daeada	1833	data/processed/deglitch_work/S0235b/ucla_runtime/UCLA_v4/stalta.m
978c1cb7440cae89163d4398793737be45a3e57a21c9100d63bdbaa63180912a	1642	data/processed/deglitch_work/S0235b/ucla_runtime/UCLA_v4/testSpikes.m
c2a412762ba1583f9fd7d1230ef005691129af7311ccf9b625e632843241e4a7	17	data/processed/deglitch_work/S0235b/ucla_runtime/UCLA_v4/wminus
084b67b078775bf08c15ed64018d0a91eaa95b9ab4da1e24183b8b2e59788af8	833	data/processed/deglitch_work/S0235b/ucla_runtime/UCLA_v4/y
3347ddc4b1109af234282844b5888e58f07415fdb12f50c0d223cbf346cd902a	209408	data/processed/deglitch_work/S0290b/S0290b_mps_before_ucla.mseed
78e1637690a7d3dccd55fc708bf752ab4dd8d49fa3a872a9fbfad017fb05f966	1253376	data/processed/deglitch_work/S0290b/S0290b_ucla.mseed
a5160d5268740210f17afc180bfed4e22ec810ea994e96c0064f16b326fdd817	314	data/processed/deglitch_work/S0290b/S0290b_ucla.mseed.ucla.json
23a5b53326f8cd7c9953e8247a5603e33fa5b428f9a6fa268966f2881a34a332	417792	data/processed/deglitch_work/S0290b/ucla_mseed_parts/XB.ELYSE.02.BHU.2019.264
c9671f7a9b0aea2e15bb06b6940e8e0dd0a22cd4dfd655542c4bd1b7a8b81bbc	417792	data/processed/deglitch_work/S0290b/ucla_mseed_parts/XB.ELYSE.02.BHV.2019.264
ce7dfaae5e79f9baabd4e90c6d419b43da28f2ea71f2244ce5bca965d748467a	417792	data/processed/deglitch_work/S0290b/ucla_mseed_parts/XB.ELYSE.02.BHW.2019.264
4ce37414154160feb54bee802a4b2d2c47574a7b77b90833fa5a766e5e3ee028	1070207	data/processed/deglitch_work/S0290b/ucla_results.mat
812a49dcca93168d48b33192d1d2058cea0185ffbdb15bd770a55cb828abda3f	120	data/processed/deglitch_work/S0290b/ucla_runtime/UCLA_v4/._MAIN.m
812a49dcca93168d48b33192d1d2058cea0185ffbdb15bd770a55cb828abda3f	120	data/processed/deglitch_work/S0290b/ucla_runtime/UCLA_v4/._MAIN20SPSJuly26.m
812a49dcca93168d48b33192d1d2058cea0185ffbdb15bd770a55cb828abda3f	120	data/processed/deglitch_work/S0290b/ucla_runtime/UCLA_v4/._MAIN2SPS.m
812a49dcca93168d48b33192d1d2058cea0185ffbdb15bd770a55cb828abda3f	120	data/processed/deglitch_work/S0290b/ucla_runtime/UCLA_v4/._PREP08.m
812a49dcca93168d48b33192d1d2058cea0185ffbdb15bd770a55cb828abda3f	120	data/processed/deglitch_work/S0290b/ucla_runtime/UCLA_v4/._PREPmkmseedNew.m
812a49dcca93168d48b33192d1d2058cea0185ffbdb15bd770a55cb828abda3f	120	data/processed/deglitch_work/S0290b/ucla_runtime/UCLA_v4/._TruncateXcov.m
812a49dcca93168d48b33192d1d2058cea0185ffbdb15bd770a55cb828abda3f	120	data/processed/deglitch_work/S0290b/ucla_runtime/UCLA_v4/._findmaxs.m
812a49dcca93168d48b33192d1d2058cea0185ffbdb15bd770a55cb828abda3f	120	data/processed/deglitch_work/S0290b/ucla_runtime/UCLA_v4/._func.m
812a49dcca93168d48b33192d1d2058cea0185ffbdb15bd770a55cb828abda3f	120	data/processed/deglitch_work/S0290b/ucla_runtime/UCLA_v4/._testSpikes.m
dc2899a90d04a1d1642827cca701af7a8bb95c17c794e0bbfff695cb50595405	184	data/processed/deglitch_work/S0290b/ucla_runtime/UCLA_v4/Conservative.mat
88a29a4c4bc1c6a43b8172890748d123e310141074f27be8e79beaa38b44c951	1028	data/processed/deglitch_work/S0290b/ucla_runtime/UCLA_v4/FindPrecursors.m
c28425c01be4ea7600a77944ed1b06b58151ab75d05a48c957567556ccf7eedf	2876	data/processed/deglitch_work/S0290b/ucla_runtime/UCLA_v4/MAIN.m
5b4be53f17dbf968abd360eb3bc7a203a4816a49a9d77f7b6101923000142236	5852	data/processed/deglitch_work/S0290b/ucla_runtime/UCLA_v4/MAIN20SPSJuly26.m
8ba27940cfcbca3ea091ff72218d8196f9c568727646206db74ee4a5a76d707c	2811	data/processed/deglitch_work/S0290b/ucla_runtime/UCLA_v4/MAIN20SPSReconcile.m
e4cc9c3ad46f8f153fc4bb4fc16ad6ada1770be3be69718f73e0cbd79d3eecfa	2542	data/processed/deglitch_work/S0290b/ucla_runtime/UCLA_v4/MAIN20SPSReconcileNew.m
dec95e6132a0452dfdfa088c130af5ef36ba42c3fcbba6b0429116372a7e8c66	2538	data/processed/deglitch_work/S0290b/ucla_runtime/UCLA_v4/MAIN20SPSReconcileNew.m~
f1d4808322e0eca5f14cda83e962ec115f1bee52d920af00530ccdc7fa4f1ab1	2821	data/processed/deglitch_work/S0290b/ucla_runtime/UCLA_v4/MAIN2SPS.m
157dd036a546ba62631ade4ebe8a2fa61179a55b51f34fdec2605ac736f147b4	1949	data/processed/deglitch_work/S0290b/ucla_runtime/UCLA_v4/MakeGlitch.m
52f5addeda49f642dba28b8ec840197c725b506f9ddaf67c644212fa89350d8e	181	data/processed/deglitch_work/S0290b/ucla_runtime/UCLA_v4/NLIMspike.mat
04d2cf0718e7f4d888f03538216e3ea09d47d9413c0cd14993ae7effb2388ab1	511	data/processed/deglitch_work/S0290b/ucla_runtime/UCLA_v4/NSpikeFloatGreenLine.m
34d81214d8851a20a2e2489cb4b7a39fb9988bd39f7ba5130dcc1926bcc92e1c	178	data/processed/deglitch_work/S0290b/ucla_runtime/UCLA_v4/Nlevel.mat
77dade4e3e4875f9937f762dc4948903fe7336ff62aed43b23ae8bc4eb746695	1261	data/processed/deglitch_work/S0290b/ucla_runtime/UCLA_v4/PFO_div2.txt
3cd93fb164e83a6e0af241535afbcde3fb1ac7c4fb1bdb69f527521b9d68a8de	2436	data/processed/deglitch_work/S0290b/ucla_runtime/UCLA_v4/PFO_div5.txt
4332dfc92a0a5f20043845ff47147a17d70f6eefb2e3a4efb06b2fd296f6a75f	1944	data/processed/deglitch_work/S0290b/ucla_runtime/UCLA_v4/PREP03.m
04251c9e9012937fd4a1cca54c3dd19c1683300fbd8912afc3e583f666108c88	2553	data/processed/deglitch_work/S0290b/ucla_runtime/UCLA_v4/PREP08.m
9b41e10e7f72de36df8c77193dc2f3bdbaf248d84568400d94bf127be15991d3	1864	data/processed/deglitch_work/S0290b/ucla_runtime/UCLA_v4/PREP39.m
b67b43101764998deeaddb3ff57f454ae0a37182b808b310ae2945988af2fd90	1068	data/processed/deglitch_work/S0290b/ucla_runtime/UCLA_v4/PREPmkmseed.m
8c76812821b0b125644abbe5e2ae83aae9e7d6fd1d909ed720845dbfb57195ff	1392	data/processed/deglitch_work/S0290b/ucla_runtime/UCLA_v4/PREPmkmseedNew.m
9921518f8e9d4cde172edec6e08f50206f1456f10d509e8044958a1e022d23b5	1223	data/processed/deglitch_work/S0290b/ucla_runtime/UCLA_v4/PlotFinalNew.m
e2e048539122c61b800a66533394a4ffa7ffad663bc77e4220feea1f3e3261fb	1280	data/processed/deglitch_work/S0290b/ucla_runtime/UCLA_v4/PlotFinalNew2SPS.m
2c3c2cbeef099247b3271e85cbb569f1d0387388c9af84c3247131497a701570	398	data/processed/deglitch_work/S0290b/ucla_runtime/UCLA_v4/QuickClean.m
a988a011241e2919fd0307c7b9ac92e00ab2e12519905daf2440b0a7dce520a0	486	data/processed/deglitch_work/S0290b/ucla_runtime/UCLA_v4/README.m
a12273552c871602813ad807cc0e44c5c9c15bf85ac40e6546fe9790afd44450	510464	data/processed/deglitch_work/S0290b/ucla_runtime/UCLA_v4/S0235b_VBB.mseed
3339b5a792b6ce451d3ca994af140261d41567be9ff572b5e1e84cc5339e7521	610	data/processed/deglitch_work/S0290b/ucla_runtime/UCLA_v4/SampleFraction.m
8f6098dcea352194b5c896a5d46fde54c68528fd1019503b9f1c4be573aa0e1f	378	data/processed/deglitch_work/S0290b/ucla_runtime/UCLA_v4/TruncateXcov.m
cc6f80160a6579c38b91b240fb969950edd2382ee49637c2795c053a29f67153	2102	data/processed/deglitch_work/S0290b/ucla_runtime/UCLA_v4/XseedDataFDS.m
3d894189161b81b82d0a1fdf54e4283f600470b277ba93b0895b6f9c4ce01432	8073	data/processed/deglitch_work/S0290b/ucla_runtime/UCLA_v4/aaout3
90c6bf09db4bfbc9ad32b7a276cce83c74394c08b2085e7faa26e4966d122eb7	7730	data/processed/deglitch_work/S0290b/ucla_runtime/UCLA_v4/aaout3.mat
0f29b8f216d4dfafacfb62a980c1c802e0838fc00ef9913136fe7a7da96c5439	179	data/processed/deglitch_work/S0290b/ucla_runtime/UCLA_v4/cclim.mat
a4f5bddd025e8bff941ffafbc11866f0f95948ee3b36bfdb2fc368b31276a5a5	181	data/processed/deglitch_work/S0290b/ucla_runtime/UCLA_v4/cclim2.mat
deb4faf85d09a4c1241d3f75985ce0d72768e016bcac6e1d55f05e6648fa72dc	1340242	data/processed/deglitch_work/S0290b/ucla_runtime/UCLA_v4/dc
7cc4f0dadc14c5da533e46532d4090954ea1f07f552792769191c29512798647	1018199	data/processed/deglitch_work/S0290b/ucla_runtime/UCLA_v4/dc.mat
4349134d158f2f9a130cda002003852f5a401989ff3360d77e28cccd07492d1c	226	data/processed/deglitch_work/S0290b/ucla_runtime/UCLA_v4/decimeFPGA.m
f2e4440a240c7409444b6faba95f46e4a866fe12880b3d39cbe9808af4601c63	299	data/processed/deglitch_work/S0290b/ucla_runtime/UCLA_v4/deriviti.m
d03256442fcd51b630446dccd82e15f8d87b3b29ec97018745d9c11ef73b8833	192	data/processed/deglitch_work/S0290b/ucla_runtime/UCLA_v4/errors.m
2d1bfd611786fd2e70f23d1d284c0237e408099b0a38ef32603e79afe9ed35d5	175	data/processed/deglitch_work/S0290b/ucla_runtime/UCLA_v4/fetch.mat
86901dd234de26e7fcfa8c76fbdf7f4b03e95913280393648e1346bacfb62d61	475	data/processed/deglitch_work/S0290b/ucla_runtime/UCLA_v4/findI1PG1P.m
26901d09a6160a982f3ebd408c8079bc6a6b0d595e308c6128c582edc019f459	2092	data/processed/deglitch_work/S0290b/ucla_runtime/UCLA_v4/findmaxs.m
169f5ee6fe580633b465bffdee1550af46101aef46a3093db08db5ca049440a7	1903	data/processed/deglitch_work/S0290b/ucla_runtime/UCLA_v4/func.m
c34983ca96989ae643e74d20c4bc99f5c4a95ce510ede0750867bec8a4652572	938	data/processed/deglitch_work/S0290b/ucla_runtime/UCLA_v4/funcConvGaussSpikeThree.m
0996a4b2d7d7437661faac556cec16ffa42ee2773dad91661b85ee9e9b259731	3218	data/processed/deglitch_work/S0290b/ucla_runtime/UCLA_v4/funcPeaker.m
0c899e161b58e547a0c7ad3c1974bb61188fa41b57cb0d3a3dd887b8f894e02d	659	data/processed/deglitch_work/S0290b/ucla_runtime/UCLA_v4/funcadjustTimes.m
3ee00247fdf49859f4f317f084f039e1f664362ec4a5cd9040798ded8e02da0e	155199	data/processed/deglitch_work/S0290b/ucla_runtime/UCLA_v4/green20sps.mat
5f8c70eb1a3c0f850f3f6f75c6a8cea42a6e70ce42b03f2593cd9d1d0ac8669e	15639	data/processed/deglitch_work/S0290b/ucla_runtime/UCLA_v4/green2sps.mat
a7d5f244fff6c2fb5d53760cc0f6c830b36e1dc4aa619745f52bd469f007a5d2	837	data/processed/deglitch_work/S0290b/ucla_runtime/UCLA_v4/greenfitExpCSpike20SPS.m
28cb00d8ea228efd8e4576e4ab34815069791916ee5ff45ea477d4543578238e	927	data/processed/deglitch_work/S0290b/ucla_runtime/UCLA_v4/greenfitSlope.m
b215fd424deede19266682be3aa44148527e088e902c4ba4a4974136b5dd42b2	154916	data/processed/deglitch_work/S0290b/ucla_runtime/UCLA_v4/greenspike.mat
97e8ec837cb54080c9c424c10c57189c5687062f9c8e62e831c10144d3dab917	447	data/processed/deglitch_work/S0290b/ucla_runtime/UCLA_v4/junk
fc419ab9ba26bc84eebff7c7ed621e3554c8384b7f8dbc07305d1dfa470b5673	3160148	data/processed/deglitch_work/S0290b/ucla_runtime/UCLA_v4/metadata/RESP.XB.ELYSE.02.BHU
df3f74ac2730027d03d28841e3bf591ac55919de29840e30f35a64984aff58fe	3246875	data/processed/deglitch_work/S0290b/ucla_runtime/UCLA_v4/metadata/RESP.XB.ELYSE.02.BHV
54e51ce083258ef3252bd5bc4499e50de1d3b80cacda113570ae7086cea48955	3158312	data/processed/deglitch_work/S0290b/ucla_runtime/UCLA_v4/metadata/RESP.XB.ELYSE.02.BHW
110f3de4e7d5f6e9467147f77383982e6446b36bb5a3f85ed6b4776be98d7f71	784592	data/processed/deglitch_work/S0290b/ucla_runtime/UCLA_v4/metadata/RESP.XB.ELYSE.02.MHU
6605374c270b77f2bd330bfc684ba0e4b593ff46f1149def3116152615ca843b	784592	data/processed/deglitch_work/S0290b/ucla_runtime/UCLA_v4/metadata/RESP.XB.ELYSE.02.MHV
a1832e0f3aac73fc23ab402c1d8761d01b05d3d1e0b907ff8dd1cebeb07338cf	784592	data/processed/deglitch_work/S0290b/ucla_runtime/UCLA_v4/metadata/RESP.XB.ELYSE.02.MHW
0a08dc49461f0d677667f525f54861a5dc27f1aa6919ac5413c7756a2f3f74f4	17048	data/processed/deglitch_work/S0290b/ucla_runtime/UCLA_v4/mkmseed.m
3d4167bcea896854ff3170bbfd2aff5df3e9ec497ad665512c4fd30a8ff867f3	744	data/processed/deglitch_work/S0290b/ucla_runtime/UCLA_v4/mylsq.m
b14eadd66699f5ab30c262b4adf1b692a7e73b20c7eff3997f56521f72e11c50	778	data/processed/deglitch_work/S0290b/ucla_runtime/UCLA_v4/plotresultsFinal.m
606adc66abc3cee5c3ff91122d0959a0150770d88111380f230bede24c5fe8e3	34676	data/processed/deglitch_work/S0290b/ucla_runtime/UCLA_v4/rdmseed.m
38593b70a5113fccf99c57174f67b6e9a6d9b730fa3efd1ec7c492f67f9568a0	2154	data/processed/deglitch_work/S0290b/ucla_runtime/UCLA_v4/read_resp_v2.m
7bdacba195f49d202ccbb337f712d221075032aec57af96dda00225cb6b08acd	472	data/processed/deglitch_work/S0290b/ucla_runtime/UCLA_v4/rephase.m
b0627fab5f9a446d6acc3338442d98de14152a99bb70bc324d506257a8daeada	1833	data/processed/deglitch_work/S0290b/ucla_runtime/UCLA_v4/stalta.m
978c1cb7440cae89163d4398793737be45a3e57a21c9100d63bdbaa63180912a	1642	data/processed/deglitch_work/S0290b/ucla_runtime/UCLA_v4/testSpikes.m
c2a412762ba1583f9fd7d1230ef005691129af7311ccf9b625e632843241e4a7	17	data/processed/deglitch_work/S0290b/ucla_runtime/UCLA_v4/wminus
084b67b078775bf08c15ed64018d0a91eaa95b9ab4da1e24183b8b2e59788af8	833	data/processed/deglitch_work/S0290b/ucla_runtime/UCLA_v4/y
659c5d5ac1be53176b150770f6d7479b431ca2a6ab80039cb184880ca6d5c539	243200	data/processed/deglitch_work/S0325a/S0325a_mps_before_ucla.mseed
09e1670b358b2c7d5e5ef9ebbce8a8f261a81f0ab2a2b206b01fbf0e00488003	1253376	data/processed/deglitch_work/S0325a/S0325a_ucla.mseed
7299782f435e57daf05b29c4ab3f276ca3d05580d11cdc1b4b57fc557a6b73f4	314	data/processed/deglitch_work/S0325a/S0325a_ucla.mseed.ucla.json
0b5205fa7d13e90a9f477d4b6f9487a60a8582a7be4f2f5b9146c1c80d67fa47	417792	data/processed/deglitch_work/S0325a/ucla_mseed_parts/XB.ELYSE.02.BHU.2019.299
d3e493671aa883c16e46a873b686d7b810a6e160fbc20295081883ff3ddf8679	417792	data/processed/deglitch_work/S0325a/ucla_mseed_parts/XB.ELYSE.02.BHV.2019.299
229b0e295faf51b19b88828d1b844940406e75975e3debc234831c49e79dc281	417792	data/processed/deglitch_work/S0325a/ucla_mseed_parts/XB.ELYSE.02.BHW.2019.299
9870768e695c0fbc380eac6ec134b5026491d278668233b980d422f31a9278bf	1101313	data/processed/deglitch_work/S0325a/ucla_results.mat
812a49dcca93168d48b33192d1d2058cea0185ffbdb15bd770a55cb828abda3f	120	data/processed/deglitch_work/S0325a/ucla_runtime/UCLA_v4/._MAIN.m
812a49dcca93168d48b33192d1d2058cea0185ffbdb15bd770a55cb828abda3f	120	data/processed/deglitch_work/S0325a/ucla_runtime/UCLA_v4/._MAIN20SPSJuly26.m
812a49dcca93168d48b33192d1d2058cea0185ffbdb15bd770a55cb828abda3f	120	data/processed/deglitch_work/S0325a/ucla_runtime/UCLA_v4/._MAIN2SPS.m
812a49dcca93168d48b33192d1d2058cea0185ffbdb15bd770a55cb828abda3f	120	data/processed/deglitch_work/S0325a/ucla_runtime/UCLA_v4/._PREP08.m
812a49dcca93168d48b33192d1d2058cea0185ffbdb15bd770a55cb828abda3f	120	data/processed/deglitch_work/S0325a/ucla_runtime/UCLA_v4/._PREPmkmseedNew.m
812a49dcca93168d48b33192d1d2058cea0185ffbdb15bd770a55cb828abda3f	120	data/processed/deglitch_work/S0325a/ucla_runtime/UCLA_v4/._TruncateXcov.m
812a49dcca93168d48b33192d1d2058cea0185ffbdb15bd770a55cb828abda3f	120	data/processed/deglitch_work/S0325a/ucla_runtime/UCLA_v4/._findmaxs.m
812a49dcca93168d48b33192d1d2058cea0185ffbdb15bd770a55cb828abda3f	120	data/processed/deglitch_work/S0325a/ucla_runtime/UCLA_v4/._func.m
812a49dcca93168d48b33192d1d2058cea0185ffbdb15bd770a55cb828abda3f	120	data/processed/deglitch_work/S0325a/ucla_runtime/UCLA_v4/._testSpikes.m
dc2899a90d04a1d1642827cca701af7a8bb95c17c794e0bbfff695cb50595405	184	data/processed/deglitch_work/S0325a/ucla_runtime/UCLA_v4/Conservative.mat
88a29a4c4bc1c6a43b8172890748d123e310141074f27be8e79beaa38b44c951	1028	data/processed/deglitch_work/S0325a/ucla_runtime/UCLA_v4/FindPrecursors.m
c28425c01be4ea7600a77944ed1b06b58151ab75d05a48c957567556ccf7eedf	2876	data/processed/deglitch_work/S0325a/ucla_runtime/UCLA_v4/MAIN.m
5b4be53f17dbf968abd360eb3bc7a203a4816a49a9d77f7b6101923000142236	5852	data/processed/deglitch_work/S0325a/ucla_runtime/UCLA_v4/MAIN20SPSJuly26.m
8ba27940cfcbca3ea091ff72218d8196f9c568727646206db74ee4a5a76d707c	2811	data/processed/deglitch_work/S0325a/ucla_runtime/UCLA_v4/MAIN20SPSReconcile.m
e4cc9c3ad46f8f153fc4bb4fc16ad6ada1770be3be69718f73e0cbd79d3eecfa	2542	data/processed/deglitch_work/S0325a/ucla_runtime/UCLA_v4/MAIN20SPSReconcileNew.m
dec95e6132a0452dfdfa088c130af5ef36ba42c3fcbba6b0429116372a7e8c66	2538	data/processed/deglitch_work/S0325a/ucla_runtime/UCLA_v4/MAIN20SPSReconcileNew.m~
f1d4808322e0eca5f14cda83e962ec115f1bee52d920af00530ccdc7fa4f1ab1	2821	data/processed/deglitch_work/S0325a/ucla_runtime/UCLA_v4/MAIN2SPS.m
157dd036a546ba62631ade4ebe8a2fa61179a55b51f34fdec2605ac736f147b4	1949	data/processed/deglitch_work/S0325a/ucla_runtime/UCLA_v4/MakeGlitch.m
52f5addeda49f642dba28b8ec840197c725b506f9ddaf67c644212fa89350d8e	181	data/processed/deglitch_work/S0325a/ucla_runtime/UCLA_v4/NLIMspike.mat
04d2cf0718e7f4d888f03538216e3ea09d47d9413c0cd14993ae7effb2388ab1	511	data/processed/deglitch_work/S0325a/ucla_runtime/UCLA_v4/NSpikeFloatGreenLine.m
34d81214d8851a20a2e2489cb4b7a39fb9988bd39f7ba5130dcc1926bcc92e1c	178	data/processed/deglitch_work/S0325a/ucla_runtime/UCLA_v4/Nlevel.mat
77dade4e3e4875f9937f762dc4948903fe7336ff62aed43b23ae8bc4eb746695	1261	data/processed/deglitch_work/S0325a/ucla_runtime/UCLA_v4/PFO_div2.txt
3cd93fb164e83a6e0af241535afbcde3fb1ac7c4fb1bdb69f527521b9d68a8de	2436	data/processed/deglitch_work/S0325a/ucla_runtime/UCLA_v4/PFO_div5.txt
4332dfc92a0a5f20043845ff47147a17d70f6eefb2e3a4efb06b2fd296f6a75f	1944	data/processed/deglitch_work/S0325a/ucla_runtime/UCLA_v4/PREP03.m
04251c9e9012937fd4a1cca54c3dd19c1683300fbd8912afc3e583f666108c88	2553	data/processed/deglitch_work/S0325a/ucla_runtime/UCLA_v4/PREP08.m
9b41e10e7f72de36df8c77193dc2f3bdbaf248d84568400d94bf127be15991d3	1864	data/processed/deglitch_work/S0325a/ucla_runtime/UCLA_v4/PREP39.m
b67b43101764998deeaddb3ff57f454ae0a37182b808b310ae2945988af2fd90	1068	data/processed/deglitch_work/S0325a/ucla_runtime/UCLA_v4/PREPmkmseed.m
8c76812821b0b125644abbe5e2ae83aae9e7d6fd1d909ed720845dbfb57195ff	1392	data/processed/deglitch_work/S0325a/ucla_runtime/UCLA_v4/PREPmkmseedNew.m
9921518f8e9d4cde172edec6e08f50206f1456f10d509e8044958a1e022d23b5	1223	data/processed/deglitch_work/S0325a/ucla_runtime/UCLA_v4/PlotFinalNew.m
e2e048539122c61b800a66533394a4ffa7ffad663bc77e4220feea1f3e3261fb	1280	data/processed/deglitch_work/S0325a/ucla_runtime/UCLA_v4/PlotFinalNew2SPS.m
2c3c2cbeef099247b3271e85cbb569f1d0387388c9af84c3247131497a701570	398	data/processed/deglitch_work/S0325a/ucla_runtime/UCLA_v4/QuickClean.m
a988a011241e2919fd0307c7b9ac92e00ab2e12519905daf2440b0a7dce520a0	486	data/processed/deglitch_work/S0325a/ucla_runtime/UCLA_v4/README.m
a12273552c871602813ad807cc0e44c5c9c15bf85ac40e6546fe9790afd44450	510464	data/processed/deglitch_work/S0325a/ucla_runtime/UCLA_v4/S0235b_VBB.mseed
3339b5a792b6ce451d3ca994af140261d41567be9ff572b5e1e84cc5339e7521	610	data/processed/deglitch_work/S0325a/ucla_runtime/UCLA_v4/SampleFraction.m
8f6098dcea352194b5c896a5d46fde54c68528fd1019503b9f1c4be573aa0e1f	378	data/processed/deglitch_work/S0325a/ucla_runtime/UCLA_v4/TruncateXcov.m
cc6f80160a6579c38b91b240fb969950edd2382ee49637c2795c053a29f67153	2102	data/processed/deglitch_work/S0325a/ucla_runtime/UCLA_v4/XseedDataFDS.m
9bcfb3d0f2ce05d783be9df8d59a1196b9b9f70a280c4f8a2379eca69fc1eb74	6091	data/processed/deglitch_work/S0325a/ucla_runtime/UCLA_v4/aaout3
90c6bf09db4bfbc9ad32b7a276cce83c74394c08b2085e7faa26e4966d122eb7	7730	data/processed/deglitch_work/S0325a/ucla_runtime/UCLA_v4/aaout3.mat
0f29b8f216d4dfafacfb62a980c1c802e0838fc00ef9913136fe7a7da96c5439	179	data/processed/deglitch_work/S0325a/ucla_runtime/UCLA_v4/cclim.mat
a4f5bddd025e8bff941ffafbc11866f0f95948ee3b36bfdb2fc368b31276a5a5	181	data/processed/deglitch_work/S0325a/ucla_runtime/UCLA_v4/cclim2.mat
28ea50ba76a147e1721d1585f8e375cef738f68ed13a275c9149913d47a0113d	1183162	data/processed/deglitch_work/S0325a/ucla_runtime/UCLA_v4/dc
7cc4f0dadc14c5da533e46532d4090954ea1f07f552792769191c29512798647	1018199	data/processed/deglitch_work/S0325a/ucla_runtime/UCLA_v4/dc.mat
4349134d158f2f9a130cda002003852f5a401989ff3360d77e28cccd07492d1c	226	data/processed/deglitch_work/S0325a/ucla_runtime/UCLA_v4/decimeFPGA.m
f2e4440a240c7409444b6faba95f46e4a866fe12880b3d39cbe9808af4601c63	299	data/processed/deglitch_work/S0325a/ucla_runtime/UCLA_v4/deriviti.m
d03256442fcd51b630446dccd82e15f8d87b3b29ec97018745d9c11ef73b8833	192	data/processed/deglitch_work/S0325a/ucla_runtime/UCLA_v4/errors.m
2d1bfd611786fd2e70f23d1d284c0237e408099b0a38ef32603e79afe9ed35d5	175	data/processed/deglitch_work/S0325a/ucla_runtime/UCLA_v4/fetch.mat
86901dd234de26e7fcfa8c76fbdf7f4b03e95913280393648e1346bacfb62d61	475	data/processed/deglitch_work/S0325a/ucla_runtime/UCLA_v4/findI1PG1P.m
26901d09a6160a982f3ebd408c8079bc6a6b0d595e308c6128c582edc019f459	2092	data/processed/deglitch_work/S0325a/ucla_runtime/UCLA_v4/findmaxs.m
169f5ee6fe580633b465bffdee1550af46101aef46a3093db08db5ca049440a7	1903	data/processed/deglitch_work/S0325a/ucla_runtime/UCLA_v4/func.m
c34983ca96989ae643e74d20c4bc99f5c4a95ce510ede0750867bec8a4652572	938	data/processed/deglitch_work/S0325a/ucla_runtime/UCLA_v4/funcConvGaussSpikeThree.m
0996a4b2d7d7437661faac556cec16ffa42ee2773dad91661b85ee9e9b259731	3218	data/processed/deglitch_work/S0325a/ucla_runtime/UCLA_v4/funcPeaker.m
0c899e161b58e547a0c7ad3c1974bb61188fa41b57cb0d3a3dd887b8f894e02d	659	data/processed/deglitch_work/S0325a/ucla_runtime/UCLA_v4/funcadjustTimes.m
3ee00247fdf49859f4f317f084f039e1f664362ec4a5cd9040798ded8e02da0e	155199	data/processed/deglitch_work/S0325a/ucla_runtime/UCLA_v4/green20sps.mat
5f8c70eb1a3c0f850f3f6f75c6a8cea42a6e70ce42b03f2593cd9d1d0ac8669e	15639	data/processed/deglitch_work/S0325a/ucla_runtime/UCLA_v4/green2sps.mat
a7d5f244fff6c2fb5d53760cc0f6c830b36e1dc4aa619745f52bd469f007a5d2	837	data/processed/deglitch_work/S0325a/ucla_runtime/UCLA_v4/greenfitExpCSpike20SPS.m
28cb00d8ea228efd8e4576e4ab34815069791916ee5ff45ea477d4543578238e	927	data/processed/deglitch_work/S0325a/ucla_runtime/UCLA_v4/greenfitSlope.m
b215fd424deede19266682be3aa44148527e088e902c4ba4a4974136b5dd42b2	154916	data/processed/deglitch_work/S0325a/ucla_runtime/UCLA_v4/greenspike.mat
97e8ec837cb54080c9c424c10c57189c5687062f9c8e62e831c10144d3dab917	447	data/processed/deglitch_work/S0325a/ucla_runtime/UCLA_v4/junk
fc419ab9ba26bc84eebff7c7ed621e3554c8384b7f8dbc07305d1dfa470b5673	3160148	data/processed/deglitch_work/S0325a/ucla_runtime/UCLA_v4/metadata/RESP.XB.ELYSE.02.BHU
df3f74ac2730027d03d28841e3bf591ac55919de29840e30f35a64984aff58fe	3246875	data/processed/deglitch_work/S0325a/ucla_runtime/UCLA_v4/metadata/RESP.XB.ELYSE.02.BHV
54e51ce083258ef3252bd5bc4499e50de1d3b80cacda113570ae7086cea48955	3158312	data/processed/deglitch_work/S0325a/ucla_runtime/UCLA_v4/metadata/RESP.XB.ELYSE.02.BHW
110f3de4e7d5f6e9467147f77383982e6446b36bb5a3f85ed6b4776be98d7f71	784592	data/processed/deglitch_work/S0325a/ucla_runtime/UCLA_v4/metadata/RESP.XB.ELYSE.02.MHU
6605374c270b77f2bd330bfc684ba0e4b593ff46f1149def3116152615ca843b	784592	data/processed/deglitch_work/S0325a/ucla_runtime/UCLA_v4/metadata/RESP.XB.ELYSE.02.MHV
a1832e0f3aac73fc23ab402c1d8761d01b05d3d1e0b907ff8dd1cebeb07338cf	784592	data/processed/deglitch_work/S0325a/ucla_runtime/UCLA_v4/metadata/RESP.XB.ELYSE.02.MHW
0a08dc49461f0d677667f525f54861a5dc27f1aa6919ac5413c7756a2f3f74f4	17048	data/processed/deglitch_work/S0325a/ucla_runtime/UCLA_v4/mkmseed.m
3d4167bcea896854ff3170bbfd2aff5df3e9ec497ad665512c4fd30a8ff867f3	744	data/processed/deglitch_work/S0325a/ucla_runtime/UCLA_v4/mylsq.m
b14eadd66699f5ab30c262b4adf1b692a7e73b20c7eff3997f56521f72e11c50	778	data/processed/deglitch_work/S0325a/ucla_runtime/UCLA_v4/plotresultsFinal.m
606adc66abc3cee5c3ff91122d0959a0150770d88111380f230bede24c5fe8e3	34676	data/processed/deglitch_work/S0325a/ucla_runtime/UCLA_v4/rdmseed.m
38593b70a5113fccf99c57174f67b6e9a6d9b730fa3efd1ec7c492f67f9568a0	2154	data/processed/deglitch_work/S0325a/ucla_runtime/UCLA_v4/read_resp_v2.m
7bdacba195f49d202ccbb337f712d221075032aec57af96dda00225cb6b08acd	472	data/processed/deglitch_work/S0325a/ucla_runtime/UCLA_v4/rephase.m
b0627fab5f9a446d6acc3338442d98de14152a99bb70bc324d506257a8daeada	1833	data/processed/deglitch_work/S0325a/ucla_runtime/UCLA_v4/stalta.m
978c1cb7440cae89163d4398793737be45a3e57a21c9100d63bdbaa63180912a	1642	data/processed/deglitch_work/S0325a/ucla_runtime/UCLA_v4/testSpikes.m
c2a412762ba1583f9fd7d1230ef005691129af7311ccf9b625e632843241e4a7	17	data/processed/deglitch_work/S0325a/ucla_runtime/UCLA_v4/wminus
084b67b078775bf08c15ed64018d0a91eaa95b9ab4da1e24183b8b2e59788af8	833	data/processed/deglitch_work/S0325a/ucla_runtime/UCLA_v4/y
474518969b80ac38ad9ff96c3939ce58ca1ad706a4c8f1e3c65fb84027582805	189952	data/processed/deglitch_work/S0474a/S0474a_mps_before_ucla.mseed
92fb4ad572b90aeb4dc4700bdb0368a78baa21228ada78842541b40e77bcd064	1253376	data/processed/deglitch_work/S0474a/S0474a_ucla.mseed
2a4af4d872b5f1057e306a8a4f861ae4fb50af0e5bdc56df3780ed871385e991	314	data/processed/deglitch_work/S0474a/S0474a_ucla.mseed.ucla.json
c2776c388bda8cc17e334cae1bf4b02c48af41fa527db9d872339ac12cf67e70	417792	data/processed/deglitch_work/S0474a/ucla_mseed_parts/XB.ELYSE.02.BHU.2020.088
cb597643c1e1790ee58d3231c834ec0de5debf709401044e9452ac1ad355cf6e	417792	data/processed/deglitch_work/S0474a/ucla_mseed_parts/XB.ELYSE.02.BHV.2020.088
9a09d97a62931cb648fc6dd54794463d8742309bc06c3bf0b6754de48b015d84	417792	data/processed/deglitch_work/S0474a/ucla_mseed_parts/XB.ELYSE.02.BHW.2020.088
d4b75edcedde6b854daa6c00f773b01b7f237d767c045ad0422b86ea371996a9	1026281	data/processed/deglitch_work/S0474a/ucla_results.mat
812a49dcca93168d48b33192d1d2058cea0185ffbdb15bd770a55cb828abda3f	120	data/processed/deglitch_work/S0474a/ucla_runtime/UCLA_v4/._MAIN.m
812a49dcca93168d48b33192d1d2058cea0185ffbdb15bd770a55cb828abda3f	120	data/processed/deglitch_work/S0474a/ucla_runtime/UCLA_v4/._MAIN20SPSJuly26.m
812a49dcca93168d48b33192d1d2058cea0185ffbdb15bd770a55cb828abda3f	120	data/processed/deglitch_work/S0474a/ucla_runtime/UCLA_v4/._MAIN2SPS.m
812a49dcca93168d48b33192d1d2058cea0185ffbdb15bd770a55cb828abda3f	120	data/processed/deglitch_work/S0474a/ucla_runtime/UCLA_v4/._PREP08.m
812a49dcca93168d48b33192d1d2058cea0185ffbdb15bd770a55cb828abda3f	120	data/processed/deglitch_work/S0474a/ucla_runtime/UCLA_v4/._PREPmkmseedNew.m
812a49dcca93168d48b33192d1d2058cea0185ffbdb15bd770a55cb828abda3f	120	data/processed/deglitch_work/S0474a/ucla_runtime/UCLA_v4/._TruncateXcov.m
812a49dcca93168d48b33192d1d2058cea0185ffbdb15bd770a55cb828abda3f	120	data/processed/deglitch_work/S0474a/ucla_runtime/UCLA_v4/._findmaxs.m
812a49dcca93168d48b33192d1d2058cea0185ffbdb15bd770a55cb828abda3f	120	data/processed/deglitch_work/S0474a/ucla_runtime/UCLA_v4/._func.m
812a49dcca93168d48b33192d1d2058cea0185ffbdb15bd770a55cb828abda3f	120	data/processed/deglitch_work/S0474a/ucla_runtime/UCLA_v4/._testSpikes.m
dc2899a90d04a1d1642827cca701af7a8bb95c17c794e0bbfff695cb50595405	184	data/processed/deglitch_work/S0474a/ucla_runtime/UCLA_v4/Conservative.mat
88a29a4c4bc1c6a43b8172890748d123e310141074f27be8e79beaa38b44c951	1028	data/processed/deglitch_work/S0474a/ucla_runtime/UCLA_v4/FindPrecursors.m
c28425c01be4ea7600a77944ed1b06b58151ab75d05a48c957567556ccf7eedf	2876	data/processed/deglitch_work/S0474a/ucla_runtime/UCLA_v4/MAIN.m
5b4be53f17dbf968abd360eb3bc7a203a4816a49a9d77f7b6101923000142236	5852	data/processed/deglitch_work/S0474a/ucla_runtime/UCLA_v4/MAIN20SPSJuly26.m
8ba27940cfcbca3ea091ff72218d8196f9c568727646206db74ee4a5a76d707c	2811	data/processed/deglitch_work/S0474a/ucla_runtime/UCLA_v4/MAIN20SPSReconcile.m
e4cc9c3ad46f8f153fc4bb4fc16ad6ada1770be3be69718f73e0cbd79d3eecfa	2542	data/processed/deglitch_work/S0474a/ucla_runtime/UCLA_v4/MAIN20SPSReconcileNew.m
dec95e6132a0452dfdfa088c130af5ef36ba42c3fcbba6b0429116372a7e8c66	2538	data/processed/deglitch_work/S0474a/ucla_runtime/UCLA_v4/MAIN20SPSReconcileNew.m~
f1d4808322e0eca5f14cda83e962ec115f1bee52d920af00530ccdc7fa4f1ab1	2821	data/processed/deglitch_work/S0474a/ucla_runtime/UCLA_v4/MAIN2SPS.m
157dd036a546ba62631ade4ebe8a2fa61179a55b51f34fdec2605ac736f147b4	1949	data/processed/deglitch_work/S0474a/ucla_runtime/UCLA_v4/MakeGlitch.m
52f5addeda49f642dba28b8ec840197c725b506f9ddaf67c644212fa89350d8e	181	data/processed/deglitch_work/S0474a/ucla_runtime/UCLA_v4/NLIMspike.mat
04d2cf0718e7f4d888f03538216e3ea09d47d9413c0cd14993ae7effb2388ab1	511	data/processed/deglitch_work/S0474a/ucla_runtime/UCLA_v4/NSpikeFloatGreenLine.m
34d81214d8851a20a2e2489cb4b7a39fb9988bd39f7ba5130dcc1926bcc92e1c	178	data/processed/deglitch_work/S0474a/ucla_runtime/UCLA_v4/Nlevel.mat
77dade4e3e4875f9937f762dc4948903fe7336ff62aed43b23ae8bc4eb746695	1261	data/processed/deglitch_work/S0474a/ucla_runtime/UCLA_v4/PFO_div2.txt
3cd93fb164e83a6e0af241535afbcde3fb1ac7c4fb1bdb69f527521b9d68a8de	2436	data/processed/deglitch_work/S0474a/ucla_runtime/UCLA_v4/PFO_div5.txt
4332dfc92a0a5f20043845ff47147a17d70f6eefb2e3a4efb06b2fd296f6a75f	1944	data/processed/deglitch_work/S0474a/ucla_runtime/UCLA_v4/PREP03.m
04251c9e9012937fd4a1cca54c3dd19c1683300fbd8912afc3e583f666108c88	2553	data/processed/deglitch_work/S0474a/ucla_runtime/UCLA_v4/PREP08.m
9b41e10e7f72de36df8c77193dc2f3bdbaf248d84568400d94bf127be15991d3	1864	data/processed/deglitch_work/S0474a/ucla_runtime/UCLA_v4/PREP39.m
b67b43101764998deeaddb3ff57f454ae0a37182b808b310ae2945988af2fd90	1068	data/processed/deglitch_work/S0474a/ucla_runtime/UCLA_v4/PREPmkmseed.m
8c76812821b0b125644abbe5e2ae83aae9e7d6fd1d909ed720845dbfb57195ff	1392	data/processed/deglitch_work/S0474a/ucla_runtime/UCLA_v4/PREPmkmseedNew.m
9921518f8e9d4cde172edec6e08f50206f1456f10d509e8044958a1e022d23b5	1223	data/processed/deglitch_work/S0474a/ucla_runtime/UCLA_v4/PlotFinalNew.m
e2e048539122c61b800a66533394a4ffa7ffad663bc77e4220feea1f3e3261fb	1280	data/processed/deglitch_work/S0474a/ucla_runtime/UCLA_v4/PlotFinalNew2SPS.m
2c3c2cbeef099247b3271e85cbb569f1d0387388c9af84c3247131497a701570	398	data/processed/deglitch_work/S0474a/ucla_runtime/UCLA_v4/QuickClean.m
a988a011241e2919fd0307c7b9ac92e00ab2e12519905daf2440b0a7dce520a0	486	data/processed/deglitch_work/S0474a/ucla_runtime/UCLA_v4/README.m
a12273552c871602813ad807cc0e44c5c9c15bf85ac40e6546fe9790afd44450	510464	data/processed/deglitch_work/S0474a/ucla_runtime/UCLA_v4/S0235b_VBB.mseed
3339b5a792b6ce451d3ca994af140261d41567be9ff572b5e1e84cc5339e7521	610	data/processed/deglitch_work/S0474a/ucla_runtime/UCLA_v4/SampleFraction.m
8f6098dcea352194b5c896a5d46fde54c68528fd1019503b9f1c4be573aa0e1f	378	data/processed/deglitch_work/S0474a/ucla_runtime/UCLA_v4/TruncateXcov.m
cc6f80160a6579c38b91b240fb969950edd2382ee49637c2795c053a29f67153	2102	data/processed/deglitch_work/S0474a/ucla_runtime/UCLA_v4/XseedDataFDS.m
9e32d3dceb091f3b7c118f658b4d2c032bc1d359c5c76b89f9dc11ffcd9c3765	5874	data/processed/deglitch_work/S0474a/ucla_runtime/UCLA_v4/aaout3
90c6bf09db4bfbc9ad32b7a276cce83c74394c08b2085e7faa26e4966d122eb7	7730	data/processed/deglitch_work/S0474a/ucla_runtime/UCLA_v4/aaout3.mat
0f29b8f216d4dfafacfb62a980c1c802e0838fc00ef9913136fe7a7da96c5439	179	data/processed/deglitch_work/S0474a/ucla_runtime/UCLA_v4/cclim.mat
a4f5bddd025e8bff941ffafbc11866f0f95948ee3b36bfdb2fc368b31276a5a5	181	data/processed/deglitch_work/S0474a/ucla_runtime/UCLA_v4/cclim2.mat
cf195e67c266347d89052ba2f41e7135b38de40b1c28bcabb6d91a7978e0a059	1408252	data/processed/deglitch_work/S0474a/ucla_runtime/UCLA_v4/dc
7cc4f0dadc14c5da533e46532d4090954ea1f07f552792769191c29512798647	1018199	data/processed/deglitch_work/S0474a/ucla_runtime/UCLA_v4/dc.mat
4349134d158f2f9a130cda002003852f5a401989ff3360d77e28cccd07492d1c	226	data/processed/deglitch_work/S0474a/ucla_runtime/UCLA_v4/decimeFPGA.m
f2e4440a240c7409444b6faba95f46e4a866fe12880b3d39cbe9808af4601c63	299	data/processed/deglitch_work/S0474a/ucla_runtime/UCLA_v4/deriviti.m
d03256442fcd51b630446dccd82e15f8d87b3b29ec97018745d9c11ef73b8833	192	data/processed/deglitch_work/S0474a/ucla_runtime/UCLA_v4/errors.m
2d1bfd611786fd2e70f23d1d284c0237e408099b0a38ef32603e79afe9ed35d5	175	data/processed/deglitch_work/S0474a/ucla_runtime/UCLA_v4/fetch.mat
86901dd234de26e7fcfa8c76fbdf7f4b03e95913280393648e1346bacfb62d61	475	data/processed/deglitch_work/S0474a/ucla_runtime/UCLA_v4/findI1PG1P.m
26901d09a6160a982f3ebd408c8079bc6a6b0d595e308c6128c582edc019f459	2092	data/processed/deglitch_work/S0474a/ucla_runtime/UCLA_v4/findmaxs.m
169f5ee6fe580633b465bffdee1550af46101aef46a3093db08db5ca049440a7	1903	data/processed/deglitch_work/S0474a/ucla_runtime/UCLA_v4/func.m
c34983ca96989ae643e74d20c4bc99f5c4a95ce510ede0750867bec8a4652572	938	data/processed/deglitch_work/S0474a/ucla_runtime/UCLA_v4/funcConvGaussSpikeThree.m
0996a4b2d7d7437661faac556cec16ffa42ee2773dad91661b85ee9e9b259731	3218	data/processed/deglitch_work/S0474a/ucla_runtime/UCLA_v4/funcPeaker.m
0c899e161b58e547a0c7ad3c1974bb61188fa41b57cb0d3a3dd887b8f894e02d	659	data/processed/deglitch_work/S0474a/ucla_runtime/UCLA_v4/funcadjustTimes.m
3ee00247fdf49859f4f317f084f039e1f664362ec4a5cd9040798ded8e02da0e	155199	data/processed/deglitch_work/S0474a/ucla_runtime/UCLA_v4/green20sps.mat
5f8c70eb1a3c0f850f3f6f75c6a8cea42a6e70ce42b03f2593cd9d1d0ac8669e	15639	data/processed/deglitch_work/S0474a/ucla_runtime/UCLA_v4/green2sps.mat
a7d5f244fff6c2fb5d53760cc0f6c830b36e1dc4aa619745f52bd469f007a5d2	837	data/processed/deglitch_work/S0474a/ucla_runtime/UCLA_v4/greenfitExpCSpike20SPS.m
28cb00d8ea228efd8e4576e4ab34815069791916ee5ff45ea477d4543578238e	927	data/processed/deglitch_work/S0474a/ucla_runtime/UCLA_v4/greenfitSlope.m
b215fd424deede19266682be3aa44148527e088e902c4ba4a4974136b5dd42b2	154916	data/processed/deglitch_work/S0474a/ucla_runtime/UCLA_v4/greenspike.mat
97e8ec837cb54080c9c424c10c57189c5687062f9c8e62e831c10144d3dab917	447	data/processed/deglitch_work/S0474a/ucla_runtime/UCLA_v4/junk
fc419ab9ba26bc84eebff7c7ed621e3554c8384b7f8dbc07305d1dfa470b5673	3160148	data/processed/deglitch_work/S0474a/ucla_runtime/UCLA_v4/metadata/RESP.XB.ELYSE.02.BHU
df3f74ac2730027d03d28841e3bf591ac55919de29840e30f35a64984aff58fe	3246875	data/processed/deglitch_work/S0474a/ucla_runtime/UCLA_v4/metadata/RESP.XB.ELYSE.02.BHV
54e51ce083258ef3252bd5bc4499e50de1d3b80cacda113570ae7086cea48955	3158312	data/processed/deglitch_work/S0474a/ucla_runtime/UCLA_v4/metadata/RESP.XB.ELYSE.02.BHW
110f3de4e7d5f6e9467147f77383982e6446b36bb5a3f85ed6b4776be98d7f71	784592	data/processed/deglitch_work/S0474a/ucla_runtime/UCLA_v4/metadata/RESP.XB.ELYSE.02.MHU
6605374c270b77f2bd330bfc684ba0e4b593ff46f1149def3116152615ca843b	784592	data/processed/deglitch_work/S0474a/ucla_runtime/UCLA_v4/metadata/RESP.XB.ELYSE.02.MHV
a1832e0f3aac73fc23ab402c1d8761d01b05d3d1e0b907ff8dd1cebeb07338cf	784592	data/processed/deglitch_work/S0474a/ucla_runtime/UCLA_v4/metadata/RESP.XB.ELYSE.02.MHW
0a08dc49461f0d677667f525f54861a5dc27f1aa6919ac5413c7756a2f3f74f4	17048	data/processed/deglitch_work/S0474a/ucla_runtime/UCLA_v4/mkmseed.m
3d4167bcea896854ff3170bbfd2aff5df3e9ec497ad665512c4fd30a8ff867f3	744	data/processed/deglitch_work/S0474a/ucla_runtime/UCLA_v4/mylsq.m
b14eadd66699f5ab30c262b4adf1b692a7e73b20c7eff3997f56521f72e11c50	778	data/processed/deglitch_work/S0474a/ucla_runtime/UCLA_v4/plotresultsFinal.m
606adc66abc3cee5c3ff91122d0959a0150770d88111380f230bede24c5fe8e3	34676	data/processed/deglitch_work/S0474a/ucla_runtime/UCLA_v4/rdmseed.m
38593b70a5113fccf99c57174f67b6e9a6d9b730fa3efd1ec7c492f67f9568a0	2154	data/processed/deglitch_work/S0474a/ucla_runtime/UCLA_v4/read_resp_v2.m
7bdacba195f49d202ccbb337f712d221075032aec57af96dda00225cb6b08acd	472	data/processed/deglitch_work/S0474a/ucla_runtime/UCLA_v4/rephase.m
b0627fab5f9a446d6acc3338442d98de14152a99bb70bc324d506257a8daeada	1833	data/processed/deglitch_work/S0474a/ucla_runtime/UCLA_v4/stalta.m
978c1cb7440cae89163d4398793737be45a3e57a21c9100d63bdbaa63180912a	1642	data/processed/deglitch_work/S0474a/ucla_runtime/UCLA_v4/testSpikes.m
c2a412762ba1583f9fd7d1230ef005691129af7311ccf9b625e632843241e4a7	17	data/processed/deglitch_work/S0474a/ucla_runtime/UCLA_v4/wminus
084b67b078775bf08c15ed64018d0a91eaa95b9ab4da1e24183b8b2e59788af8	833	data/processed/deglitch_work/S0474a/ucla_runtime/UCLA_v4/y
d66e8a81f055963a016b57243b1419630d2c9c7d324693c3282c479aa8215ae5	192512	data/processed/deglitch_work/S0484b/S0484b_mps_before_ucla.mseed
e8a4ad4ea3adf9e7cd3446bf419faba588d8a950c2bf35587a94463c4c26ec1f	1253376	data/processed/deglitch_work/S0484b/S0484b_ucla.mseed
9a1634e0652bf9b0c81573abf3b23cdf9626f2a6837e59fb391ccdd600446888	314	data/processed/deglitch_work/S0484b/S0484b_ucla.mseed.ucla.json
e2dd2d3a34cd257e6ae9e3378a9fa5ef29e593c09e2880483da91c71f0858355	417792	data/processed/deglitch_work/S0484b/ucla_mseed_parts/XB.ELYSE.02.BHU.2020.098
110c5907eea86527b0abea0f88bd79d3ad5431fbd2af7149461bb4c6ee2a35b0	417792	data/processed/deglitch_work/S0484b/ucla_mseed_parts/XB.ELYSE.02.BHV.2020.098
1161895e804905b86f56e2a75ee963c6f3c26f5e2d1f240bebea76692199aef5	417792	data/processed/deglitch_work/S0484b/ucla_mseed_parts/XB.ELYSE.02.BHW.2020.098
b73eaa7be2d76dea2d164bfba4358cfe4aa2458eb146f7ac2c280e82a5f58334	1057275	data/processed/deglitch_work/S0484b/ucla_results.mat
812a49dcca93168d48b33192d1d2058cea0185ffbdb15bd770a55cb828abda3f	120	data/processed/deglitch_work/S0484b/ucla_runtime/UCLA_v4/._MAIN.m
812a49dcca93168d48b33192d1d2058cea0185ffbdb15bd770a55cb828abda3f	120	data/processed/deglitch_work/S0484b/ucla_runtime/UCLA_v4/._MAIN20SPSJuly26.m
812a49dcca93168d48b33192d1d2058cea0185ffbdb15bd770a55cb828abda3f	120	data/processed/deglitch_work/S0484b/ucla_runtime/UCLA_v4/._MAIN2SPS.m
812a49dcca93168d48b33192d1d2058cea0185ffbdb15bd770a55cb828abda3f	120	data/processed/deglitch_work/S0484b/ucla_runtime/UCLA_v4/._PREP08.m
812a49dcca93168d48b33192d1d2058cea0185ffbdb15bd770a55cb828abda3f	120	data/processed/deglitch_work/S0484b/ucla_runtime/UCLA_v4/._PREPmkmseedNew.m
812a49dcca93168d48b33192d1d2058cea0185ffbdb15bd770a55cb828abda3f	120	data/processed/deglitch_work/S0484b/ucla_runtime/UCLA_v4/._TruncateXcov.m
812a49dcca93168d48b33192d1d2058cea0185ffbdb15bd770a55cb828abda3f	120	data/processed/deglitch_work/S0484b/ucla_runtime/UCLA_v4/._findmaxs.m
812a49dcca93168d48b33192d1d2058cea0185ffbdb15bd770a55cb828abda3f	120	data/processed/deglitch_work/S0484b/ucla_runtime/UCLA_v4/._func.m
812a49dcca93168d48b33192d1d2058cea0185ffbdb15bd770a55cb828abda3f	120	data/processed/deglitch_work/S0484b/ucla_runtime/UCLA_v4/._testSpikes.m
dc2899a90d04a1d1642827cca701af7a8bb95c17c794e0bbfff695cb50595405	184	data/processed/deglitch_work/S0484b/ucla_runtime/UCLA_v4/Conservative.mat
88a29a4c4bc1c6a43b8172890748d123e310141074f27be8e79beaa38b44c951	1028	data/processed/deglitch_work/S0484b/ucla_runtime/UCLA_v4/FindPrecursors.m
c28425c01be4ea7600a77944ed1b06b58151ab75d05a48c957567556ccf7eedf	2876	data/processed/deglitch_work/S0484b/ucla_runtime/UCLA_v4/MAIN.m
5b4be53f17dbf968abd360eb3bc7a203a4816a49a9d77f7b6101923000142236	5852	data/processed/deglitch_work/S0484b/ucla_runtime/UCLA_v4/MAIN20SPSJuly26.m
8ba27940cfcbca3ea091ff72218d8196f9c568727646206db74ee4a5a76d707c	2811	data/processed/deglitch_work/S0484b/ucla_runtime/UCLA_v4/MAIN20SPSReconcile.m
e4cc9c3ad46f8f153fc4bb4fc16ad6ada1770be3be69718f73e0cbd79d3eecfa	2542	data/processed/deglitch_work/S0484b/ucla_runtime/UCLA_v4/MAIN20SPSReconcileNew.m
dec95e6132a0452dfdfa088c130af5ef36ba42c3fcbba6b0429116372a7e8c66	2538	data/processed/deglitch_work/S0484b/ucla_runtime/UCLA_v4/MAIN20SPSReconcileNew.m~
f1d4808322e0eca5f14cda83e962ec115f1bee52d920af00530ccdc7fa4f1ab1	2821	data/processed/deglitch_work/S0484b/ucla_runtime/UCLA_v4/MAIN2SPS.m
157dd036a546ba62631ade4ebe8a2fa61179a55b51f34fdec2605ac736f147b4	1949	data/processed/deglitch_work/S0484b/ucla_runtime/UCLA_v4/MakeGlitch.m
52f5addeda49f642dba28b8ec840197c725b506f9ddaf67c644212fa89350d8e	181	data/processed/deglitch_work/S0484b/ucla_runtime/UCLA_v4/NLIMspike.mat
04d2cf0718e7f4d888f03538216e3ea09d47d9413c0cd14993ae7effb2388ab1	511	data/processed/deglitch_work/S0484b/ucla_runtime/UCLA_v4/NSpikeFloatGreenLine.m
34d81214d8851a20a2e2489cb4b7a39fb9988bd39f7ba5130dcc1926bcc92e1c	178	data/processed/deglitch_work/S0484b/ucla_runtime/UCLA_v4/Nlevel.mat
77dade4e3e4875f9937f762dc4948903fe7336ff62aed43b23ae8bc4eb746695	1261	data/processed/deglitch_work/S0484b/ucla_runtime/UCLA_v4/PFO_div2.txt
3cd93fb164e83a6e0af241535afbcde3fb1ac7c4fb1bdb69f527521b9d68a8de	2436	data/processed/deglitch_work/S0484b/ucla_runtime/UCLA_v4/PFO_div5.txt
4332dfc92a0a5f20043845ff47147a17d70f6eefb2e3a4efb06b2fd296f6a75f	1944	data/processed/deglitch_work/S0484b/ucla_runtime/UCLA_v4/PREP03.m
04251c9e9012937fd4a1cca54c3dd19c1683300fbd8912afc3e583f666108c88	2553	data/processed/deglitch_work/S0484b/ucla_runtime/UCLA_v4/PREP08.m
9b41e10e7f72de36df8c77193dc2f3bdbaf248d84568400d94bf127be15991d3	1864	data/processed/deglitch_work/S0484b/ucla_runtime/UCLA_v4/PREP39.m
b67b43101764998deeaddb3ff57f454ae0a37182b808b310ae2945988af2fd90	1068	data/processed/deglitch_work/S0484b/ucla_runtime/UCLA_v4/PREPmkmseed.m
8c76812821b0b125644abbe5e2ae83aae9e7d6fd1d909ed720845dbfb57195ff	1392	data/processed/deglitch_work/S0484b/ucla_runtime/UCLA_v4/PREPmkmseedNew.m
9921518f8e9d4cde172edec6e08f50206f1456f10d509e8044958a1e022d23b5	1223	data/processed/deglitch_work/S0484b/ucla_runtime/UCLA_v4/PlotFinalNew.m
e2e048539122c61b800a66533394a4ffa7ffad663bc77e4220feea1f3e3261fb	1280	data/processed/deglitch_work/S0484b/ucla_runtime/UCLA_v4/PlotFinalNew2SPS.m
2c3c2cbeef099247b3271e85cbb569f1d0387388c9af84c3247131497a701570	398	data/processed/deglitch_work/S0484b/ucla_runtime/UCLA_v4/QuickClean.m
a988a011241e2919fd0307c7b9ac92e00ab2e12519905daf2440b0a7dce520a0	486	data/processed/deglitch_work/S0484b/ucla_runtime/UCLA_v4/README.m
a12273552c871602813ad807cc0e44c5c9c15bf85ac40e6546fe9790afd44450	510464	data/processed/deglitch_work/S0484b/ucla_runtime/UCLA_v4/S0235b_VBB.mseed
3339b5a792b6ce451d3ca994af140261d41567be9ff572b5e1e84cc5339e7521	610	data/processed/deglitch_work/S0484b/ucla_runtime/UCLA_v4/SampleFraction.m
8f6098dcea352194b5c896a5d46fde54c68528fd1019503b9f1c4be573aa0e1f	378	data/processed/deglitch_work/S0484b/ucla_runtime/UCLA_v4/TruncateXcov.m
cc6f80160a6579c38b91b240fb969950edd2382ee49637c2795c053a29f67153	2102	data/processed/deglitch_work/S0484b/ucla_runtime/UCLA_v4/XseedDataFDS.m
3214f097ecd739ac8a0aea55133fae9a2b3e595cb0f39c282ab21c6dc39fafeb	8977	data/processed/deglitch_work/S0484b/ucla_runtime/UCLA_v4/aaout3
90c6bf09db4bfbc9ad32b7a276cce83c74394c08b2085e7faa26e4966d122eb7	7730	data/processed/deglitch_work/S0484b/ucla_runtime/UCLA_v4/aaout3.mat
0f29b8f216d4dfafacfb62a980c1c802e0838fc00ef9913136fe7a7da96c5439	179	data/processed/deglitch_work/S0484b/ucla_runtime/UCLA_v4/cclim.mat
a4f5bddd025e8bff941ffafbc11866f0f95948ee3b36bfdb2fc368b31276a5a5	181	data/processed/deglitch_work/S0484b/ucla_runtime/UCLA_v4/cclim2.mat
36cea8cd9e57990fd032e9d88a83df7df2f26f2894b656aff05e8348424331c6	1385741	data/processed/deglitch_work/S0484b/ucla_runtime/UCLA_v4/dc
7cc4f0dadc14c5da533e46532d4090954ea1f07f552792769191c29512798647	1018199	data/processed/deglitch_work/S0484b/ucla_runtime/UCLA_v4/dc.mat
4349134d158f2f9a130cda002003852f5a401989ff3360d77e28cccd07492d1c	226	data/processed/deglitch_work/S0484b/ucla_runtime/UCLA_v4/decimeFPGA.m
f2e4440a240c7409444b6faba95f46e4a866fe12880b3d39cbe9808af4601c63	299	data/processed/deglitch_work/S0484b/ucla_runtime/UCLA_v4/deriviti.m
d03256442fcd51b630446dccd82e15f8d87b3b29ec97018745d9c11ef73b8833	192	data/processed/deglitch_work/S0484b/ucla_runtime/UCLA_v4/errors.m
2d1bfd611786fd2e70f23d1d284c0237e408099b0a38ef32603e79afe9ed35d5	175	data/processed/deglitch_work/S0484b/ucla_runtime/UCLA_v4/fetch.mat
86901dd234de26e7fcfa8c76fbdf7f4b03e95913280393648e1346bacfb62d61	475	data/processed/deglitch_work/S0484b/ucla_runtime/UCLA_v4/findI1PG1P.m
26901d09a6160a982f3ebd408c8079bc6a6b0d595e308c6128c582edc019f459	2092	data/processed/deglitch_work/S0484b/ucla_runtime/UCLA_v4/findmaxs.m
169f5ee6fe580633b465bffdee1550af46101aef46a3093db08db5ca049440a7	1903	data/processed/deglitch_work/S0484b/ucla_runtime/UCLA_v4/func.m
c34983ca96989ae643e74d20c4bc99f5c4a95ce510ede0750867bec8a4652572	938	data/processed/deglitch_work/S0484b/ucla_runtime/UCLA_v4/funcConvGaussSpikeThree.m
0996a4b2d7d7437661faac556cec16ffa42ee2773dad91661b85ee9e9b259731	3218	data/processed/deglitch_work/S0484b/ucla_runtime/UCLA_v4/funcPeaker.m
0c899e161b58e547a0c7ad3c1974bb61188fa41b57cb0d3a3dd887b8f894e02d	659	data/processed/deglitch_work/S0484b/ucla_runtime/UCLA_v4/funcadjustTimes.m
3ee00247fdf49859f4f317f084f039e1f664362ec4a5cd9040798ded8e02da0e	155199	data/processed/deglitch_work/S0484b/ucla_runtime/UCLA_v4/green20sps.mat
5f8c70eb1a3c0f850f3f6f75c6a8cea42a6e70ce42b03f2593cd9d1d0ac8669e	15639	data/processed/deglitch_work/S0484b/ucla_runtime/UCLA_v4/green2sps.mat
a7d5f244fff6c2fb5d53760cc0f6c830b36e1dc4aa619745f52bd469f007a5d2	837	data/processed/deglitch_work/S0484b/ucla_runtime/UCLA_v4/greenfitExpCSpike20SPS.m
28cb00d8ea228efd8e4576e4ab34815069791916ee5ff45ea477d4543578238e	927	data/processed/deglitch_work/S0484b/ucla_runtime/UCLA_v4/greenfitSlope.m
b215fd424deede19266682be3aa44148527e088e902c4ba4a4974136b5dd42b2	154916	data/processed/deglitch_work/S0484b/ucla_runtime/UCLA_v4/greenspike.mat
97e8ec837cb54080c9c424c10c57189c5687062f9c8e62e831c10144d3dab917	447	data/processed/deglitch_work/S0484b/ucla_runtime/UCLA_v4/junk
fc419ab9ba26bc84eebff7c7ed621e3554c8384b7f8dbc07305d1dfa470b5673	3160148	data/processed/deglitch_work/S0484b/ucla_runtime/UCLA_v4/metadata/RESP.XB.ELYSE.02.BHU
df3f74ac2730027d03d28841e3bf591ac55919de29840e30f35a64984aff58fe	3246875	data/processed/deglitch_work/S0484b/ucla_runtime/UCLA_v4/metadata/RESP.XB.ELYSE.02.BHV
54e51ce083258ef3252bd5bc4499e50de1d3b80cacda113570ae7086cea48955	3158312	data/processed/deglitch_work/S0484b/ucla_runtime/UCLA_v4/metadata/RESP.XB.ELYSE.02.BHW
110f3de4e7d5f6e9467147f77383982e6446b36bb5a3f85ed6b4776be98d7f71	784592	data/processed/deglitch_work/S0484b/ucla_runtime/UCLA_v4/metadata/RESP.XB.ELYSE.02.MHU
6605374c270b77f2bd330bfc684ba0e4b593ff46f1149def3116152615ca843b	784592	data/processed/deglitch_work/S0484b/ucla_runtime/UCLA_v4/metadata/RESP.XB.ELYSE.02.MHV
a1832e0f3aac73fc23ab402c1d8761d01b05d3d1e0b907ff8dd1cebeb07338cf	784592	data/processed/deglitch_work/S0484b/ucla_runtime/UCLA_v4/metadata/RESP.XB.ELYSE.02.MHW
0a08dc49461f0d677667f525f54861a5dc27f1aa6919ac5413c7756a2f3f74f4	17048	data/processed/deglitch_work/S0484b/ucla_runtime/UCLA_v4/mkmseed.m
3d4167bcea896854ff3170bbfd2aff5df3e9ec497ad665512c4fd30a8ff867f3	744	data/processed/deglitch_work/S0484b/ucla_runtime/UCLA_v4/mylsq.m
b14eadd66699f5ab30c262b4adf1b692a7e73b20c7eff3997f56521f72e11c50	778	data/processed/deglitch_work/S0484b/ucla_runtime/UCLA_v4/plotresultsFinal.m
606adc66abc3cee5c3ff91122d0959a0150770d88111380f230bede24c5fe8e3	34676	data/processed/deglitch_work/S0484b/ucla_runtime/UCLA_v4/rdmseed.m
38593b70a5113fccf99c57174f67b6e9a6d9b730fa3efd1ec7c492f67f9568a0	2154	data/processed/deglitch_work/S0484b/ucla_runtime/UCLA_v4/read_resp_v2.m
7bdacba195f49d202ccbb337f712d221075032aec57af96dda00225cb6b08acd	472	data/processed/deglitch_work/S0484b/ucla_runtime/UCLA_v4/rephase.m
b0627fab5f9a446d6acc3338442d98de14152a99bb70bc324d506257a8daeada	1833	data/processed/deglitch_work/S0484b/ucla_runtime/UCLA_v4/stalta.m
978c1cb7440cae89163d4398793737be45a3e57a21c9100d63bdbaa63180912a	1642	data/processed/deglitch_work/S0484b/ucla_runtime/UCLA_v4/testSpikes.m
c2a412762ba1583f9fd7d1230ef005691129af7311ccf9b625e632843241e4a7	17	data/processed/deglitch_work/S0484b/ucla_runtime/UCLA_v4/wminus
084b67b078775bf08c15ed64018d0a91eaa95b9ab4da1e24183b8b2e59788af8	833	data/processed/deglitch_work/S0484b/ucla_runtime/UCLA_v4/y
9617e0f5cf487c273c918c5acee59cb6a906102107ab7a485f26ef003beeec88	187904	data/processed/deglitch_work/S0802a/S0802a_mps_before_ucla.mseed
4b2f8c45ac434931c1cdda06a27903a3d78d0b83a4a0782abfe2c55ec4829adb	1253376	data/processed/deglitch_work/S0802a/S0802a_ucla.mseed
a44d24bffa362d4c4df91f92674f99be825fe218472889091a36589d3af20846	314	data/processed/deglitch_work/S0802a/S0802a_ucla.mseed.ucla.json
6bdc29c90c0d462fdc64b7de2cb8d464de4dcd01ba443be3d379e155f875714e	417792	data/processed/deglitch_work/S0802a/ucla_mseed_parts/XB.ELYSE.02.BHU.2021.059
cfe60a58bf506a78e7b865bc2f22b8f8d3162b8b1cca6ad9b66bf26ee2b4af31	417792	data/processed/deglitch_work/S0802a/ucla_mseed_parts/XB.ELYSE.02.BHV.2021.059
0a3623eb8b9733f2aac22f6df77a64a039ab96d151ea4b321f6ba0c7e2ce7cd1	417792	data/processed/deglitch_work/S0802a/ucla_mseed_parts/XB.ELYSE.02.BHW.2021.059
6f5455ce99076ef0dc12260a534bd12a377f69f83561ccc0aa81dfc02c16c5c0	1077109	data/processed/deglitch_work/S0802a/ucla_results.mat
812a49dcca93168d48b33192d1d2058cea0185ffbdb15bd770a55cb828abda3f	120	data/processed/deglitch_work/S0802a/ucla_runtime/UCLA_v4/._MAIN.m
812a49dcca93168d48b33192d1d2058cea0185ffbdb15bd770a55cb828abda3f	120	data/processed/deglitch_work/S0802a/ucla_runtime/UCLA_v4/._MAIN20SPSJuly26.m
812a49dcca93168d48b33192d1d2058cea0185ffbdb15bd770a55cb828abda3f	120	data/processed/deglitch_work/S0802a/ucla_runtime/UCLA_v4/._MAIN2SPS.m
812a49dcca93168d48b33192d1d2058cea0185ffbdb15bd770a55cb828abda3f	120	data/processed/deglitch_work/S0802a/ucla_runtime/UCLA_v4/._PREP08.m
812a49dcca93168d48b33192d1d2058cea0185ffbdb15bd770a55cb828abda3f	120	data/processed/deglitch_work/S0802a/ucla_runtime/UCLA_v4/._PREPmkmseedNew.m
812a49dcca93168d48b33192d1d2058cea0185ffbdb15bd770a55cb828abda3f	120	data/processed/deglitch_work/S0802a/ucla_runtime/UCLA_v4/._TruncateXcov.m
812a49dcca93168d48b33192d1d2058cea0185ffbdb15bd770a55cb828abda3f	120	data/processed/deglitch_work/S0802a/ucla_runtime/UCLA_v4/._findmaxs.m
812a49dcca93168d48b33192d1d2058cea0185ffbdb15bd770a55cb828abda3f	120	data/processed/deglitch_work/S0802a/ucla_runtime/UCLA_v4/._func.m
812a49dcca93168d48b33192d1d2058cea0185ffbdb15bd770a55cb828abda3f	120	data/processed/deglitch_work/S0802a/ucla_runtime/UCLA_v4/._testSpikes.m
dc2899a90d04a1d1642827cca701af7a8bb95c17c794e0bbfff695cb50595405	184	data/processed/deglitch_work/S0802a/ucla_runtime/UCLA_v4/Conservative.mat
88a29a4c4bc1c6a43b8172890748d123e310141074f27be8e79beaa38b44c951	1028	data/processed/deglitch_work/S0802a/ucla_runtime/UCLA_v4/FindPrecursors.m
c28425c01be4ea7600a77944ed1b06b58151ab75d05a48c957567556ccf7eedf	2876	data/processed/deglitch_work/S0802a/ucla_runtime/UCLA_v4/MAIN.m
5b4be53f17dbf968abd360eb3bc7a203a4816a49a9d77f7b6101923000142236	5852	data/processed/deglitch_work/S0802a/ucla_runtime/UCLA_v4/MAIN20SPSJuly26.m
8ba27940cfcbca3ea091ff72218d8196f9c568727646206db74ee4a5a76d707c	2811	data/processed/deglitch_work/S0802a/ucla_runtime/UCLA_v4/MAIN20SPSReconcile.m
e4cc9c3ad46f8f153fc4bb4fc16ad6ada1770be3be69718f73e0cbd79d3eecfa	2542	data/processed/deglitch_work/S0802a/ucla_runtime/UCLA_v4/MAIN20SPSReconcileNew.m
dec95e6132a0452dfdfa088c130af5ef36ba42c3fcbba6b0429116372a7e8c66	2538	data/processed/deglitch_work/S0802a/ucla_runtime/UCLA_v4/MAIN20SPSReconcileNew.m~
f1d4808322e0eca5f14cda83e962ec115f1bee52d920af00530ccdc7fa4f1ab1	2821	data/processed/deglitch_work/S0802a/ucla_runtime/UCLA_v4/MAIN2SPS.m
157dd036a546ba62631ade4ebe8a2fa61179a55b51f34fdec2605ac736f147b4	1949	data/processed/deglitch_work/S0802a/ucla_runtime/UCLA_v4/MakeGlitch.m
52f5addeda49f642dba28b8ec840197c725b506f9ddaf67c644212fa89350d8e	181	data/processed/deglitch_work/S0802a/ucla_runtime/UCLA_v4/NLIMspike.mat
04d2cf0718e7f4d888f03538216e3ea09d47d9413c0cd14993ae7effb2388ab1	511	data/processed/deglitch_work/S0802a/ucla_runtime/UCLA_v4/NSpikeFloatGreenLine.m
34d81214d8851a20a2e2489cb4b7a39fb9988bd39f7ba5130dcc1926bcc92e1c	178	data/processed/deglitch_work/S0802a/ucla_runtime/UCLA_v4/Nlevel.mat
77dade4e3e4875f9937f762dc4948903fe7336ff62aed43b23ae8bc4eb746695	1261	data/processed/deglitch_work/S0802a/ucla_runtime/UCLA_v4/PFO_div2.txt
3cd93fb164e83a6e0af241535afbcde3fb1ac7c4fb1bdb69f527521b9d68a8de	2436	data/processed/deglitch_work/S0802a/ucla_runtime/UCLA_v4/PFO_div5.txt
4332dfc92a0a5f20043845ff47147a17d70f6eefb2e3a4efb06b2fd296f6a75f	1944	data/processed/deglitch_work/S0802a/ucla_runtime/UCLA_v4/PREP03.m
04251c9e9012937fd4a1cca54c3dd19c1683300fbd8912afc3e583f666108c88	2553	data/processed/deglitch_work/S0802a/ucla_runtime/UCLA_v4/PREP08.m
9b41e10e7f72de36df8c77193dc2f3bdbaf248d84568400d94bf127be15991d3	1864	data/processed/deglitch_work/S0802a/ucla_runtime/UCLA_v4/PREP39.m
b67b43101764998deeaddb3ff57f454ae0a37182b808b310ae2945988af2fd90	1068	data/processed/deglitch_work/S0802a/ucla_runtime/UCLA_v4/PREPmkmseed.m
8c76812821b0b125644abbe5e2ae83aae9e7d6fd1d909ed720845dbfb57195ff	1392	data/processed/deglitch_work/S0802a/ucla_runtime/UCLA_v4/PREPmkmseedNew.m
9921518f8e9d4cde172edec6e08f50206f1456f10d509e8044958a1e022d23b5	1223	data/processed/deglitch_work/S0802a/ucla_runtime/UCLA_v4/PlotFinalNew.m
e2e048539122c61b800a66533394a4ffa7ffad663bc77e4220feea1f3e3261fb	1280	data/processed/deglitch_work/S0802a/ucla_runtime/UCLA_v4/PlotFinalNew2SPS.m
2c3c2cbeef099247b3271e85cbb569f1d0387388c9af84c3247131497a701570	398	data/processed/deglitch_work/S0802a/ucla_runtime/UCLA_v4/QuickClean.m
a988a011241e2919fd0307c7b9ac92e00ab2e12519905daf2440b0a7dce520a0	486	data/processed/deglitch_work/S0802a/ucla_runtime/UCLA_v4/README.m
a12273552c871602813ad807cc0e44c5c9c15bf85ac40e6546fe9790afd44450	510464	data/processed/deglitch_work/S0802a/ucla_runtime/UCLA_v4/S0235b_VBB.mseed
3339b5a792b6ce451d3ca994af140261d41567be9ff572b5e1e84cc5339e7521	610	data/processed/deglitch_work/S0802a/ucla_runtime/UCLA_v4/SampleFraction.m
8f6098dcea352194b5c896a5d46fde54c68528fd1019503b9f1c4be573aa0e1f	378	data/processed/deglitch_work/S0802a/ucla_runtime/UCLA_v4/TruncateXcov.m
cc6f80160a6579c38b91b240fb969950edd2382ee49637c2795c053a29f67153	2102	data/processed/deglitch_work/S0802a/ucla_runtime/UCLA_v4/XseedDataFDS.m
cc35a8da17d87ca83caf37d11916de68d3e491c9333f967f1d06d7a3fe9ced9a	9881	data/processed/deglitch_work/S0802a/ucla_runtime/UCLA_v4/aaout3
90c6bf09db4bfbc9ad32b7a276cce83c74394c08b2085e7faa26e4966d122eb7	7730	data/processed/deglitch_work/S0802a/ucla_runtime/UCLA_v4/aaout3.mat
0f29b8f216d4dfafacfb62a980c1c802e0838fc00ef9913136fe7a7da96c5439	179	data/processed/deglitch_work/S0802a/ucla_runtime/UCLA_v4/cclim.mat
a4f5bddd025e8bff941ffafbc11866f0f95948ee3b36bfdb2fc368b31276a5a5	181	data/processed/deglitch_work/S0802a/ucla_runtime/UCLA_v4/cclim2.mat
0134246a7fb4e3f0987b8ef98cc38a475a802e6f1cc4e57ae18722bd38a9ab51	1411468	data/processed/deglitch_work/S0802a/ucla_runtime/UCLA_v4/dc
7cc4f0dadc14c5da533e46532d4090954ea1f07f552792769191c29512798647	1018199	data/processed/deglitch_work/S0802a/ucla_runtime/UCLA_v4/dc.mat
4349134d158f2f9a130cda002003852f5a401989ff3360d77e28cccd07492d1c	226	data/processed/deglitch_work/S0802a/ucla_runtime/UCLA_v4/decimeFPGA.m
f2e4440a240c7409444b6faba95f46e4a866fe12880b3d39cbe9808af4601c63	299	data/processed/deglitch_work/S0802a/ucla_runtime/UCLA_v4/deriviti.m
d03256442fcd51b630446dccd82e15f8d87b3b29ec97018745d9c11ef73b8833	192	data/processed/deglitch_work/S0802a/ucla_runtime/UCLA_v4/errors.m
2d1bfd611786fd2e70f23d1d284c0237e408099b0a38ef32603e79afe9ed35d5	175	data/processed/deglitch_work/S0802a/ucla_runtime/UCLA_v4/fetch.mat
86901dd234de26e7fcfa8c76fbdf7f4b03e95913280393648e1346bacfb62d61	475	data/processed/deglitch_work/S0802a/ucla_runtime/UCLA_v4/findI1PG1P.m
26901d09a6160a982f3ebd408c8079bc6a6b0d595e308c6128c582edc019f459	2092	data/processed/deglitch_work/S0802a/ucla_runtime/UCLA_v4/findmaxs.m
169f5ee6fe580633b465bffdee1550af46101aef46a3093db08db5ca049440a7	1903	data/processed/deglitch_work/S0802a/ucla_runtime/UCLA_v4/func.m
c34983ca96989ae643e74d20c4bc99f5c4a95ce510ede0750867bec8a4652572	938	data/processed/deglitch_work/S0802a/ucla_runtime/UCLA_v4/funcConvGaussSpikeThree.m
0996a4b2d7d7437661faac556cec16ffa42ee2773dad91661b85ee9e9b259731	3218	data/processed/deglitch_work/S0802a/ucla_runtime/UCLA_v4/funcPeaker.m
0c899e161b58e547a0c7ad3c1974bb61188fa41b57cb0d3a3dd887b8f894e02d	659	data/processed/deglitch_work/S0802a/ucla_runtime/UCLA_v4/funcadjustTimes.m
3ee00247fdf49859f4f317f084f039e1f664362ec4a5cd9040798ded8e02da0e	155199	data/processed/deglitch_work/S0802a/ucla_runtime/UCLA_v4/green20sps.mat
5f8c70eb1a3c0f850f3f6f75c6a8cea42a6e70ce42b03f2593cd9d1d0ac8669e	15639	data/processed/deglitch_work/S0802a/ucla_runtime/UCLA_v4/green2sps.mat
a7d5f244fff6c2fb5d53760cc0f6c830b36e1dc4aa619745f52bd469f007a5d2	837	data/processed/deglitch_work/S0802a/ucla_runtime/UCLA_v4/greenfitExpCSpike20SPS.m
28cb00d8ea228efd8e4576e4ab34815069791916ee5ff45ea477d4543578238e	927	data/processed/deglitch_work/S0802a/ucla_runtime/UCLA_v4/greenfitSlope.m
b215fd424deede19266682be3aa44148527e088e902c4ba4a4974136b5dd42b2	154916	data/processed/deglitch_work/S0802a/ucla_runtime/UCLA_v4/greenspike.mat
97e8ec837cb54080c9c424c10c57189c5687062f9c8e62e831c10144d3dab917	447	data/processed/deglitch_work/S0802a/ucla_runtime/UCLA_v4/junk
fc419ab9ba26bc84eebff7c7ed621e3554c8384b7f8dbc07305d1dfa470b5673	3160148	data/processed/deglitch_work/S0802a/ucla_runtime/UCLA_v4/metadata/RESP.XB.ELYSE.02.BHU
df3f74ac2730027d03d28841e3bf591ac55919de29840e30f35a64984aff58fe	3246875	data/processed/deglitch_work/S0802a/ucla_runtime/UCLA_v4/metadata/RESP.XB.ELYSE.02.BHV
54e51ce083258ef3252bd5bc4499e50de1d3b80cacda113570ae7086cea48955	3158312	data/processed/deglitch_work/S0802a/ucla_runtime/UCLA_v4/metadata/RESP.XB.ELYSE.02.BHW
110f3de4e7d5f6e9467147f77383982e6446b36bb5a3f85ed6b4776be98d7f71	784592	data/processed/deglitch_work/S0802a/ucla_runtime/UCLA_v4/metadata/RESP.XB.ELYSE.02.MHU
6605374c270b77f2bd330bfc684ba0e4b593ff46f1149def3116152615ca843b	784592	data/processed/deglitch_work/S0802a/ucla_runtime/UCLA_v4/metadata/RESP.XB.ELYSE.02.MHV
a1832e0f3aac73fc23ab402c1d8761d01b05d3d1e0b907ff8dd1cebeb07338cf	784592	data/processed/deglitch_work/S0802a/ucla_runtime/UCLA_v4/metadata/RESP.XB.ELYSE.02.MHW
0a08dc49461f0d677667f525f54861a5dc27f1aa6919ac5413c7756a2f3f74f4	17048	data/processed/deglitch_work/S0802a/ucla_runtime/UCLA_v4/mkmseed.m
3d4167bcea896854ff3170bbfd2aff5df3e9ec497ad665512c4fd30a8ff867f3	744	data/processed/deglitch_work/S0802a/ucla_runtime/UCLA_v4/mylsq.m
b14eadd66699f5ab30c262b4adf1b692a7e73b20c7eff3997f56521f72e11c50	778	data/processed/deglitch_work/S0802a/ucla_runtime/UCLA_v4/plotresultsFinal.m
606adc66abc3cee5c3ff91122d0959a0150770d88111380f230bede24c5fe8e3	34676	data/processed/deglitch_work/S0802a/ucla_runtime/UCLA_v4/rdmseed.m
38593b70a5113fccf99c57174f67b6e9a6d9b730fa3efd1ec7c492f67f9568a0	2154	data/processed/deglitch_work/S0802a/ucla_runtime/UCLA_v4/read_resp_v2.m
7bdacba195f49d202ccbb337f712d221075032aec57af96dda00225cb6b08acd	472	data/processed/deglitch_work/S0802a/ucla_runtime/UCLA_v4/rephase.m
b0627fab5f9a446d6acc3338442d98de14152a99bb70bc324d506257a8daeada	1833	data/processed/deglitch_work/S0802a/ucla_runtime/UCLA_v4/stalta.m
978c1cb7440cae89163d4398793737be45a3e57a21c9100d63bdbaa63180912a	1642	data/processed/deglitch_work/S0802a/ucla_runtime/UCLA_v4/testSpikes.m
c2a412762ba1583f9fd7d1230ef005691129af7311ccf9b625e632843241e4a7	17	data/processed/deglitch_work/S0802a/ucla_runtime/UCLA_v4/wminus
084b67b078775bf08c15ed64018d0a91eaa95b9ab4da1e24183b8b2e59788af8	833	data/processed/deglitch_work/S0802a/ucla_runtime/UCLA_v4/y
d07eed87cb4da9acb7f9e3afabaea92d43eea4fcc5d2852a9a3f2297777980b3	182272	data/processed/deglitch_work/S0820a/S0820a_mps_before_ucla.mseed
380a86d3b1ae8bfa617eadd93bd616999cf9f57f95a1873706ce9dfb85c782a1	1253376	data/processed/deglitch_work/S0820a/S0820a_ucla.mseed
b8b181f49f1e4b3a3aa3a5128b649acae193a6351f9a1a516543e9b57e15dbaa	314	data/processed/deglitch_work/S0820a/S0820a_ucla.mseed.ucla.json
af818cbd3e7a68d2723ffa99e04ad9782afb47ce4d14944988fb4b2d5d6c099b	417792	data/processed/deglitch_work/S0820a/ucla_mseed_parts/XB.ELYSE.02.BHU.2021.077
eab46cd9049a1eda7711c2c2ec86b7309700c0ef752108cb948c25a18d8b3b4b	417792	data/processed/deglitch_work/S0820a/ucla_mseed_parts/XB.ELYSE.02.BHV.2021.077
f387e520d7b4c69616a35ce3c62a88fe661153022f3b46514d78fe8b10608597	417792	data/processed/deglitch_work/S0820a/ucla_mseed_parts/XB.ELYSE.02.BHW.2021.077
9f3e43e3b6fe56886f06b0184d7ec3be1a02148e9592391e6a0b6aac5b8f0d38	1010328	data/processed/deglitch_work/S0820a/ucla_results.mat
812a49dcca93168d48b33192d1d2058cea0185ffbdb15bd770a55cb828abda3f	120	data/processed/deglitch_work/S0820a/ucla_runtime/UCLA_v4/._MAIN.m
812a49dcca93168d48b33192d1d2058cea0185ffbdb15bd770a55cb828abda3f	120	data/processed/deglitch_work/S0820a/ucla_runtime/UCLA_v4/._MAIN20SPSJuly26.m
812a49dcca93168d48b33192d1d2058cea0185ffbdb15bd770a55cb828abda3f	120	data/processed/deglitch_work/S0820a/ucla_runtime/UCLA_v4/._MAIN2SPS.m
812a49dcca93168d48b33192d1d2058cea0185ffbdb15bd770a55cb828abda3f	120	data/processed/deglitch_work/S0820a/ucla_runtime/UCLA_v4/._PREP08.m
812a49dcca93168d48b33192d1d2058cea0185ffbdb15bd770a55cb828abda3f	120	data/processed/deglitch_work/S0820a/ucla_runtime/UCLA_v4/._PREPmkmseedNew.m
812a49dcca93168d48b33192d1d2058cea0185ffbdb15bd770a55cb828abda3f	120	data/processed/deglitch_work/S0820a/ucla_runtime/UCLA_v4/._TruncateXcov.m
812a49dcca93168d48b33192d1d2058cea0185ffbdb15bd770a55cb828abda3f	120	data/processed/deglitch_work/S0820a/ucla_runtime/UCLA_v4/._findmaxs.m
812a49dcca93168d48b33192d1d2058cea0185ffbdb15bd770a55cb828abda3f	120	data/processed/deglitch_work/S0820a/ucla_runtime/UCLA_v4/._func.m
812a49dcca93168d48b33192d1d2058cea0185ffbdb15bd770a55cb828abda3f	120	data/processed/deglitch_work/S0820a/ucla_runtime/UCLA_v4/._testSpikes.m
dc2899a90d04a1d1642827cca701af7a8bb95c17c794e0bbfff695cb50595405	184	data/processed/deglitch_work/S0820a/ucla_runtime/UCLA_v4/Conservative.mat
88a29a4c4bc1c6a43b8172890748d123e310141074f27be8e79beaa38b44c951	1028	data/processed/deglitch_work/S0820a/ucla_runtime/UCLA_v4/FindPrecursors.m
c28425c01be4ea7600a77944ed1b06b58151ab75d05a48c957567556ccf7eedf	2876	data/processed/deglitch_work/S0820a/ucla_runtime/UCLA_v4/MAIN.m
5b4be53f17dbf968abd360eb3bc7a203a4816a49a9d77f7b6101923000142236	5852	data/processed/deglitch_work/S0820a/ucla_runtime/UCLA_v4/MAIN20SPSJuly26.m
8ba27940cfcbca3ea091ff72218d8196f9c568727646206db74ee4a5a76d707c	2811	data/processed/deglitch_work/S0820a/ucla_runtime/UCLA_v4/MAIN20SPSReconcile.m
e4cc9c3ad46f8f153fc4bb4fc16ad6ada1770be3be69718f73e0cbd79d3eecfa	2542	data/processed/deglitch_work/S0820a/ucla_runtime/UCLA_v4/MAIN20SPSReconcileNew.m
dec95e6132a0452dfdfa088c130af5ef36ba42c3fcbba6b0429116372a7e8c66	2538	data/processed/deglitch_work/S0820a/ucla_runtime/UCLA_v4/MAIN20SPSReconcileNew.m~
f1d4808322e0eca5f14cda83e962ec115f1bee52d920af00530ccdc7fa4f1ab1	2821	data/processed/deglitch_work/S0820a/ucla_runtime/UCLA_v4/MAIN2SPS.m
157dd036a546ba62631ade4ebe8a2fa61179a55b51f34fdec2605ac736f147b4	1949	data/processed/deglitch_work/S0820a/ucla_runtime/UCLA_v4/MakeGlitch.m
52f5addeda49f642dba28b8ec840197c725b506f9ddaf67c644212fa89350d8e	181	data/processed/deglitch_work/S0820a/ucla_runtime/UCLA_v4/NLIMspike.mat
04d2cf0718e7f4d888f03538216e3ea09d47d9413c0cd14993ae7effb2388ab1	511	data/processed/deglitch_work/S0820a/ucla_runtime/UCLA_v4/NSpikeFloatGreenLine.m
34d81214d8851a20a2e2489cb4b7a39fb9988bd39f7ba5130dcc1926bcc92e1c	178	data/processed/deglitch_work/S0820a/ucla_runtime/UCLA_v4/Nlevel.mat
77dade4e3e4875f9937f762dc4948903fe7336ff62aed43b23ae8bc4eb746695	1261	data/processed/deglitch_work/S0820a/ucla_runtime/UCLA_v4/PFO_div2.txt
3cd93fb164e83a6e0af241535afbcde3fb1ac7c4fb1bdb69f527521b9d68a8de	2436	data/processed/deglitch_work/S0820a/ucla_runtime/UCLA_v4/PFO_div5.txt
4332dfc92a0a5f20043845ff47147a17d70f6eefb2e3a4efb06b2fd296f6a75f	1944	data/processed/deglitch_work/S0820a/ucla_runtime/UCLA_v4/PREP03.m
04251c9e9012937fd4a1cca54c3dd19c1683300fbd8912afc3e583f666108c88	2553	data/processed/deglitch_work/S0820a/ucla_runtime/UCLA_v4/PREP08.m
9b41e10e7f72de36df8c77193dc2f3bdbaf248d84568400d94bf127be15991d3	1864	data/processed/deglitch_work/S0820a/ucla_runtime/UCLA_v4/PREP39.m
b67b43101764998deeaddb3ff57f454ae0a37182b808b310ae2945988af2fd90	1068	data/processed/deglitch_work/S0820a/ucla_runtime/UCLA_v4/PREPmkmseed.m
8c76812821b0b125644abbe5e2ae83aae9e7d6fd1d909ed720845dbfb57195ff	1392	data/processed/deglitch_work/S0820a/ucla_runtime/UCLA_v4/PREPmkmseedNew.m
9921518f8e9d4cde172edec6e08f50206f1456f10d509e8044958a1e022d23b5	1223	data/processed/deglitch_work/S0820a/ucla_runtime/UCLA_v4/PlotFinalNew.m
e2e048539122c61b800a66533394a4ffa7ffad663bc77e4220feea1f3e3261fb	1280	data/processed/deglitch_work/S0820a/ucla_runtime/UCLA_v4/PlotFinalNew2SPS.m
2c3c2cbeef099247b3271e85cbb569f1d0387388c9af84c3247131497a701570	398	data/processed/deglitch_work/S0820a/ucla_runtime/UCLA_v4/QuickClean.m
a988a011241e2919fd0307c7b9ac92e00ab2e12519905daf2440b0a7dce520a0	486	data/processed/deglitch_work/S0820a/ucla_runtime/UCLA_v4/README.m
a12273552c871602813ad807cc0e44c5c9c15bf85ac40e6546fe9790afd44450	510464	data/processed/deglitch_work/S0820a/ucla_runtime/UCLA_v4/S0235b_VBB.mseed
3339b5a792b6ce451d3ca994af140261d41567be9ff572b5e1e84cc5339e7521	610	data/processed/deglitch_work/S0820a/ucla_runtime/UCLA_v4/SampleFraction.m
8f6098dcea352194b5c896a5d46fde54c68528fd1019503b9f1c4be573aa0e1f	378	data/processed/deglitch_work/S0820a/ucla_runtime/UCLA_v4/TruncateXcov.m
cc6f80160a6579c38b91b240fb969950edd2382ee49637c2795c053a29f67153	2102	data/processed/deglitch_work/S0820a/ucla_runtime/UCLA_v4/XseedDataFDS.m
8623a551a01f58422314b1c5d500846c90bf7183b0f3d63f68acc22eeafd9ebc	6008	data/processed/deglitch_work/S0820a/ucla_runtime/UCLA_v4/aaout3
90c6bf09db4bfbc9ad32b7a276cce83c74394c08b2085e7faa26e4966d122eb7	7730	data/processed/deglitch_work/S0820a/ucla_runtime/UCLA_v4/aaout3.mat
0f29b8f216d4dfafacfb62a980c1c802e0838fc00ef9913136fe7a7da96c5439	179	data/processed/deglitch_work/S0820a/ucla_runtime/UCLA_v4/cclim.mat
a4f5bddd025e8bff941ffafbc11866f0f95948ee3b36bfdb2fc368b31276a5a5	181	data/processed/deglitch_work/S0820a/ucla_runtime/UCLA_v4/cclim2.mat
23d3c59a54fd0a09711e4c8a94a380f0e8fbb6bc1c74cb8834af27c08b36370e	1379654	data/processed/deglitch_work/S0820a/ucla_runtime/UCLA_v4/dc
7cc4f0dadc14c5da533e46532d4090954ea1f07f552792769191c29512798647	1018199	data/processed/deglitch_work/S0820a/ucla_runtime/UCLA_v4/dc.mat
4349134d158f2f9a130cda002003852f5a401989ff3360d77e28cccd07492d1c	226	data/processed/deglitch_work/S0820a/ucla_runtime/UCLA_v4/decimeFPGA.m
f2e4440a240c7409444b6faba95f46e4a866fe12880b3d39cbe9808af4601c63	299	data/processed/deglitch_work/S0820a/ucla_runtime/UCLA_v4/deriviti.m
d03256442fcd51b630446dccd82e15f8d87b3b29ec97018745d9c11ef73b8833	192	data/processed/deglitch_work/S0820a/ucla_runtime/UCLA_v4/errors.m
2d1bfd611786fd2e70f23d1d284c0237e408099b0a38ef32603e79afe9ed35d5	175	data/processed/deglitch_work/S0820a/ucla_runtime/UCLA_v4/fetch.mat
86901dd234de26e7fcfa8c76fbdf7f4b03e95913280393648e1346bacfb62d61	475	data/processed/deglitch_work/S0820a/ucla_runtime/UCLA_v4/findI1PG1P.m
26901d09a6160a982f3ebd408c8079bc6a6b0d595e308c6128c582edc019f459	2092	data/processed/deglitch_work/S0820a/ucla_runtime/UCLA_v4/findmaxs.m
169f5ee6fe580633b465bffdee1550af46101aef46a3093db08db5ca049440a7	1903	data/processed/deglitch_work/S0820a/ucla_runtime/UCLA_v4/func.m
c34983ca96989ae643e74d20c4bc99f5c4a95ce510ede0750867bec8a4652572	938	data/processed/deglitch_work/S0820a/ucla_runtime/UCLA_v4/funcConvGaussSpikeThree.m
0996a4b2d7d7437661faac556cec16ffa42ee2773dad91661b85ee9e9b259731	3218	data/processed/deglitch_work/S0820a/ucla_runtime/UCLA_v4/funcPeaker.m
0c899e161b58e547a0c7ad3c1974bb61188fa41b57cb0d3a3dd887b8f894e02d	659	data/processed/deglitch_work/S0820a/ucla_runtime/UCLA_v4/funcadjustTimes.m
3ee00247fdf49859f4f317f084f039e1f664362ec4a5cd9040798ded8e02da0e	155199	data/processed/deglitch_work/S0820a/ucla_runtime/UCLA_v4/green20sps.mat
5f8c70eb1a3c0f850f3f6f75c6a8cea42a6e70ce42b03f2593cd9d1d0ac8669e	15639	data/processed/deglitch_work/S0820a/ucla_runtime/UCLA_v4/green2sps.mat
a7d5f244fff6c2fb5d53760cc0f6c830b36e1dc4aa619745f52bd469f007a5d2	837	data/processed/deglitch_work/S0820a/ucla_runtime/UCLA_v4/greenfitExpCSpike20SPS.m
28cb00d8ea228efd8e4576e4ab34815069791916ee5ff45ea477d4543578238e	927	data/processed/deglitch_work/S0820a/ucla_runtime/UCLA_v4/greenfitSlope.m
b215fd424deede19266682be3aa44148527e088e902c4ba4a4974136b5dd42b2	154916	data/processed/deglitch_work/S0820a/ucla_runtime/UCLA_v4/greenspike.mat
97e8ec837cb54080c9c424c10c57189c5687062f9c8e62e831c10144d3dab917	447	data/processed/deglitch_work/S0820a/ucla_runtime/UCLA_v4/junk
fc419ab9ba26bc84eebff7c7ed621e3554c8384b7f8dbc07305d1dfa470b5673	3160148	data/processed/deglitch_work/S0820a/ucla_runtime/UCLA_v4/metadata/RESP.XB.ELYSE.02.BHU
df3f74ac2730027d03d28841e3bf591ac55919de29840e30f35a64984aff58fe	3246875	data/processed/deglitch_work/S0820a/ucla_runtime/UCLA_v4/metadata/RESP.XB.ELYSE.02.BHV
54e51ce083258ef3252bd5bc4499e50de1d3b80cacda113570ae7086cea48955	3158312	data/processed/deglitch_work/S0820a/ucla_runtime/UCLA_v4/metadata/RESP.XB.ELYSE.02.BHW
110f3de4e7d5f6e9467147f77383982e6446b36bb5a3f85ed6b4776be98d7f71	784592	data/processed/deglitch_work/S0820a/ucla_runtime/UCLA_v4/metadata/RESP.XB.ELYSE.02.MHU
6605374c270b77f2bd330bfc684ba0e4b593ff46f1149def3116152615ca843b	784592	data/processed/deglitch_work/S0820a/ucla_runtime/UCLA_v4/metadata/RESP.XB.ELYSE.02.MHV
a1832e0f3aac73fc23ab402c1d8761d01b05d3d1e0b907ff8dd1cebeb07338cf	784592	data/processed/deglitch_work/S0820a/ucla_runtime/UCLA_v4/metadata/RESP.XB.ELYSE.02.MHW
0a08dc49461f0d677667f525f54861a5dc27f1aa6919ac5413c7756a2f3f74f4	17048	data/processed/deglitch_work/S0820a/ucla_runtime/UCLA_v4/mkmseed.m
3d4167bcea896854ff3170bbfd2aff5df3e9ec497ad665512c4fd30a8ff867f3	744	data/processed/deglitch_work/S0820a/ucla_runtime/UCLA_v4/mylsq.m
b14eadd66699f5ab30c262b4adf1b692a7e73b20c7eff3997f56521f72e11c50	778	data/processed/deglitch_work/S0820a/ucla_runtime/UCLA_v4/plotresultsFinal.m
606adc66abc3cee5c3ff91122d0959a0150770d88111380f230bede24c5fe8e3	34676	data/processed/deglitch_work/S0820a/ucla_runtime/UCLA_v4/rdmseed.m
38593b70a5113fccf99c57174f67b6e9a6d9b730fa3efd1ec7c492f67f9568a0	2154	data/processed/deglitch_work/S0820a/ucla_runtime/UCLA_v4/read_resp_v2.m
7bdacba195f49d202ccbb337f712d221075032aec57af96dda00225cb6b08acd	472	data/processed/deglitch_work/S0820a/ucla_runtime/UCLA_v4/rephase.m
b0627fab5f9a446d6acc3338442d98de14152a99bb70bc324d506257a8daeada	1833	data/processed/deglitch_work/S0820a/ucla_runtime/UCLA_v4/stalta.m
978c1cb7440cae89163d4398793737be45a3e57a21c9100d63bdbaa63180912a	1642	data/processed/deglitch_work/S0820a/ucla_runtime/UCLA_v4/testSpikes.m
c2a412762ba1583f9fd7d1230ef005691129af7311ccf9b625e632843241e4a7	17	data/processed/deglitch_work/S0820a/ucla_runtime/UCLA_v4/wminus
084b67b078775bf08c15ed64018d0a91eaa95b9ab4da1e24183b8b2e59788af8	833	data/processed/deglitch_work/S0820a/ucla_runtime/UCLA_v4/y
53f136f5e77efaeb14ab3f07e90178ea4d881e60eb67a327ad9d6c827157ae4a	213504	data/processed/deglitch_work/S0864a/S0864a_mps_before_ucla.mseed
2f01d86ebe12df5724a01bcabda93b309bfb28ebfa114de8a03191bccfb85da9	1253376	data/processed/deglitch_work/S0864a/S0864a_ucla.mseed
104a495d33e722f61acdf2618e4ab2159affd1edee1e13b37572a7cdcdc5eef1	314	data/processed/deglitch_work/S0864a/S0864a_ucla.mseed.ucla.json
ab803d1d1edaa1727597adde52e8d9dbd665e5cf610be7a11d766685c409975d	417792	data/processed/deglitch_work/S0864a/ucla_mseed_parts/XB.ELYSE.02.BHU.2021.122
cc0323577240318ddfa20ab2452ab99702915d45ff528a8b9dc46aec351f8d76	417792	data/processed/deglitch_work/S0864a/ucla_mseed_parts/XB.ELYSE.02.BHV.2021.122
2b385dd50c1fecb0a3d40dfd69de4768935c712baa7597018825b465814d8077	417792	data/processed/deglitch_work/S0864a/ucla_mseed_parts/XB.ELYSE.02.BHW.2021.122
7860f63f5146cce37691329963b6479f9a8f65d5df2b185ecd484850af11c4df	1058583	data/processed/deglitch_work/S0864a/ucla_results.mat
812a49dcca93168d48b33192d1d2058cea0185ffbdb15bd770a55cb828abda3f	120	data/processed/deglitch_work/S0864a/ucla_runtime/UCLA_v4/._MAIN.m
812a49dcca93168d48b33192d1d2058cea0185ffbdb15bd770a55cb828abda3f	120	data/processed/deglitch_work/S0864a/ucla_runtime/UCLA_v4/._MAIN20SPSJuly26.m
812a49dcca93168d48b33192d1d2058cea0185ffbdb15bd770a55cb828abda3f	120	data/processed/deglitch_work/S0864a/ucla_runtime/UCLA_v4/._MAIN2SPS.m
812a49dcca93168d48b33192d1d2058cea0185ffbdb15bd770a55cb828abda3f	120	data/processed/deglitch_work/S0864a/ucla_runtime/UCLA_v4/._PREP08.m
812a49dcca93168d48b33192d1d2058cea0185ffbdb15bd770a55cb828abda3f	120	data/processed/deglitch_work/S0864a/ucla_runtime/UCLA_v4/._PREPmkmseedNew.m
812a49dcca93168d48b33192d1d2058cea0185ffbdb15bd770a55cb828abda3f	120	data/processed/deglitch_work/S0864a/ucla_runtime/UCLA_v4/._TruncateXcov.m
812a49dcca93168d48b33192d1d2058cea0185ffbdb15bd770a55cb828abda3f	120	data/processed/deglitch_work/S0864a/ucla_runtime/UCLA_v4/._findmaxs.m
812a49dcca93168d48b33192d1d2058cea0185ffbdb15bd770a55cb828abda3f	120	data/processed/deglitch_work/S0864a/ucla_runtime/UCLA_v4/._func.m
812a49dcca93168d48b33192d1d2058cea0185ffbdb15bd770a55cb828abda3f	120	data/processed/deglitch_work/S0864a/ucla_runtime/UCLA_v4/._testSpikes.m
dc2899a90d04a1d1642827cca701af7a8bb95c17c794e0bbfff695cb50595405	184	data/processed/deglitch_work/S0864a/ucla_runtime/UCLA_v4/Conservative.mat
88a29a4c4bc1c6a43b8172890748d123e310141074f27be8e79beaa38b44c951	1028	data/processed/deglitch_work/S0864a/ucla_runtime/UCLA_v4/FindPrecursors.m
c28425c01be4ea7600a77944ed1b06b58151ab75d05a48c957567556ccf7eedf	2876	data/processed/deglitch_work/S0864a/ucla_runtime/UCLA_v4/MAIN.m
5b4be53f17dbf968abd360eb3bc7a203a4816a49a9d77f7b6101923000142236	5852	data/processed/deglitch_work/S0864a/ucla_runtime/UCLA_v4/MAIN20SPSJuly26.m
8ba27940cfcbca3ea091ff72218d8196f9c568727646206db74ee4a5a76d707c	2811	data/processed/deglitch_work/S0864a/ucla_runtime/UCLA_v4/MAIN20SPSReconcile.m
e4cc9c3ad46f8f153fc4bb4fc16ad6ada1770be3be69718f73e0cbd79d3eecfa	2542	data/processed/deglitch_work/S0864a/ucla_runtime/UCLA_v4/MAIN20SPSReconcileNew.m
dec95e6132a0452dfdfa088c130af5ef36ba42c3fcbba6b0429116372a7e8c66	2538	data/processed/deglitch_work/S0864a/ucla_runtime/UCLA_v4/MAIN20SPSReconcileNew.m~
f1d4808322e0eca5f14cda83e962ec115f1bee52d920af00530ccdc7fa4f1ab1	2821	data/processed/deglitch_work/S0864a/ucla_runtime/UCLA_v4/MAIN2SPS.m
157dd036a546ba62631ade4ebe8a2fa61179a55b51f34fdec2605ac736f147b4	1949	data/processed/deglitch_work/S0864a/ucla_runtime/UCLA_v4/MakeGlitch.m
52f5addeda49f642dba28b8ec840197c725b506f9ddaf67c644212fa89350d8e	181	data/processed/deglitch_work/S0864a/ucla_runtime/UCLA_v4/NLIMspike.mat
04d2cf0718e7f4d888f03538216e3ea09d47d9413c0cd14993ae7effb2388ab1	511	data/processed/deglitch_work/S0864a/ucla_runtime/UCLA_v4/NSpikeFloatGreenLine.m
34d81214d8851a20a2e2489cb4b7a39fb9988bd39f7ba5130dcc1926bcc92e1c	178	data/processed/deglitch_work/S0864a/ucla_runtime/UCLA_v4/Nlevel.mat
77dade4e3e4875f9937f762dc4948903fe7336ff62aed43b23ae8bc4eb746695	1261	data/processed/deglitch_work/S0864a/ucla_runtime/UCLA_v4/PFO_div2.txt
3cd93fb164e83a6e0af241535afbcde3fb1ac7c4fb1bdb69f527521b9d68a8de	2436	data/processed/deglitch_work/S0864a/ucla_runtime/UCLA_v4/PFO_div5.txt
4332dfc92a0a5f20043845ff47147a17d70f6eefb2e3a4efb06b2fd296f6a75f	1944	data/processed/deglitch_work/S0864a/ucla_runtime/UCLA_v4/PREP03.m
04251c9e9012937fd4a1cca54c3dd19c1683300fbd8912afc3e583f666108c88	2553	data/processed/deglitch_work/S0864a/ucla_runtime/UCLA_v4/PREP08.m
9b41e10e7f72de36df8c77193dc2f3bdbaf248d84568400d94bf127be15991d3	1864	data/processed/deglitch_work/S0864a/ucla_runtime/UCLA_v4/PREP39.m
b67b43101764998deeaddb3ff57f454ae0a37182b808b310ae2945988af2fd90	1068	data/processed/deglitch_work/S0864a/ucla_runtime/UCLA_v4/PREPmkmseed.m
8c76812821b0b125644abbe5e2ae83aae9e7d6fd1d909ed720845dbfb57195ff	1392	data/processed/deglitch_work/S0864a/ucla_runtime/UCLA_v4/PREPmkmseedNew.m
9921518f8e9d4cde172edec6e08f50206f1456f10d509e8044958a1e022d23b5	1223	data/processed/deglitch_work/S0864a/ucla_runtime/UCLA_v4/PlotFinalNew.m
e2e048539122c61b800a66533394a4ffa7ffad663bc77e4220feea1f3e3261fb	1280	data/processed/deglitch_work/S0864a/ucla_runtime/UCLA_v4/PlotFinalNew2SPS.m
2c3c2cbeef099247b3271e85cbb569f1d0387388c9af84c3247131497a701570	398	data/processed/deglitch_work/S0864a/ucla_runtime/UCLA_v4/QuickClean.m
a988a011241e2919fd0307c7b9ac92e00ab2e12519905daf2440b0a7dce520a0	486	data/processed/deglitch_work/S0864a/ucla_runtime/UCLA_v4/README.m
a12273552c871602813ad807cc0e44c5c9c15bf85ac40e6546fe9790afd44450	510464	data/processed/deglitch_work/S0864a/ucla_runtime/UCLA_v4/S0235b_VBB.mseed
3339b5a792b6ce451d3ca994af140261d41567be9ff572b5e1e84cc5339e7521	610	data/processed/deglitch_work/S0864a/ucla_runtime/UCLA_v4/SampleFraction.m
8f6098dcea352194b5c896a5d46fde54c68528fd1019503b9f1c4be573aa0e1f	378	data/processed/deglitch_work/S0864a/ucla_runtime/UCLA_v4/TruncateXcov.m
cc6f80160a6579c38b91b240fb969950edd2382ee49637c2795c053a29f67153	2102	data/processed/deglitch_work/S0864a/ucla_runtime/UCLA_v4/XseedDataFDS.m
a66e773382c19b945aa8145359358c47fafc80dfc3bd35071a04382486c38ac1	6102	data/processed/deglitch_work/S0864a/ucla_runtime/UCLA_v4/aaout3
90c6bf09db4bfbc9ad32b7a276cce83c74394c08b2085e7faa26e4966d122eb7	7730	data/processed/deglitch_work/S0864a/ucla_runtime/UCLA_v4/aaout3.mat
0f29b8f216d4dfafacfb62a980c1c802e0838fc00ef9913136fe7a7da96c5439	179	data/processed/deglitch_work/S0864a/ucla_runtime/UCLA_v4/cclim.mat
a4f5bddd025e8bff941ffafbc11866f0f95948ee3b36bfdb2fc368b31276a5a5	181	data/processed/deglitch_work/S0864a/ucla_runtime/UCLA_v4/cclim2.mat
de6fe6bd2fd8c24f8617c5401311a190a160ab3a1d076dce32857bc86fcbaabc	1281378	data/processed/deglitch_work/S0864a/ucla_runtime/UCLA_v4/dc
7cc4f0dadc14c5da533e46532d4090954ea1f07f552792769191c29512798647	1018199	data/processed/deglitch_work/S0864a/ucla_runtime/UCLA_v4/dc.mat
4349134d158f2f9a130cda002003852f5a401989ff3360d77e28cccd07492d1c	226	data/processed/deglitch_work/S0864a/ucla_runtime/UCLA_v4/decimeFPGA.m
f2e4440a240c7409444b6faba95f46e4a866fe12880b3d39cbe9808af4601c63	299	data/processed/deglitch_work/S0864a/ucla_runtime/UCLA_v4/deriviti.m
d03256442fcd51b630446dccd82e15f8d87b3b29ec97018745d9c11ef73b8833	192	data/processed/deglitch_work/S0864a/ucla_runtime/UCLA_v4/errors.m
2d1bfd611786fd2e70f23d1d284c0237e408099b0a38ef32603e79afe9ed35d5	175	data/processed/deglitch_work/S0864a/ucla_runtime/UCLA_v4/fetch.mat
86901dd234de26e7fcfa8c76fbdf7f4b03e95913280393648e1346bacfb62d61	475	data/processed/deglitch_work/S0864a/ucla_runtime/UCLA_v4/findI1PG1P.m
26901d09a6160a982f3ebd408c8079bc6a6b0d595e308c6128c582edc019f459	2092	data/processed/deglitch_work/S0864a/ucla_runtime/UCLA_v4/findmaxs.m
169f5ee6fe580633b465bffdee1550af46101aef46a3093db08db5ca049440a7	1903	data/processed/deglitch_work/S0864a/ucla_runtime/UCLA_v4/func.m
c34983ca96989ae643e74d20c4bc99f5c4a95ce510ede0750867bec8a4652572	938	data/processed/deglitch_work/S0864a/ucla_runtime/UCLA_v4/funcConvGaussSpikeThree.m
0996a4b2d7d7437661faac556cec16ffa42ee2773dad91661b85ee9e9b259731	3218	data/processed/deglitch_work/S0864a/ucla_runtime/UCLA_v4/funcPeaker.m
0c899e161b58e547a0c7ad3c1974bb61188fa41b57cb0d3a3dd887b8f894e02d	659	data/processed/deglitch_work/S0864a/ucla_runtime/UCLA_v4/funcadjustTimes.m
3ee00247fdf49859f4f317f084f039e1f664362ec4a5cd9040798ded8e02da0e	155199	data/processed/deglitch_work/S0864a/ucla_runtime/UCLA_v4/green20sps.mat
5f8c70eb1a3c0f850f3f6f75c6a8cea42a6e70ce42b03f2593cd9d1d0ac8669e	15639	data/processed/deglitch_work/S0864a/ucla_runtime/UCLA_v4/green2sps.mat
a7d5f244fff6c2fb5d53760cc0f6c830b36e1dc4aa619745f52bd469f007a5d2	837	data/processed/deglitch_work/S0864a/ucla_runtime/UCLA_v4/greenfitExpCSpike20SPS.m
28cb00d8ea228efd8e4576e4ab34815069791916ee5ff45ea477d4543578238e	927	data/processed/deglitch_work/S0864a/ucla_runtime/UCLA_v4/greenfitSlope.m
b215fd424deede19266682be3aa44148527e088e902c4ba4a4974136b5dd42b2	154916	data/processed/deglitch_work/S0864a/ucla_runtime/UCLA_v4/greenspike.mat
97e8ec837cb54080c9c424c10c57189c5687062f9c8e62e831c10144d3dab917	447	data/processed/deglitch_work/S0864a/ucla_runtime/UCLA_v4/junk
fc419ab9ba26bc84eebff7c7ed621e3554c8384b7f8dbc07305d1dfa470b5673	3160148	data/processed/deglitch_work/S0864a/ucla_runtime/UCLA_v4/metadata/RESP.XB.ELYSE.02.BHU
df3f74ac2730027d03d28841e3bf591ac55919de29840e30f35a64984aff58fe	3246875	data/processed/deglitch_work/S0864a/ucla_runtime/UCLA_v4/metadata/RESP.XB.ELYSE.02.BHV
54e51ce083258ef3252bd5bc4499e50de1d3b80cacda113570ae7086cea48955	3158312	data/processed/deglitch_work/S0864a/ucla_runtime/UCLA_v4/metadata/RESP.XB.ELYSE.02.BHW
110f3de4e7d5f6e9467147f77383982e6446b36bb5a3f85ed6b4776be98d7f71	784592	data/processed/deglitch_work/S0864a/ucla_runtime/UCLA_v4/metadata/RESP.XB.ELYSE.02.MHU
6605374c270b77f2bd330bfc684ba0e4b593ff46f1149def3116152615ca843b	784592	data/processed/deglitch_work/S0864a/ucla_runtime/UCLA_v4/metadata/RESP.XB.ELYSE.02.MHV
a1832e0f3aac73fc23ab402c1d8761d01b05d3d1e0b907ff8dd1cebeb07338cf	784592	data/processed/deglitch_work/S0864a/ucla_runtime/UCLA_v4/metadata/RESP.XB.ELYSE.02.MHW
0a08dc49461f0d677667f525f54861a5dc27f1aa6919ac5413c7756a2f3f74f4	17048	data/processed/deglitch_work/S0864a/ucla_runtime/UCLA_v4/mkmseed.m
3d4167bcea896854ff3170bbfd2aff5df3e9ec497ad665512c4fd30a8ff867f3	744	data/processed/deglitch_work/S0864a/ucla_runtime/UCLA_v4/mylsq.m
b14eadd66699f5ab30c262b4adf1b692a7e73b20c7eff3997f56521f72e11c50	778	data/processed/deglitch_work/S0864a/ucla_runtime/UCLA_v4/plotresultsFinal.m
606adc66abc3cee5c3ff91122d0959a0150770d88111380f230bede24c5fe8e3	34676	data/processed/deglitch_work/S0864a/ucla_runtime/UCLA_v4/rdmseed.m
38593b70a5113fccf99c57174f67b6e9a6d9b730fa3efd1ec7c492f67f9568a0	2154	data/processed/deglitch_work/S0864a/ucla_runtime/UCLA_v4/read_resp_v2.m
7bdacba195f49d202ccbb337f712d221075032aec57af96dda00225cb6b08acd	472	data/processed/deglitch_work/S0864a/ucla_runtime/UCLA_v4/rephase.m
b0627fab5f9a446d6acc3338442d98de14152a99bb70bc324d506257a8daeada	1833	data/processed/deglitch_work/S0864a/ucla_runtime/UCLA_v4/stalta.m
978c1cb7440cae89163d4398793737be45a3e57a21c9100d63bdbaa63180912a	1642	data/processed/deglitch_work/S0864a/ucla_runtime/UCLA_v4/testSpikes.m
c2a412762ba1583f9fd7d1230ef005691129af7311ccf9b625e632843241e4a7	17	data/processed/deglitch_work/S0864a/ucla_runtime/UCLA_v4/wminus
084b67b078775bf08c15ed64018d0a91eaa95b9ab4da1e24183b8b2e59788af8	833	data/processed/deglitch_work/S0864a/ucla_runtime/UCLA_v4/y
d67d8e9586352908212bd07fa778ee3518370a77fb80631b89877fd95fbc91f2	180224	data/processed/deglitch_work/S0916d/S0916d_mps_before_ucla.mseed
f66840dbd29b540a895b19898acf6d0936ae70ca4aaddbfd1cc29e593747c219	1253376	data/processed/deglitch_work/S0916d/S0916d_ucla.mseed
c36903d41357bbb9a62859c27ed0c6d10ee7f4f11683850fcdcbca4e0a9e0d1f	314	data/processed/deglitch_work/S0916d/S0916d_ucla.mseed.ucla.json
2ad2afe5506bd151a52090a50badd3abe5de94c8c9b7ab5cd6a1352daad9c3ec	417792	data/processed/deglitch_work/S0916d/ucla_mseed_parts/XB.ELYSE.02.BHU.2021.176
812f134cf0ceecaeed4e9ccd8b5ed438a378b004b88d3edfb8379758db4bb5d3	417792	data/processed/deglitch_work/S0916d/ucla_mseed_parts/XB.ELYSE.02.BHV.2021.176
24fde3cc9d33a05b9cb1ab46f5c3d775d7fe6b5da8fe5ff936a872035106569a	417792	data/processed/deglitch_work/S0916d/ucla_mseed_parts/XB.ELYSE.02.BHW.2021.176
8df80ea7d5164a754710088eaabe1e52b7ff2ec0843f0db9b0f40c83b415fb16	1027514	data/processed/deglitch_work/S0916d/ucla_results.mat
812a49dcca93168d48b33192d1d2058cea0185ffbdb15bd770a55cb828abda3f	120	data/processed/deglitch_work/S0916d/ucla_runtime/UCLA_v4/._MAIN.m
812a49dcca93168d48b33192d1d2058cea0185ffbdb15bd770a55cb828abda3f	120	data/processed/deglitch_work/S0916d/ucla_runtime/UCLA_v4/._MAIN20SPSJuly26.m
812a49dcca93168d48b33192d1d2058cea0185ffbdb15bd770a55cb828abda3f	120	data/processed/deglitch_work/S0916d/ucla_runtime/UCLA_v4/._MAIN2SPS.m
812a49dcca93168d48b33192d1d2058cea0185ffbdb15bd770a55cb828abda3f	120	data/processed/deglitch_work/S0916d/ucla_runtime/UCLA_v4/._PREP08.m
812a49dcca93168d48b33192d1d2058cea0185ffbdb15bd770a55cb828abda3f	120	data/processed/deglitch_work/S0916d/ucla_runtime/UCLA_v4/._PREPmkmseedNew.m
812a49dcca93168d48b33192d1d2058cea0185ffbdb15bd770a55cb828abda3f	120	data/processed/deglitch_work/S0916d/ucla_runtime/UCLA_v4/._TruncateXcov.m
812a49dcca93168d48b33192d1d2058cea0185ffbdb15bd770a55cb828abda3f	120	data/processed/deglitch_work/S0916d/ucla_runtime/UCLA_v4/._findmaxs.m
812a49dcca93168d48b33192d1d2058cea0185ffbdb15bd770a55cb828abda3f	120	data/processed/deglitch_work/S0916d/ucla_runtime/UCLA_v4/._func.m
812a49dcca93168d48b33192d1d2058cea0185ffbdb15bd770a55cb828abda3f	120	data/processed/deglitch_work/S0916d/ucla_runtime/UCLA_v4/._testSpikes.m
dc2899a90d04a1d1642827cca701af7a8bb95c17c794e0bbfff695cb50595405	184	data/processed/deglitch_work/S0916d/ucla_runtime/UCLA_v4/Conservative.mat
88a29a4c4bc1c6a43b8172890748d123e310141074f27be8e79beaa38b44c951	1028	data/processed/deglitch_work/S0916d/ucla_runtime/UCLA_v4/FindPrecursors.m
c28425c01be4ea7600a77944ed1b06b58151ab75d05a48c957567556ccf7eedf	2876	data/processed/deglitch_work/S0916d/ucla_runtime/UCLA_v4/MAIN.m
5b4be53f17dbf968abd360eb3bc7a203a4816a49a9d77f7b6101923000142236	5852	data/processed/deglitch_work/S0916d/ucla_runtime/UCLA_v4/MAIN20SPSJuly26.m
8ba27940cfcbca3ea091ff72218d8196f9c568727646206db74ee4a5a76d707c	2811	data/processed/deglitch_work/S0916d/ucla_runtime/UCLA_v4/MAIN20SPSReconcile.m
e4cc9c3ad46f8f153fc4bb4fc16ad6ada1770be3be69718f73e0cbd79d3eecfa	2542	data/processed/deglitch_work/S0916d/ucla_runtime/UCLA_v4/MAIN20SPSReconcileNew.m
dec95e6132a0452dfdfa088c130af5ef36ba42c3fcbba6b0429116372a7e8c66	2538	data/processed/deglitch_work/S0916d/ucla_runtime/UCLA_v4/MAIN20SPSReconcileNew.m~
f1d4808322e0eca5f14cda83e962ec115f1bee52d920af00530ccdc7fa4f1ab1	2821	data/processed/deglitch_work/S0916d/ucla_runtime/UCLA_v4/MAIN2SPS.m
157dd036a546ba62631ade4ebe8a2fa61179a55b51f34fdec2605ac736f147b4	1949	data/processed/deglitch_work/S0916d/ucla_runtime/UCLA_v4/MakeGlitch.m
52f5addeda49f642dba28b8ec840197c725b506f9ddaf67c644212fa89350d8e	181	data/processed/deglitch_work/S0916d/ucla_runtime/UCLA_v4/NLIMspike.mat
04d2cf0718e7f4d888f03538216e3ea09d47d9413c0cd14993ae7effb2388ab1	511	data/processed/deglitch_work/S0916d/ucla_runtime/UCLA_v4/NSpikeFloatGreenLine.m
34d81214d8851a20a2e2489cb4b7a39fb9988bd39f7ba5130dcc1926bcc92e1c	178	data/processed/deglitch_work/S0916d/ucla_runtime/UCLA_v4/Nlevel.mat
77dade4e3e4875f9937f762dc4948903fe7336ff62aed43b23ae8bc4eb746695	1261	data/processed/deglitch_work/S0916d/ucla_runtime/UCLA_v4/PFO_div2.txt
3cd93fb164e83a6e0af241535afbcde3fb1ac7c4fb1bdb69f527521b9d68a8de	2436	data/processed/deglitch_work/S0916d/ucla_runtime/UCLA_v4/PFO_div5.txt
4332dfc92a0a5f20043845ff47147a17d70f6eefb2e3a4efb06b2fd296f6a75f	1944	data/processed/deglitch_work/S0916d/ucla_runtime/UCLA_v4/PREP03.m
04251c9e9012937fd4a1cca54c3dd19c1683300fbd8912afc3e583f666108c88	2553	data/processed/deglitch_work/S0916d/ucla_runtime/UCLA_v4/PREP08.m
9b41e10e7f72de36df8c77193dc2f3bdbaf248d84568400d94bf127be15991d3	1864	data/processed/deglitch_work/S0916d/ucla_runtime/UCLA_v4/PREP39.m
b67b43101764998deeaddb3ff57f454ae0a37182b808b310ae2945988af2fd90	1068	data/processed/deglitch_work/S0916d/ucla_runtime/UCLA_v4/PREPmkmseed.m
8c76812821b0b125644abbe5e2ae83aae9e7d6fd1d909ed720845dbfb57195ff	1392	data/processed/deglitch_work/S0916d/ucla_runtime/UCLA_v4/PREPmkmseedNew.m
9921518f8e9d4cde172edec6e08f50206f1456f10d509e8044958a1e022d23b5	1223	data/processed/deglitch_work/S0916d/ucla_runtime/UCLA_v4/PlotFinalNew.m
e2e048539122c61b800a66533394a4ffa7ffad663bc77e4220feea1f3e3261fb	1280	data/processed/deglitch_work/S0916d/ucla_runtime/UCLA_v4/PlotFinalNew2SPS.m
2c3c2cbeef099247b3271e85cbb569f1d0387388c9af84c3247131497a701570	398	data/processed/deglitch_work/S0916d/ucla_runtime/UCLA_v4/QuickClean.m
a988a011241e2919fd0307c7b9ac92e00ab2e12519905daf2440b0a7dce520a0	486	data/processed/deglitch_work/S0916d/ucla_runtime/UCLA_v4/README.m
a12273552c871602813ad807cc0e44c5c9c15bf85ac40e6546fe9790afd44450	510464	data/processed/deglitch_work/S0916d/ucla_runtime/UCLA_v4/S0235b_VBB.mseed
3339b5a792b6ce451d3ca994af140261d41567be9ff572b5e1e84cc5339e7521	610	data/processed/deglitch_work/S0916d/ucla_runtime/UCLA_v4/SampleFraction.m
8f6098dcea352194b5c896a5d46fde54c68528fd1019503b9f1c4be573aa0e1f	378	data/processed/deglitch_work/S0916d/ucla_runtime/UCLA_v4/TruncateXcov.m
cc6f80160a6579c38b91b240fb969950edd2382ee49637c2795c053a29f67153	2102	data/processed/deglitch_work/S0916d/ucla_runtime/UCLA_v4/XseedDataFDS.m
3fabe8381261c8bc9d5395ceb2550256491e9656ea865e90676b0323fddbd0c3	7366	data/processed/deglitch_work/S0916d/ucla_runtime/UCLA_v4/aaout3
90c6bf09db4bfbc9ad32b7a276cce83c74394c08b2085e7faa26e4966d122eb7	7730	data/processed/deglitch_work/S0916d/ucla_runtime/UCLA_v4/aaout3.mat
0f29b8f216d4dfafacfb62a980c1c802e0838fc00ef9913136fe7a7da96c5439	179	data/processed/deglitch_work/S0916d/ucla_runtime/UCLA_v4/cclim.mat
a4f5bddd025e8bff941ffafbc11866f0f95948ee3b36bfdb2fc368b31276a5a5	181	data/processed/deglitch_work/S0916d/ucla_runtime/UCLA_v4/cclim2.mat
a94e23fec0f474e5f7f85b0f25f3a1bf7b1ae259881c87fbdbc96114bdc49d14	1418224	data/processed/deglitch_work/S0916d/ucla_runtime/UCLA_v4/dc
7cc4f0dadc14c5da533e46532d4090954ea1f07f552792769191c29512798647	1018199	data/processed/deglitch_work/S0916d/ucla_runtime/UCLA_v4/dc.mat
4349134d158f2f9a130cda002003852f5a401989ff3360d77e28cccd07492d1c	226	data/processed/deglitch_work/S0916d/ucla_runtime/UCLA_v4/decimeFPGA.m
f2e4440a240c7409444b6faba95f46e4a866fe12880b3d39cbe9808af4601c63	299	data/processed/deglitch_work/S0916d/ucla_runtime/UCLA_v4/deriviti.m
d03256442fcd51b630446dccd82e15f8d87b3b29ec97018745d9c11ef73b8833	192	data/processed/deglitch_work/S0916d/ucla_runtime/UCLA_v4/errors.m
2d1bfd611786fd2e70f23d1d284c0237e408099b0a38ef32603e79afe9ed35d5	175	data/processed/deglitch_work/S0916d/ucla_runtime/UCLA_v4/fetch.mat
86901dd234de26e7fcfa8c76fbdf7f4b03e95913280393648e1346bacfb62d61	475	data/processed/deglitch_work/S0916d/ucla_runtime/UCLA_v4/findI1PG1P.m
26901d09a6160a982f3ebd408c8079bc6a6b0d595e308c6128c582edc019f459	2092	data/processed/deglitch_work/S0916d/ucla_runtime/UCLA_v4/findmaxs.m
169f5ee6fe580633b465bffdee1550af46101aef46a3093db08db5ca049440a7	1903	data/processed/deglitch_work/S0916d/ucla_runtime/UCLA_v4/func.m
c34983ca96989ae643e74d20c4bc99f5c4a95ce510ede0750867bec8a4652572	938	data/processed/deglitch_work/S0916d/ucla_runtime/UCLA_v4/funcConvGaussSpikeThree.m
0996a4b2d7d7437661faac556cec16ffa42ee2773dad91661b85ee9e9b259731	3218	data/processed/deglitch_work/S0916d/ucla_runtime/UCLA_v4/funcPeaker.m
0c899e161b58e547a0c7ad3c1974bb61188fa41b57cb0d3a3dd887b8f894e02d	659	data/processed/deglitch_work/S0916d/ucla_runtime/UCLA_v4/funcadjustTimes.m
3ee00247fdf49859f4f317f084f039e1f664362ec4a5cd9040798ded8e02da0e	155199	data/processed/deglitch_work/S0916d/ucla_runtime/UCLA_v4/green20sps.mat
5f8c70eb1a3c0f850f3f6f75c6a8cea42a6e70ce42b03f2593cd9d1d0ac8669e	15639	data/processed/deglitch_work/S0916d/ucla_runtime/UCLA_v4/green2sps.mat
a7d5f244fff6c2fb5d53760cc0f6c830b36e1dc4aa619745f52bd469f007a5d2	837	data/processed/deglitch_work/S0916d/ucla_runtime/UCLA_v4/greenfitExpCSpike20SPS.m
28cb00d8ea228efd8e4576e4ab34815069791916ee5ff45ea477d4543578238e	927	data/processed/deglitch_work/S0916d/ucla_runtime/UCLA_v4/greenfitSlope.m
b215fd424deede19266682be3aa44148527e088e902c4ba4a4974136b5dd42b2	154916	data/processed/deglitch_work/S0916d/ucla_runtime/UCLA_v4/greenspike.mat
97e8ec837cb54080c9c424c10c57189c5687062f9c8e62e831c10144d3dab917	447	data/processed/deglitch_work/S0916d/ucla_runtime/UCLA_v4/junk
fc419ab9ba26bc84eebff7c7ed621e3554c8384b7f8dbc07305d1dfa470b5673	3160148	data/processed/deglitch_work/S0916d/ucla_runtime/UCLA_v4/metadata/RESP.XB.ELYSE.02.BHU
df3f74ac2730027d03d28841e3bf591ac55919de29840e30f35a64984aff58fe	3246875	data/processed/deglitch_work/S0916d/ucla_runtime/UCLA_v4/metadata/RESP.XB.ELYSE.02.BHV
54e51ce083258ef3252bd5bc4499e50de1d3b80cacda113570ae7086cea48955	3158312	data/processed/deglitch_work/S0916d/ucla_runtime/UCLA_v4/metadata/RESP.XB.ELYSE.02.BHW
110f3de4e7d5f6e9467147f77383982e6446b36bb5a3f85ed6b4776be98d7f71	784592	data/processed/deglitch_work/S0916d/ucla_runtime/UCLA_v4/metadata/RESP.XB.ELYSE.02.MHU
6605374c270b77f2bd330bfc684ba0e4b593ff46f1149def3116152615ca843b	784592	data/processed/deglitch_work/S0916d/ucla_runtime/UCLA_v4/metadata/RESP.XB.ELYSE.02.MHV
a1832e0f3aac73fc23ab402c1d8761d01b05d3d1e0b907ff8dd1cebeb07338cf	784592	data/processed/deglitch_work/S0916d/ucla_runtime/UCLA_v4/metadata/RESP.XB.ELYSE.02.MHW
0a08dc49461f0d677667f525f54861a5dc27f1aa6919ac5413c7756a2f3f74f4	17048	data/processed/deglitch_work/S0916d/ucla_runtime/UCLA_v4/mkmseed.m
3d4167bcea896854ff3170bbfd2aff5df3e9ec497ad665512c4fd30a8ff867f3	744	data/processed/deglitch_work/S0916d/ucla_runtime/UCLA_v4/mylsq.m
b14eadd66699f5ab30c262b4adf1b692a7e73b20c7eff3997f56521f72e11c50	778	data/processed/deglitch_work/S0916d/ucla_runtime/UCLA_v4/plotresultsFinal.m
606adc66abc3cee5c3ff91122d0959a0150770d88111380f230bede24c5fe8e3	34676	data/processed/deglitch_work/S0916d/ucla_runtime/UCLA_v4/rdmseed.m
38593b70a5113fccf99c57174f67b6e9a6d9b730fa3efd1ec7c492f67f9568a0	2154	data/processed/deglitch_work/S0916d/ucla_runtime/UCLA_v4/read_resp_v2.m
7bdacba195f49d202ccbb337f712d221075032aec57af96dda00225cb6b08acd	472	data/processed/deglitch_work/S0916d/ucla_runtime/UCLA_v4/rephase.m
b0627fab5f9a446d6acc3338442d98de14152a99bb70bc324d506257a8daeada	1833	data/processed/deglitch_work/S0916d/ucla_runtime/UCLA_v4/stalta.m
978c1cb7440cae89163d4398793737be45a3e57a21c9100d63bdbaa63180912a	1642	data/processed/deglitch_work/S0916d/ucla_runtime/UCLA_v4/testSpikes.m
c2a412762ba1583f9fd7d1230ef005691129af7311ccf9b625e632843241e4a7	17	data/processed/deglitch_work/S0916d/ucla_runtime/UCLA_v4/wminus
084b67b078775bf08c15ed64018d0a91eaa95b9ab4da1e24183b8b2e59788af8	833	data/processed/deglitch_work/S0916d/ucla_runtime/UCLA_v4/y
84a5fe149f671ced00deff642cdc5e1afe7e26944b0100f18e7d6425e3b1e16f	181760	data/processed/deglitch_work/S0918a/S0918a_mps_before_ucla.mseed
2df9833009422eda2ea6f88e862ce82397c273cfcc31866cdfddf97bd27f1a6e	1253376	data/processed/deglitch_work/S0918a/S0918a_ucla.mseed
f6bc24351a9e90363b8e7dcaab942f46f8259b174af72da459192153edcd8f42	314	data/processed/deglitch_work/S0918a/S0918a_ucla.mseed.ucla.json
1399901dd89a730a90e0acb5811b1a84e9638a437809362d9fcca34a907e5bf7	417792	data/processed/deglitch_work/S0918a/ucla_mseed_parts/XB.ELYSE.02.BHU.2021.178
f57e630be345e75d3e7bbf3b21c9b959fa1671f92a4df6450a660b683bd5f69f	417792	data/processed/deglitch_work/S0918a/ucla_mseed_parts/XB.ELYSE.02.BHV.2021.178
3b02b1a1a5696959a191a63aadcf160644fcb9cfa1e64dc41f24b4c2a59ba8d5	417792	data/processed/deglitch_work/S0918a/ucla_mseed_parts/XB.ELYSE.02.BHW.2021.178
57a5084b41b8463b5b283e7d44f66103eed75bba93c5b30bc57eae09b9e4a380	1009254	data/processed/deglitch_work/S0918a/ucla_results.mat
812a49dcca93168d48b33192d1d2058cea0185ffbdb15bd770a55cb828abda3f	120	data/processed/deglitch_work/S0918a/ucla_runtime/UCLA_v4/._MAIN.m
812a49dcca93168d48b33192d1d2058cea0185ffbdb15bd770a55cb828abda3f	120	data/processed/deglitch_work/S0918a/ucla_runtime/UCLA_v4/._MAIN20SPSJuly26.m
812a49dcca93168d48b33192d1d2058cea0185ffbdb15bd770a55cb828abda3f	120	data/processed/deglitch_work/S0918a/ucla_runtime/UCLA_v4/._MAIN2SPS.m
812a49dcca93168d48b33192d1d2058cea0185ffbdb15bd770a55cb828abda3f	120	data/processed/deglitch_work/S0918a/ucla_runtime/UCLA_v4/._PREP08.m
812a49dcca93168d48b33192d1d2058cea0185ffbdb15bd770a55cb828abda3f	120	data/processed/deglitch_work/S0918a/ucla_runtime/UCLA_v4/._PREPmkmseedNew.m
812a49dcca93168d48b33192d1d2058cea0185ffbdb15bd770a55cb828abda3f	120	data/processed/deglitch_work/S0918a/ucla_runtime/UCLA_v4/._TruncateXcov.m
812a49dcca93168d48b33192d1d2058cea0185ffbdb15bd770a55cb828abda3f	120	data/processed/deglitch_work/S0918a/ucla_runtime/UCLA_v4/._findmaxs.m
812a49dcca93168d48b33192d1d2058cea0185ffbdb15bd770a55cb828abda3f	120	data/processed/deglitch_work/S0918a/ucla_runtime/UCLA_v4/._func.m
812a49dcca93168d48b33192d1d2058cea0185ffbdb15bd770a55cb828abda3f	120	data/processed/deglitch_work/S0918a/ucla_runtime/UCLA_v4/._testSpikes.m
dc2899a90d04a1d1642827cca701af7a8bb95c17c794e0bbfff695cb50595405	184	data/processed/deglitch_work/S0918a/ucla_runtime/UCLA_v4/Conservative.mat
88a29a4c4bc1c6a43b8172890748d123e310141074f27be8e79beaa38b44c951	1028	data/processed/deglitch_work/S0918a/ucla_runtime/UCLA_v4/FindPrecursors.m
c28425c01be4ea7600a77944ed1b06b58151ab75d05a48c957567556ccf7eedf	2876	data/processed/deglitch_work/S0918a/ucla_runtime/UCLA_v4/MAIN.m
5b4be53f17dbf968abd360eb3bc7a203a4816a49a9d77f7b6101923000142236	5852	data/processed/deglitch_work/S0918a/ucla_runtime/UCLA_v4/MAIN20SPSJuly26.m
8ba27940cfcbca3ea091ff72218d8196f9c568727646206db74ee4a5a76d707c	2811	data/processed/deglitch_work/S0918a/ucla_runtime/UCLA_v4/MAIN20SPSReconcile.m
e4cc9c3ad46f8f153fc4bb4fc16ad6ada1770be3be69718f73e0cbd79d3eecfa	2542	data/processed/deglitch_work/S0918a/ucla_runtime/UCLA_v4/MAIN20SPSReconcileNew.m
dec95e6132a0452dfdfa088c130af5ef36ba42c3fcbba6b0429116372a7e8c66	2538	data/processed/deglitch_work/S0918a/ucla_runtime/UCLA_v4/MAIN20SPSReconcileNew.m~
f1d4808322e0eca5f14cda83e962ec115f1bee52d920af00530ccdc7fa4f1ab1	2821	data/processed/deglitch_work/S0918a/ucla_runtime/UCLA_v4/MAIN2SPS.m
157dd036a546ba62631ade4ebe8a2fa61179a55b51f34fdec2605ac736f147b4	1949	data/processed/deglitch_work/S0918a/ucla_runtime/UCLA_v4/MakeGlitch.m
52f5addeda49f642dba28b8ec840197c725b506f9ddaf67c644212fa89350d8e	181	data/processed/deglitch_work/S0918a/ucla_runtime/UCLA_v4/NLIMspike.mat
04d2cf0718e7f4d888f03538216e3ea09d47d9413c0cd14993ae7effb2388ab1	511	data/processed/deglitch_work/S0918a/ucla_runtime/UCLA_v4/NSpikeFloatGreenLine.m
34d81214d8851a20a2e2489cb4b7a39fb9988bd39f7ba5130dcc1926bcc92e1c	178	data/processed/deglitch_work/S0918a/ucla_runtime/UCLA_v4/Nlevel.mat
77dade4e3e4875f9937f762dc4948903fe7336ff62aed43b23ae8bc4eb746695	1261	data/processed/deglitch_work/S0918a/ucla_runtime/UCLA_v4/PFO_div2.txt
3cd93fb164e83a6e0af241535afbcde3fb1ac7c4fb1bdb69f527521b9d68a8de	2436	data/processed/deglitch_work/S0918a/ucla_runtime/UCLA_v4/PFO_div5.txt
4332dfc92a0a5f20043845ff47147a17d70f6eefb2e3a4efb06b2fd296f6a75f	1944	data/processed/deglitch_work/S0918a/ucla_runtime/UCLA_v4/PREP03.m
04251c9e9012937fd4a1cca54c3dd19c1683300fbd8912afc3e583f666108c88	2553	data/processed/deglitch_work/S0918a/ucla_runtime/UCLA_v4/PREP08.m
9b41e10e7f72de36df8c77193dc2f3bdbaf248d84568400d94bf127be15991d3	1864	data/processed/deglitch_work/S0918a/ucla_runtime/UCLA_v4/PREP39.m
b67b43101764998deeaddb3ff57f454ae0a37182b808b310ae2945988af2fd90	1068	data/processed/deglitch_work/S0918a/ucla_runtime/UCLA_v4/PREPmkmseed.m
8c76812821b0b125644abbe5e2ae83aae9e7d6fd1d909ed720845dbfb57195ff	1392	data/processed/deglitch_work/S0918a/ucla_runtime/UCLA_v4/PREPmkmseedNew.m
9921518f8e9d4cde172edec6e08f50206f1456f10d509e8044958a1e022d23b5	1223	data/processed/deglitch_work/S0918a/ucla_runtime/UCLA_v4/PlotFinalNew.m
e2e048539122c61b800a66533394a4ffa7ffad663bc77e4220feea1f3e3261fb	1280	data/processed/deglitch_work/S0918a/ucla_runtime/UCLA_v4/PlotFinalNew2SPS.m
2c3c2cbeef099247b3271e85cbb569f1d0387388c9af84c3247131497a701570	398	data/processed/deglitch_work/S0918a/ucla_runtime/UCLA_v4/QuickClean.m
a988a011241e2919fd0307c7b9ac92e00ab2e12519905daf2440b0a7dce520a0	486	data/processed/deglitch_work/S0918a/ucla_runtime/UCLA_v4/README.m
a12273552c871602813ad807cc0e44c5c9c15bf85ac40e6546fe9790afd44450	510464	data/processed/deglitch_work/S0918a/ucla_runtime/UCLA_v4/S0235b_VBB.mseed
3339b5a792b6ce451d3ca994af140261d41567be9ff572b5e1e84cc5339e7521	610	data/processed/deglitch_work/S0918a/ucla_runtime/UCLA_v4/SampleFraction.m
8f6098dcea352194b5c896a5d46fde54c68528fd1019503b9f1c4be573aa0e1f	378	data/processed/deglitch_work/S0918a/ucla_runtime/UCLA_v4/TruncateXcov.m
cc6f80160a6579c38b91b240fb969950edd2382ee49637c2795c053a29f67153	2102	data/processed/deglitch_work/S0918a/ucla_runtime/UCLA_v4/XseedDataFDS.m
4c104075cf84dad84258590cb59c1b77ef357f15c21ab6e54b6f02f09519d4f3	5740	data/processed/deglitch_work/S0918a/ucla_runtime/UCLA_v4/aaout3
90c6bf09db4bfbc9ad32b7a276cce83c74394c08b2085e7faa26e4966d122eb7	7730	data/processed/deglitch_work/S0918a/ucla_runtime/UCLA_v4/aaout3.mat
0f29b8f216d4dfafacfb62a980c1c802e0838fc00ef9913136fe7a7da96c5439	179	data/processed/deglitch_work/S0918a/ucla_runtime/UCLA_v4/cclim.mat
a4f5bddd025e8bff941ffafbc11866f0f95948ee3b36bfdb2fc368b31276a5a5	181	data/processed/deglitch_work/S0918a/ucla_runtime/UCLA_v4/cclim2.mat
fa99196a4b44b7df2a9337c4506ba2dea8ba4b62945373322222e794988d1b84	1347081	data/processed/deglitch_work/S0918a/ucla_runtime/UCLA_v4/dc
7cc4f0dadc14c5da533e46532d4090954ea1f07f552792769191c29512798647	1018199	data/processed/deglitch_work/S0918a/ucla_runtime/UCLA_v4/dc.mat
4349134d158f2f9a130cda002003852f5a401989ff3360d77e28cccd07492d1c	226	data/processed/deglitch_work/S0918a/ucla_runtime/UCLA_v4/decimeFPGA.m
f2e4440a240c7409444b6faba95f46e4a866fe12880b3d39cbe9808af4601c63	299	data/processed/deglitch_work/S0918a/ucla_runtime/UCLA_v4/deriviti.m
d03256442fcd51b630446dccd82e15f8d87b3b29ec97018745d9c11ef73b8833	192	data/processed/deglitch_work/S0918a/ucla_runtime/UCLA_v4/errors.m
2d1bfd611786fd2e70f23d1d284c0237e408099b0a38ef32603e79afe9ed35d5	175	data/processed/deglitch_work/S0918a/ucla_runtime/UCLA_v4/fetch.mat
86901dd234de26e7fcfa8c76fbdf7f4b03e95913280393648e1346bacfb62d61	475	data/processed/deglitch_work/S0918a/ucla_runtime/UCLA_v4/findI1PG1P.m
26901d09a6160a982f3ebd408c8079bc6a6b0d595e308c6128c582edc019f459	2092	data/processed/deglitch_work/S0918a/ucla_runtime/UCLA_v4/findmaxs.m
169f5ee6fe580633b465bffdee1550af46101aef46a3093db08db5ca049440a7	1903	data/processed/deglitch_work/S0918a/ucla_runtime/UCLA_v4/func.m
c34983ca96989ae643e74d20c4bc99f5c4a95ce510ede0750867bec8a4652572	938	data/processed/deglitch_work/S0918a/ucla_runtime/UCLA_v4/funcConvGaussSpikeThree.m
0996a4b2d7d7437661faac556cec16ffa42ee2773dad91661b85ee9e9b259731	3218	data/processed/deglitch_work/S0918a/ucla_runtime/UCLA_v4/funcPeaker.m
0c899e161b58e547a0c7ad3c1974bb61188fa41b57cb0d3a3dd887b8f894e02d	659	data/processed/deglitch_work/S0918a/ucla_runtime/UCLA_v4/funcadjustTimes.m
3ee00247fdf49859f4f317f084f039e1f664362ec4a5cd9040798ded8e02da0e	155199	data/processed/deglitch_work/S0918a/ucla_runtime/UCLA_v4/green20sps.mat
5f8c70eb1a3c0f850f3f6f75c6a8cea42a6e70ce42b03f2593cd9d1d0ac8669e	15639	data/processed/deglitch_work/S0918a/ucla_runtime/UCLA_v4/green2sps.mat
a7d5f244fff6c2fb5d53760cc0f6c830b36e1dc4aa619745f52bd469f007a5d2	837	data/processed/deglitch_work/S0918a/ucla_runtime/UCLA_v4/greenfitExpCSpike20SPS.m
28cb00d8ea228efd8e4576e4ab34815069791916ee5ff45ea477d4543578238e	927	data/processed/deglitch_work/S0918a/ucla_runtime/UCLA_v4/greenfitSlope.m
b215fd424deede19266682be3aa44148527e088e902c4ba4a4974136b5dd42b2	154916	data/processed/deglitch_work/S0918a/ucla_runtime/UCLA_v4/greenspike.mat
97e8ec837cb54080c9c424c10c57189c5687062f9c8e62e831c10144d3dab917	447	data/processed/deglitch_work/S0918a/ucla_runtime/UCLA_v4/junk
fc419ab9ba26bc84eebff7c7ed621e3554c8384b7f8dbc07305d1dfa470b5673	3160148	data/processed/deglitch_work/S0918a/ucla_runtime/UCLA_v4/metadata/RESP.XB.ELYSE.02.BHU
df3f74ac2730027d03d28841e3bf591ac55919de29840e30f35a64984aff58fe	3246875	data/processed/deglitch_work/S0918a/ucla_runtime/UCLA_v4/metadata/RESP.XB.ELYSE.02.BHV
54e51ce083258ef3252bd5bc4499e50de1d3b80cacda113570ae7086cea48955	3158312	data/processed/deglitch_work/S0918a/ucla_runtime/UCLA_v4/metadata/RESP.XB.ELYSE.02.BHW
110f3de4e7d5f6e9467147f77383982e6446b36bb5a3f85ed6b4776be98d7f71	784592	data/processed/deglitch_work/S0918a/ucla_runtime/UCLA_v4/metadata/RESP.XB.ELYSE.02.MHU
6605374c270b77f2bd330bfc684ba0e4b593ff46f1149def3116152615ca843b	784592	data/processed/deglitch_work/S0918a/ucla_runtime/UCLA_v4/metadata/RESP.XB.ELYSE.02.MHV
a1832e0f3aac73fc23ab402c1d8761d01b05d3d1e0b907ff8dd1cebeb07338cf	784592	data/processed/deglitch_work/S0918a/ucla_runtime/UCLA_v4/metadata/RESP.XB.ELYSE.02.MHW
0a08dc49461f0d677667f525f54861a5dc27f1aa6919ac5413c7756a2f3f74f4	17048	data/processed/deglitch_work/S0918a/ucla_runtime/UCLA_v4/mkmseed.m
3d4167bcea896854ff3170bbfd2aff5df3e9ec497ad665512c4fd30a8ff867f3	744	data/processed/deglitch_work/S0918a/ucla_runtime/UCLA_v4/mylsq.m
b14eadd66699f5ab30c262b4adf1b692a7e73b20c7eff3997f56521f72e11c50	778	data/processed/deglitch_work/S0918a/ucla_runtime/UCLA_v4/plotresultsFinal.m
606adc66abc3cee5c3ff91122d0959a0150770d88111380f230bede24c5fe8e3	34676	data/processed/deglitch_work/S0918a/ucla_runtime/UCLA_v4/rdmseed.m
38593b70a5113fccf99c57174f67b6e9a6d9b730fa3efd1ec7c492f67f9568a0	2154	data/processed/deglitch_work/S0918a/ucla_runtime/UCLA_v4/read_resp_v2.m
7bdacba195f49d202ccbb337f712d221075032aec57af96dda00225cb6b08acd	472	data/processed/deglitch_work/S0918a/ucla_runtime/UCLA_v4/rephase.m
b0627fab5f9a446d6acc3338442d98de14152a99bb70bc324d506257a8daeada	1833	data/processed/deglitch_work/S0918a/ucla_runtime/UCLA_v4/stalta.m
978c1cb7440cae89163d4398793737be45a3e57a21c9100d63bdbaa63180912a	1642	data/processed/deglitch_work/S0918a/ucla_runtime/UCLA_v4/testSpikes.m
c2a412762ba1583f9fd7d1230ef005691129af7311ccf9b625e632843241e4a7	17	data/processed/deglitch_work/S0918a/ucla_runtime/UCLA_v4/wminus
084b67b078775bf08c15ed64018d0a91eaa95b9ab4da1e24183b8b2e59788af8	833	data/processed/deglitch_work/S0918a/ucla_runtime/UCLA_v4/y
7cca30eeb7b413897520033905958e893e78c0ccbe5e4f09a196261cd44d78d3	182272	data/processed/deglitch_work/S1012d/S1012d_mps_before_ucla.mseed
47ec01a5dca60c2daafea8e6f6e92d2c7ef12a1bad10706b68b812ab015881de	1253376	data/processed/deglitch_work/S1012d/S1012d_ucla.mseed
2d9b7c3105813023028c1d45064684116f09298988f9cfedf778cb66fa54a366	314	data/processed/deglitch_work/S1012d/S1012d_ucla.mseed.ucla.json
73a14fe9bb3552aca5caa2dd01fa3213cdd61a95e31ac16ba757cd0459ac8539	417792	data/processed/deglitch_work/S1012d/ucla_mseed_parts/XB.ELYSE.02.BHU.2021.275
1fbe60e9288e8d4699780993b06de9bec0de40f8b6d1329c3ecccc248c12495d	417792	data/processed/deglitch_work/S1012d/ucla_mseed_parts/XB.ELYSE.02.BHV.2021.275
8b1ce14aead988ecf7a2da471437fdae00ce6472741a1a2ed10c53fe3185edc2	417792	data/processed/deglitch_work/S1012d/ucla_mseed_parts/XB.ELYSE.02.BHW.2021.275
599ac50534fdfc7d0858a55e5b1aa814f8fb599f2aeff9457b418aa8225371e6	1045621	data/processed/deglitch_work/S1012d/ucla_results.mat
812a49dcca93168d48b33192d1d2058cea0185ffbdb15bd770a55cb828abda3f	120	data/processed/deglitch_work/S1012d/ucla_runtime/UCLA_v4/._MAIN.m
812a49dcca93168d48b33192d1d2058cea0185ffbdb15bd770a55cb828abda3f	120	data/processed/deglitch_work/S1012d/ucla_runtime/UCLA_v4/._MAIN20SPSJuly26.m
812a49dcca93168d48b33192d1d2058cea0185ffbdb15bd770a55cb828abda3f	120	data/processed/deglitch_work/S1012d/ucla_runtime/UCLA_v4/._MAIN2SPS.m
812a49dcca93168d48b33192d1d2058cea0185ffbdb15bd770a55cb828abda3f	120	data/processed/deglitch_work/S1012d/ucla_runtime/UCLA_v4/._PREP08.m
812a49dcca93168d48b33192d1d2058cea0185ffbdb15bd770a55cb828abda3f	120	data/processed/deglitch_work/S1012d/ucla_runtime/UCLA_v4/._PREPmkmseedNew.m
812a49dcca93168d48b33192d1d2058cea0185ffbdb15bd770a55cb828abda3f	120	data/processed/deglitch_work/S1012d/ucla_runtime/UCLA_v4/._TruncateXcov.m
812a49dcca93168d48b33192d1d2058cea0185ffbdb15bd770a55cb828abda3f	120	data/processed/deglitch_work/S1012d/ucla_runtime/UCLA_v4/._findmaxs.m
812a49dcca93168d48b33192d1d2058cea0185ffbdb15bd770a55cb828abda3f	120	data/processed/deglitch_work/S1012d/ucla_runtime/UCLA_v4/._func.m
812a49dcca93168d48b33192d1d2058cea0185ffbdb15bd770a55cb828abda3f	120	data/processed/deglitch_work/S1012d/ucla_runtime/UCLA_v4/._testSpikes.m
dc2899a90d04a1d1642827cca701af7a8bb95c17c794e0bbfff695cb50595405	184	data/processed/deglitch_work/S1012d/ucla_runtime/UCLA_v4/Conservative.mat
88a29a4c4bc1c6a43b8172890748d123e310141074f27be8e79beaa38b44c951	1028	data/processed/deglitch_work/S1012d/ucla_runtime/UCLA_v4/FindPrecursors.m
c28425c01be4ea7600a77944ed1b06b58151ab75d05a48c957567556ccf7eedf	2876	data/processed/deglitch_work/S1012d/ucla_runtime/UCLA_v4/MAIN.m
5b4be53f17dbf968abd360eb3bc7a203a4816a49a9d77f7b6101923000142236	5852	data/processed/deglitch_work/S1012d/ucla_runtime/UCLA_v4/MAIN20SPSJuly26.m
8ba27940cfcbca3ea091ff72218d8196f9c568727646206db74ee4a5a76d707c	2811	data/processed/deglitch_work/S1012d/ucla_runtime/UCLA_v4/MAIN20SPSReconcile.m
e4cc9c3ad46f8f153fc4bb4fc16ad6ada1770be3be69718f73e0cbd79d3eecfa	2542	data/processed/deglitch_work/S1012d/ucla_runtime/UCLA_v4/MAIN20SPSReconcileNew.m
dec95e6132a0452dfdfa088c130af5ef36ba42c3fcbba6b0429116372a7e8c66	2538	data/processed/deglitch_work/S1012d/ucla_runtime/UCLA_v4/MAIN20SPSReconcileNew.m~
f1d4808322e0eca5f14cda83e962ec115f1bee52d920af00530ccdc7fa4f1ab1	2821	data/processed/deglitch_work/S1012d/ucla_runtime/UCLA_v4/MAIN2SPS.m
157dd036a546ba62631ade4ebe8a2fa61179a55b51f34fdec2605ac736f147b4	1949	data/processed/deglitch_work/S1012d/ucla_runtime/UCLA_v4/MakeGlitch.m
52f5addeda49f642dba28b8ec840197c725b506f9ddaf67c644212fa89350d8e	181	data/processed/deglitch_work/S1012d/ucla_runtime/UCLA_v4/NLIMspike.mat
04d2cf0718e7f4d888f03538216e3ea09d47d9413c0cd14993ae7effb2388ab1	511	data/processed/deglitch_work/S1012d/ucla_runtime/UCLA_v4/NSpikeFloatGreenLine.m
34d81214d8851a20a2e2489cb4b7a39fb9988bd39f7ba5130dcc1926bcc92e1c	178	data/processed/deglitch_work/S1012d/ucla_runtime/UCLA_v4/Nlevel.mat
77dade4e3e4875f9937f762dc4948903fe7336ff62aed43b23ae8bc4eb746695	1261	data/processed/deglitch_work/S1012d/ucla_runtime/UCLA_v4/PFO_div2.txt
3cd93fb164e83a6e0af241535afbcde3fb1ac7c4fb1bdb69f527521b9d68a8de	2436	data/processed/deglitch_work/S1012d/ucla_runtime/UCLA_v4/PFO_div5.txt
4332dfc92a0a5f20043845ff47147a17d70f6eefb2e3a4efb06b2fd296f6a75f	1944	data/processed/deglitch_work/S1012d/ucla_runtime/UCLA_v4/PREP03.m
04251c9e9012937fd4a1cca54c3dd19c1683300fbd8912afc3e583f666108c88	2553	data/processed/deglitch_work/S1012d/ucla_runtime/UCLA_v4/PREP08.m
9b41e10e7f72de36df8c77193dc2f3bdbaf248d84568400d94bf127be15991d3	1864	data/processed/deglitch_work/S1012d/ucla_runtime/UCLA_v4/PREP39.m
b67b43101764998deeaddb3ff57f454ae0a37182b808b310ae2945988af2fd90	1068	data/processed/deglitch_work/S1012d/ucla_runtime/UCLA_v4/PREPmkmseed.m
8c76812821b0b125644abbe5e2ae83aae9e7d6fd1d909ed720845dbfb57195ff	1392	data/processed/deglitch_work/S1012d/ucla_runtime/UCLA_v4/PREPmkmseedNew.m
9921518f8e9d4cde172edec6e08f50206f1456f10d509e8044958a1e022d23b5	1223	data/processed/deglitch_work/S1012d/ucla_runtime/UCLA_v4/PlotFinalNew.m
e2e048539122c61b800a66533394a4ffa7ffad663bc77e4220feea1f3e3261fb	1280	data/processed/deglitch_work/S1012d/ucla_runtime/UCLA_v4/PlotFinalNew2SPS.m
2c3c2cbeef099247b3271e85cbb569f1d0387388c9af84c3247131497a701570	398	data/processed/deglitch_work/S1012d/ucla_runtime/UCLA_v4/QuickClean.m
a988a011241e2919fd0307c7b9ac92e00ab2e12519905daf2440b0a7dce520a0	486	data/processed/deglitch_work/S1012d/ucla_runtime/UCLA_v4/README.m
a12273552c871602813ad807cc0e44c5c9c15bf85ac40e6546fe9790afd44450	510464	data/processed/deglitch_work/S1012d/ucla_runtime/UCLA_v4/S0235b_VBB.mseed
3339b5a792b6ce451d3ca994af140261d41567be9ff572b5e1e84cc5339e7521	610	data/processed/deglitch_work/S1012d/ucla_runtime/UCLA_v4/SampleFraction.m
8f6098dcea352194b5c896a5d46fde54c68528fd1019503b9f1c4be573aa0e1f	378	data/processed/deglitch_work/S1012d/ucla_runtime/UCLA_v4/TruncateXcov.m
cc6f80160a6579c38b91b240fb969950edd2382ee49637c2795c053a29f67153	2102	data/processed/deglitch_work/S1012d/ucla_runtime/UCLA_v4/XseedDataFDS.m
0396f7621bfcf065fd0e524e063948859929b93428b2713d518effde5f37b8b5	9614	data/processed/deglitch_work/S1012d/ucla_runtime/UCLA_v4/aaout3
90c6bf09db4bfbc9ad32b7a276cce83c74394c08b2085e7faa26e4966d122eb7	7730	data/processed/deglitch_work/S1012d/ucla_runtime/UCLA_v4/aaout3.mat
0f29b8f216d4dfafacfb62a980c1c802e0838fc00ef9913136fe7a7da96c5439	179	data/processed/deglitch_work/S1012d/ucla_runtime/UCLA_v4/cclim.mat
a4f5bddd025e8bff941ffafbc11866f0f95948ee3b36bfdb2fc368b31276a5a5	181	data/processed/deglitch_work/S1012d/ucla_runtime/UCLA_v4/cclim2.mat
b7f35df25c9990c98db5d2cf03dd933d551d04d5b25cf3fd530e16b9c336a984	1389533	data/processed/deglitch_work/S1012d/ucla_runtime/UCLA_v4/dc
7cc4f0dadc14c5da533e46532d4090954ea1f07f552792769191c29512798647	1018199	data/processed/deglitch_work/S1012d/ucla_runtime/UCLA_v4/dc.mat
4349134d158f2f9a130cda002003852f5a401989ff3360d77e28cccd07492d1c	226	data/processed/deglitch_work/S1012d/ucla_runtime/UCLA_v4/decimeFPGA.m
f2e4440a240c7409444b6faba95f46e4a866fe12880b3d39cbe9808af4601c63	299	data/processed/deglitch_work/S1012d/ucla_runtime/UCLA_v4/deriviti.m
d03256442fcd51b630446dccd82e15f8d87b3b29ec97018745d9c11ef73b8833	192	data/processed/deglitch_work/S1012d/ucla_runtime/UCLA_v4/errors.m
2d1bfd611786fd2e70f23d1d284c0237e408099b0a38ef32603e79afe9ed35d5	175	data/processed/deglitch_work/S1012d/ucla_runtime/UCLA_v4/fetch.mat
86901dd234de26e7fcfa8c76fbdf7f4b03e95913280393648e1346bacfb62d61	475	data/processed/deglitch_work/S1012d/ucla_runtime/UCLA_v4/findI1PG1P.m
26901d09a6160a982f3ebd408c8079bc6a6b0d595e308c6128c582edc019f459	2092	data/processed/deglitch_work/S1012d/ucla_runtime/UCLA_v4/findmaxs.m
169f5ee6fe580633b465bffdee1550af46101aef46a3093db08db5ca049440a7	1903	data/processed/deglitch_work/S1012d/ucla_runtime/UCLA_v4/func.m
c34983ca96989ae643e74d20c4bc99f5c4a95ce510ede0750867bec8a4652572	938	data/processed/deglitch_work/S1012d/ucla_runtime/UCLA_v4/funcConvGaussSpikeThree.m
0996a4b2d7d7437661faac556cec16ffa42ee2773dad91661b85ee9e9b259731	3218	data/processed/deglitch_work/S1012d/ucla_runtime/UCLA_v4/funcPeaker.m
0c899e161b58e547a0c7ad3c1974bb61188fa41b57cb0d3a3dd887b8f894e02d	659	data/processed/deglitch_work/S1012d/ucla_runtime/UCLA_v4/funcadjustTimes.m
3ee00247fdf49859f4f317f084f039e1f664362ec4a5cd9040798ded8e02da0e	155199	data/processed/deglitch_work/S1012d/ucla_runtime/UCLA_v4/green20sps.mat
5f8c70eb1a3c0f850f3f6f75c6a8cea42a6e70ce42b03f2593cd9d1d0ac8669e	15639	data/processed/deglitch_work/S1012d/ucla_runtime/UCLA_v4/green2sps.mat
a7d5f244fff6c2fb5d53760cc0f6c830b36e1dc4aa619745f52bd469f007a5d2	837	data/processed/deglitch_work/S1012d/ucla_runtime/UCLA_v4/greenfitExpCSpike20SPS.m
28cb00d8ea228efd8e4576e4ab34815069791916ee5ff45ea477d4543578238e	927	data/processed/deglitch_work/S1012d/ucla_runtime/UCLA_v4/greenfitSlope.m
b215fd424deede19266682be3aa44148527e088e902c4ba4a4974136b5dd42b2	154916	data/processed/deglitch_work/S1012d/ucla_runtime/UCLA_v4/greenspike.mat
97e8ec837cb54080c9c424c10c57189c5687062f9c8e62e831c10144d3dab917	447	data/processed/deglitch_work/S1012d/ucla_runtime/UCLA_v4/junk
fc419ab9ba26bc84eebff7c7ed621e3554c8384b7f8dbc07305d1dfa470b5673	3160148	data/processed/deglitch_work/S1012d/ucla_runtime/UCLA_v4/metadata/RESP.XB.ELYSE.02.BHU
df3f74ac2730027d03d28841e3bf591ac55919de29840e30f35a64984aff58fe	3246875	data/processed/deglitch_work/S1012d/ucla_runtime/UCLA_v4/metadata/RESP.XB.ELYSE.02.BHV
54e51ce083258ef3252bd5bc4499e50de1d3b80cacda113570ae7086cea48955	3158312	data/processed/deglitch_work/S1012d/ucla_runtime/UCLA_v4/metadata/RESP.XB.ELYSE.02.BHW
110f3de4e7d5f6e9467147f77383982e6446b36bb5a3f85ed6b4776be98d7f71	784592	data/processed/deglitch_work/S1012d/ucla_runtime/UCLA_v4/metadata/RESP.XB.ELYSE.02.MHU
6605374c270b77f2bd330bfc684ba0e4b593ff46f1149def3116152615ca843b	784592	data/processed/deglitch_work/S1012d/ucla_runtime/UCLA_v4/metadata/RESP.XB.ELYSE.02.MHV
a1832e0f3aac73fc23ab402c1d8761d01b05d3d1e0b907ff8dd1cebeb07338cf	784592	data/processed/deglitch_work/S1012d/ucla_runtime/UCLA_v4/metadata/RESP.XB.ELYSE.02.MHW
0a08dc49461f0d677667f525f54861a5dc27f1aa6919ac5413c7756a2f3f74f4	17048	data/processed/deglitch_work/S1012d/ucla_runtime/UCLA_v4/mkmseed.m
3d4167bcea896854ff3170bbfd2aff5df3e9ec497ad665512c4fd30a8ff867f3	744	data/processed/deglitch_work/S1012d/ucla_runtime/UCLA_v4/mylsq.m
b14eadd66699f5ab30c262b4adf1b692a7e73b20c7eff3997f56521f72e11c50	778	data/processed/deglitch_work/S1012d/ucla_runtime/UCLA_v4/plotresultsFinal.m
606adc66abc3cee5c3ff91122d0959a0150770d88111380f230bede24c5fe8e3	34676	data/processed/deglitch_work/S1012d/ucla_runtime/UCLA_v4/rdmseed.m
38593b70a5113fccf99c57174f67b6e9a6d9b730fa3efd1ec7c492f67f9568a0	2154	data/processed/deglitch_work/S1012d/ucla_runtime/UCLA_v4/read_resp_v2.m
7bdacba195f49d202ccbb337f712d221075032aec57af96dda00225cb6b08acd	472	data/processed/deglitch_work/S1012d/ucla_runtime/UCLA_v4/rephase.m
b0627fab5f9a446d6acc3338442d98de14152a99bb70bc324d506257a8daeada	1833	data/processed/deglitch_work/S1012d/ucla_runtime/UCLA_v4/stalta.m
978c1cb7440cae89163d4398793737be45a3e57a21c9100d63bdbaa63180912a	1642	data/processed/deglitch_work/S1012d/ucla_runtime/UCLA_v4/testSpikes.m
c2a412762ba1583f9fd7d1230ef005691129af7311ccf9b625e632843241e4a7	17	data/processed/deglitch_work/S1012d/ucla_runtime/UCLA_v4/wminus
084b67b078775bf08c15ed64018d0a91eaa95b9ab4da1e24183b8b2e59788af8	833	data/processed/deglitch_work/S1012d/ucla_runtime/UCLA_v4/y
df9c3583c6c347998b5fc684e0be6ad61bb938ef1cce6dd7e69d72b05911cfcd	241152	data/processed/deglitch_work/S1022a/S1022a_mps_before_ucla.mseed
45928018f36765d33eb4e55f799f4ba1c9ea08b0975c4f675060b3b2d07920d1	1253376	data/processed/deglitch_work/S1022a/S1022a_ucla.mseed
86c615b0752707d4aa8a16b1cb8cbb649b09adc4f034fbf75000ecfcc9422985	314	data/processed/deglitch_work/S1022a/S1022a_ucla.mseed.ucla.json
1bbb97fdadbd26dfcc442db75e1e33da0bfc066d30cdf51af50dea49db6ddba5	417792	data/processed/deglitch_work/S1022a/ucla_mseed_parts/XB.ELYSE.02.BHU.2021.284
f57784b2928bb797bfb513e3d41816775e9f3fb18251dc0afd2de27e4af46aa6	417792	data/processed/deglitch_work/S1022a/ucla_mseed_parts/XB.ELYSE.02.BHV.2021.284
23ce0fa593655b0ab584b06afc6db6e07bfc08e612390dd7568b7ff7d0152086	417792	data/processed/deglitch_work/S1022a/ucla_mseed_parts/XB.ELYSE.02.BHW.2021.284
516673b7ae07532c0f0bcc32a6f694b524ae8ceb56452cb88d4d2b21e62dabc9	1105674	data/processed/deglitch_work/S1022a/ucla_results.mat
812a49dcca93168d48b33192d1d2058cea0185ffbdb15bd770a55cb828abda3f	120	data/processed/deglitch_work/S1022a/ucla_runtime/UCLA_v4/._MAIN.m
812a49dcca93168d48b33192d1d2058cea0185ffbdb15bd770a55cb828abda3f	120	data/processed/deglitch_work/S1022a/ucla_runtime/UCLA_v4/._MAIN20SPSJuly26.m
812a49dcca93168d48b33192d1d2058cea0185ffbdb15bd770a55cb828abda3f	120	data/processed/deglitch_work/S1022a/ucla_runtime/UCLA_v4/._MAIN2SPS.m
812a49dcca93168d48b33192d1d2058cea0185ffbdb15bd770a55cb828abda3f	120	data/processed/deglitch_work/S1022a/ucla_runtime/UCLA_v4/._PREP08.m
812a49dcca93168d48b33192d1d2058cea0185ffbdb15bd770a55cb828abda3f	120	data/processed/deglitch_work/S1022a/ucla_runtime/UCLA_v4/._PREPmkmseedNew.m
812a49dcca93168d48b33192d1d2058cea0185ffbdb15bd770a55cb828abda3f	120	data/processed/deglitch_work/S1022a/ucla_runtime/UCLA_v4/._TruncateXcov.m
812a49dcca93168d48b33192d1d2058cea0185ffbdb15bd770a55cb828abda3f	120	data/processed/deglitch_work/S1022a/ucla_runtime/UCLA_v4/._findmaxs.m
812a49dcca93168d48b33192d1d2058cea0185ffbdb15bd770a55cb828abda3f	120	data/processed/deglitch_work/S1022a/ucla_runtime/UCLA_v4/._func.m
812a49dcca93168d48b33192d1d2058cea0185ffbdb15bd770a55cb828abda3f	120	data/processed/deglitch_work/S1022a/ucla_runtime/UCLA_v4/._testSpikes.m
dc2899a90d04a1d1642827cca701af7a8bb95c17c794e0bbfff695cb50595405	184	data/processed/deglitch_work/S1022a/ucla_runtime/UCLA_v4/Conservative.mat
88a29a4c4bc1c6a43b8172890748d123e310141074f27be8e79beaa38b44c951	1028	data/processed/deglitch_work/S1022a/ucla_runtime/UCLA_v4/FindPrecursors.m
c28425c01be4ea7600a77944ed1b06b58151ab75d05a48c957567556ccf7eedf	2876	data/processed/deglitch_work/S1022a/ucla_runtime/UCLA_v4/MAIN.m
5b4be53f17dbf968abd360eb3bc7a203a4816a49a9d77f7b6101923000142236	5852	data/processed/deglitch_work/S1022a/ucla_runtime/UCLA_v4/MAIN20SPSJuly26.m
8ba27940cfcbca3ea091ff72218d8196f9c568727646206db74ee4a5a76d707c	2811	data/processed/deglitch_work/S1022a/ucla_runtime/UCLA_v4/MAIN20SPSReconcile.m
e4cc9c3ad46f8f153fc4bb4fc16ad6ada1770be3be69718f73e0cbd79d3eecfa	2542	data/processed/deglitch_work/S1022a/ucla_runtime/UCLA_v4/MAIN20SPSReconcileNew.m
dec95e6132a0452dfdfa088c130af5ef36ba42c3fcbba6b0429116372a7e8c66	2538	data/processed/deglitch_work/S1022a/ucla_runtime/UCLA_v4/MAIN20SPSReconcileNew.m~
f1d4808322e0eca5f14cda83e962ec115f1bee52d920af00530ccdc7fa4f1ab1	2821	data/processed/deglitch_work/S1022a/ucla_runtime/UCLA_v4/MAIN2SPS.m
157dd036a546ba62631ade4ebe8a2fa61179a55b51f34fdec2605ac736f147b4	1949	data/processed/deglitch_work/S1022a/ucla_runtime/UCLA_v4/MakeGlitch.m
52f5addeda49f642dba28b8ec840197c725b506f9ddaf67c644212fa89350d8e	181	data/processed/deglitch_work/S1022a/ucla_runtime/UCLA_v4/NLIMspike.mat
04d2cf0718e7f4d888f03538216e3ea09d47d9413c0cd14993ae7effb2388ab1	511	data/processed/deglitch_work/S1022a/ucla_runtime/UCLA_v4/NSpikeFloatGreenLine.m
34d81214d8851a20a2e2489cb4b7a39fb9988bd39f7ba5130dcc1926bcc92e1c	178	data/processed/deglitch_work/S1022a/ucla_runtime/UCLA_v4/Nlevel.mat
77dade4e3e4875f9937f762dc4948903fe7336ff62aed43b23ae8bc4eb746695	1261	data/processed/deglitch_work/S1022a/ucla_runtime/UCLA_v4/PFO_div2.txt
3cd93fb164e83a6e0af241535afbcde3fb1ac7c4fb1bdb69f527521b9d68a8de	2436	data/processed/deglitch_work/S1022a/ucla_runtime/UCLA_v4/PFO_div5.txt
4332dfc92a0a5f20043845ff47147a17d70f6eefb2e3a4efb06b2fd296f6a75f	1944	data/processed/deglitch_work/S1022a/ucla_runtime/UCLA_v4/PREP03.m
04251c9e9012937fd4a1cca54c3dd19c1683300fbd8912afc3e583f666108c88	2553	data/processed/deglitch_work/S1022a/ucla_runtime/UCLA_v4/PREP08.m
9b41e10e7f72de36df8c77193dc2f3bdbaf248d84568400d94bf127be15991d3	1864	data/processed/deglitch_work/S1022a/ucla_runtime/UCLA_v4/PREP39.m
b67b43101764998deeaddb3ff57f454ae0a37182b808b310ae2945988af2fd90	1068	data/processed/deglitch_work/S1022a/ucla_runtime/UCLA_v4/PREPmkmseed.m
8c76812821b0b125644abbe5e2ae83aae9e7d6fd1d909ed720845dbfb57195ff	1392	data/processed/deglitch_work/S1022a/ucla_runtime/UCLA_v4/PREPmkmseedNew.m
9921518f8e9d4cde172edec6e08f50206f1456f10d509e8044958a1e022d23b5	1223	data/processed/deglitch_work/S1022a/ucla_runtime/UCLA_v4/PlotFinalNew.m
e2e048539122c61b800a66533394a4ffa7ffad663bc77e4220feea1f3e3261fb	1280	data/processed/deglitch_work/S1022a/ucla_runtime/UCLA_v4/PlotFinalNew2SPS.m
2c3c2cbeef099247b3271e85cbb569f1d0387388c9af84c3247131497a701570	398	data/processed/deglitch_work/S1022a/ucla_runtime/UCLA_v4/QuickClean.m
a988a011241e2919fd0307c7b9ac92e00ab2e12519905daf2440b0a7dce520a0	486	data/processed/deglitch_work/S1022a/ucla_runtime/UCLA_v4/README.m
a12273552c871602813ad807cc0e44c5c9c15bf85ac40e6546fe9790afd44450	510464	data/processed/deglitch_work/S1022a/ucla_runtime/UCLA_v4/S0235b_VBB.mseed
3339b5a792b6ce451d3ca994af140261d41567be9ff572b5e1e84cc5339e7521	610	data/processed/deglitch_work/S1022a/ucla_runtime/UCLA_v4/SampleFraction.m
8f6098dcea352194b5c896a5d46fde54c68528fd1019503b9f1c4be573aa0e1f	378	data/processed/deglitch_work/S1022a/ucla_runtime/UCLA_v4/TruncateXcov.m
cc6f80160a6579c38b91b240fb969950edd2382ee49637c2795c053a29f67153	2102	data/processed/deglitch_work/S1022a/ucla_runtime/UCLA_v4/XseedDataFDS.m
70bafa89d2d23509878fb5885ac98928feadf44b958256ea0915089f88ec7d02	6837	data/processed/deglitch_work/S1022a/ucla_runtime/UCLA_v4/aaout3
90c6bf09db4bfbc9ad32b7a276cce83c74394c08b2085e7faa26e4966d122eb7	7730	data/processed/deglitch_work/S1022a/ucla_runtime/UCLA_v4/aaout3.mat
0f29b8f216d4dfafacfb62a980c1c802e0838fc00ef9913136fe7a7da96c5439	179	data/processed/deglitch_work/S1022a/ucla_runtime/UCLA_v4/cclim.mat
a4f5bddd025e8bff941ffafbc11866f0f95948ee3b36bfdb2fc368b31276a5a5	181	data/processed/deglitch_work/S1022a/ucla_runtime/UCLA_v4/cclim2.mat
5fe3e688192284b208fbd9bc80741195a597e1ea40bd7cdc1b97b06c03e631a9	1276788	data/processed/deglitch_work/S1022a/ucla_runtime/UCLA_v4/dc
7cc4f0dadc14c5da533e46532d4090954ea1f07f552792769191c29512798647	1018199	data/processed/deglitch_work/S1022a/ucla_runtime/UCLA_v4/dc.mat
4349134d158f2f9a130cda002003852f5a401989ff3360d77e28cccd07492d1c	226	data/processed/deglitch_work/S1022a/ucla_runtime/UCLA_v4/decimeFPGA.m
f2e4440a240c7409444b6faba95f46e4a866fe12880b3d39cbe9808af4601c63	299	data/processed/deglitch_work/S1022a/ucla_runtime/UCLA_v4/deriviti.m
d03256442fcd51b630446dccd82e15f8d87b3b29ec97018745d9c11ef73b8833	192	data/processed/deglitch_work/S1022a/ucla_runtime/UCLA_v4/errors.m
2d1bfd611786fd2e70f23d1d284c0237e408099b0a38ef32603e79afe9ed35d5	175	data/processed/deglitch_work/S1022a/ucla_runtime/UCLA_v4/fetch.mat
86901dd234de26e7fcfa8c76fbdf7f4b03e95913280393648e1346bacfb62d61	475	data/processed/deglitch_work/S1022a/ucla_runtime/UCLA_v4/findI1PG1P.m
26901d09a6160a982f3ebd408c8079bc6a6b0d595e308c6128c582edc019f459	2092	data/processed/deglitch_work/S1022a/ucla_runtime/UCLA_v4/findmaxs.m
169f5ee6fe580633b465bffdee1550af46101aef46a3093db08db5ca049440a7	1903	data/processed/deglitch_work/S1022a/ucla_runtime/UCLA_v4/func.m
c34983ca96989ae643e74d20c4bc99f5c4a95ce510ede0750867bec8a4652572	938	data/processed/deglitch_work/S1022a/ucla_runtime/UCLA_v4/funcConvGaussSpikeThree.m
0996a4b2d7d7437661faac556cec16ffa42ee2773dad91661b85ee9e9b259731	3218	data/processed/deglitch_work/S1022a/ucla_runtime/UCLA_v4/funcPeaker.m
0c899e161b58e547a0c7ad3c1974bb61188fa41b57cb0d3a3dd887b8f894e02d	659	data/processed/deglitch_work/S1022a/ucla_runtime/UCLA_v4/funcadjustTimes.m
3ee00247fdf49859f4f317f084f039e1f664362ec4a5cd9040798ded8e02da0e	155199	data/processed/deglitch_work/S1022a/ucla_runtime/UCLA_v4/green20sps.mat
5f8c70eb1a3c0f850f3f6f75c6a8cea42a6e70ce42b03f2593cd9d1d0ac8669e	15639	data/processed/deglitch_work/S1022a/ucla_runtime/UCLA_v4/green2sps.mat
a7d5f244fff6c2fb5d53760cc0f6c830b36e1dc4aa619745f52bd469f007a5d2	837	data/processed/deglitch_work/S1022a/ucla_runtime/UCLA_v4/greenfitExpCSpike20SPS.m
28cb00d8ea228efd8e4576e4ab34815069791916ee5ff45ea477d4543578238e	927	data/processed/deglitch_work/S1022a/ucla_runtime/UCLA_v4/greenfitSlope.m
b215fd424deede19266682be3aa44148527e088e902c4ba4a4974136b5dd42b2	154916	data/processed/deglitch_work/S1022a/ucla_runtime/UCLA_v4/greenspike.mat
97e8ec837cb54080c9c424c10c57189c5687062f9c8e62e831c10144d3dab917	447	data/processed/deglitch_work/S1022a/ucla_runtime/UCLA_v4/junk
fc419ab9ba26bc84eebff7c7ed621e3554c8384b7f8dbc07305d1dfa470b5673	3160148	data/processed/deglitch_work/S1022a/ucla_runtime/UCLA_v4/metadata/RESP.XB.ELYSE.02.BHU
df3f74ac2730027d03d28841e3bf591ac55919de29840e30f35a64984aff58fe	3246875	data/processed/deglitch_work/S1022a/ucla_runtime/UCLA_v4/metadata/RESP.XB.ELYSE.02.BHV
54e51ce083258ef3252bd5bc4499e50de1d3b80cacda113570ae7086cea48955	3158312	data/processed/deglitch_work/S1022a/ucla_runtime/UCLA_v4/metadata/RESP.XB.ELYSE.02.BHW
110f3de4e7d5f6e9467147f77383982e6446b36bb5a3f85ed6b4776be98d7f71	784592	data/processed/deglitch_work/S1022a/ucla_runtime/UCLA_v4/metadata/RESP.XB.ELYSE.02.MHU
6605374c270b77f2bd330bfc684ba0e4b593ff46f1149def3116152615ca843b	784592	data/processed/deglitch_work/S1022a/ucla_runtime/UCLA_v4/metadata/RESP.XB.ELYSE.02.MHV
a1832e0f3aac73fc23ab402c1d8761d01b05d3d1e0b907ff8dd1cebeb07338cf	784592	data/processed/deglitch_work/S1022a/ucla_runtime/UCLA_v4/metadata/RESP.XB.ELYSE.02.MHW
0a08dc49461f0d677667f525f54861a5dc27f1aa6919ac5413c7756a2f3f74f4	17048	data/processed/deglitch_work/S1022a/ucla_runtime/UCLA_v4/mkmseed.m
3d4167bcea896854ff3170bbfd2aff5df3e9ec497ad665512c4fd30a8ff867f3	744	data/processed/deglitch_work/S1022a/ucla_runtime/UCLA_v4/mylsq.m
b14eadd66699f5ab30c262b4adf1b692a7e73b20c7eff3997f56521f72e11c50	778	data/processed/deglitch_work/S1022a/ucla_runtime/UCLA_v4/plotresultsFinal.m
606adc66abc3cee5c3ff91122d0959a0150770d88111380f230bede24c5fe8e3	34676	data/processed/deglitch_work/S1022a/ucla_runtime/UCLA_v4/rdmseed.m
38593b70a5113fccf99c57174f67b6e9a6d9b730fa3efd1ec7c492f67f9568a0	2154	data/processed/deglitch_work/S1022a/ucla_runtime/UCLA_v4/read_resp_v2.m
7bdacba195f49d202ccbb337f712d221075032aec57af96dda00225cb6b08acd	472	data/processed/deglitch_work/S1022a/ucla_runtime/UCLA_v4/rephase.m
b0627fab5f9a446d6acc3338442d98de14152a99bb70bc324d506257a8daeada	1833	data/processed/deglitch_work/S1022a/ucla_runtime/UCLA_v4/stalta.m
978c1cb7440cae89163d4398793737be45a3e57a21c9100d63bdbaa63180912a	1642	data/processed/deglitch_work/S1022a/ucla_runtime/UCLA_v4/testSpikes.m
c2a412762ba1583f9fd7d1230ef005691129af7311ccf9b625e632843241e4a7	17	data/processed/deglitch_work/S1022a/ucla_runtime/UCLA_v4/wminus
084b67b078775bf08c15ed64018d0a91eaa95b9ab4da1e24183b8b2e59788af8	833	data/processed/deglitch_work/S1022a/ucla_runtime/UCLA_v4/y
8db285b3a9ea22753fa46228ef7ab0f5b6205751f01d6b9118e3fc4a9f70e802	181760	data/processed/deglitch_work/S1039b/S1039b_mps_before_ucla.mseed
cebbb62f920e7ba167ef7c820cdfe127f47c650cc3f3900469a3f6e368b2063e	1253376	data/processed/deglitch_work/S1039b/S1039b_ucla.mseed
2c14b60a25355cc71c42065370404415d6806339194237fdefd291f6921ee28e	314	data/processed/deglitch_work/S1039b/S1039b_ucla.mseed.ucla.json
3857cd807accda633fb079e0c363c54d2ce885559a2c807076e9fd8151f5dfb1	417792	data/processed/deglitch_work/S1039b/ucla_mseed_parts/XB.ELYSE.02.BHU.2021.302
8e14750593bfa8a985301956d08bd5145ba37b8325ee0be1afdaaca91c40f898	417792	data/processed/deglitch_work/S1039b/ucla_mseed_parts/XB.ELYSE.02.BHV.2021.302
31a21183bb79f2f03ad8abd368a4d6bba1c849a634e82a15dcf9f1e4258b1dcd	417792	data/processed/deglitch_work/S1039b/ucla_mseed_parts/XB.ELYSE.02.BHW.2021.302
e7fac06653654a5e63646c03ba199b7aefba31135084228a6cf29d639259c96a	999561	data/processed/deglitch_work/S1039b/ucla_results.mat
812a49dcca93168d48b33192d1d2058cea0185ffbdb15bd770a55cb828abda3f	120	data/processed/deglitch_work/S1039b/ucla_runtime/UCLA_v4/._MAIN.m
812a49dcca93168d48b33192d1d2058cea0185ffbdb15bd770a55cb828abda3f	120	data/processed/deglitch_work/S1039b/ucla_runtime/UCLA_v4/._MAIN20SPSJuly26.m
812a49dcca93168d48b33192d1d2058cea0185ffbdb15bd770a55cb828abda3f	120	data/processed/deglitch_work/S1039b/ucla_runtime/UCLA_v4/._MAIN2SPS.m
812a49dcca93168d48b33192d1d2058cea0185ffbdb15bd770a55cb828abda3f	120	data/processed/deglitch_work/S1039b/ucla_runtime/UCLA_v4/._PREP08.m
812a49dcca93168d48b33192d1d2058cea0185ffbdb15bd770a55cb828abda3f	120	data/processed/deglitch_work/S1039b/ucla_runtime/UCLA_v4/._PREPmkmseedNew.m
812a49dcca93168d48b33192d1d2058cea0185ffbdb15bd770a55cb828abda3f	120	data/processed/deglitch_work/S1039b/ucla_runtime/UCLA_v4/._TruncateXcov.m
812a49dcca93168d48b33192d1d2058cea0185ffbdb15bd770a55cb828abda3f	120	data/processed/deglitch_work/S1039b/ucla_runtime/UCLA_v4/._findmaxs.m
812a49dcca93168d48b33192d1d2058cea0185ffbdb15bd770a55cb828abda3f	120	data/processed/deglitch_work/S1039b/ucla_runtime/UCLA_v4/._func.m
812a49dcca93168d48b33192d1d2058cea0185ffbdb15bd770a55cb828abda3f	120	data/processed/deglitch_work/S1039b/ucla_runtime/UCLA_v4/._testSpikes.m
dc2899a90d04a1d1642827cca701af7a8bb95c17c794e0bbfff695cb50595405	184	data/processed/deglitch_work/S1039b/ucla_runtime/UCLA_v4/Conservative.mat
88a29a4c4bc1c6a43b8172890748d123e310141074f27be8e79beaa38b44c951	1028	data/processed/deglitch_work/S1039b/ucla_runtime/UCLA_v4/FindPrecursors.m
c28425c01be4ea7600a77944ed1b06b58151ab75d05a48c957567556ccf7eedf	2876	data/processed/deglitch_work/S1039b/ucla_runtime/UCLA_v4/MAIN.m
5b4be53f17dbf968abd360eb3bc7a203a4816a49a9d77f7b6101923000142236	5852	data/processed/deglitch_work/S1039b/ucla_runtime/UCLA_v4/MAIN20SPSJuly26.m
8ba27940cfcbca3ea091ff72218d8196f9c568727646206db74ee4a5a76d707c	2811	data/processed/deglitch_work/S1039b/ucla_runtime/UCLA_v4/MAIN20SPSReconcile.m
e4cc9c3ad46f8f153fc4bb4fc16ad6ada1770be3be69718f73e0cbd79d3eecfa	2542	data/processed/deglitch_work/S1039b/ucla_runtime/UCLA_v4/MAIN20SPSReconcileNew.m
dec95e6132a0452dfdfa088c130af5ef36ba42c3fcbba6b0429116372a7e8c66	2538	data/processed/deglitch_work/S1039b/ucla_runtime/UCLA_v4/MAIN20SPSReconcileNew.m~
f1d4808322e0eca5f14cda83e962ec115f1bee52d920af00530ccdc7fa4f1ab1	2821	data/processed/deglitch_work/S1039b/ucla_runtime/UCLA_v4/MAIN2SPS.m
157dd036a546ba62631ade4ebe8a2fa61179a55b51f34fdec2605ac736f147b4	1949	data/processed/deglitch_work/S1039b/ucla_runtime/UCLA_v4/MakeGlitch.m
52f5addeda49f642dba28b8ec840197c725b506f9ddaf67c644212fa89350d8e	181	data/processed/deglitch_work/S1039b/ucla_runtime/UCLA_v4/NLIMspike.mat
04d2cf0718e7f4d888f03538216e3ea09d47d9413c0cd14993ae7effb2388ab1	511	data/processed/deglitch_work/S1039b/ucla_runtime/UCLA_v4/NSpikeFloatGreenLine.m
34d81214d8851a20a2e2489cb4b7a39fb9988bd39f7ba5130dcc1926bcc92e1c	178	data/processed/deglitch_work/S1039b/ucla_runtime/UCLA_v4/Nlevel.mat
77dade4e3e4875f9937f762dc4948903fe7336ff62aed43b23ae8bc4eb746695	1261	data/processed/deglitch_work/S1039b/ucla_runtime/UCLA_v4/PFO_div2.txt
3cd93fb164e83a6e0af241535afbcde3fb1ac7c4fb1bdb69f527521b9d68a8de	2436	data/processed/deglitch_work/S1039b/ucla_runtime/UCLA_v4/PFO_div5.txt
4332dfc92a0a5f20043845ff47147a17d70f6eefb2e3a4efb06b2fd296f6a75f	1944	data/processed/deglitch_work/S1039b/ucla_runtime/UCLA_v4/PREP03.m
04251c9e9012937fd4a1cca54c3dd19c1683300fbd8912afc3e583f666108c88	2553	data/processed/deglitch_work/S1039b/ucla_runtime/UCLA_v4/PREP08.m
9b41e10e7f72de36df8c77193dc2f3bdbaf248d84568400d94bf127be15991d3	1864	data/processed/deglitch_work/S1039b/ucla_runtime/UCLA_v4/PREP39.m
b67b43101764998deeaddb3ff57f454ae0a37182b808b310ae2945988af2fd90	1068	data/processed/deglitch_work/S1039b/ucla_runtime/UCLA_v4/PREPmkmseed.m
8c76812821b0b125644abbe5e2ae83aae9e7d6fd1d909ed720845dbfb57195ff	1392	data/processed/deglitch_work/S1039b/ucla_runtime/UCLA_v4/PREPmkmseedNew.m
9921518f8e9d4cde172edec6e08f50206f1456f10d509e8044958a1e022d23b5	1223	data/processed/deglitch_work/S1039b/ucla_runtime/UCLA_v4/PlotFinalNew.m
e2e048539122c61b800a66533394a4ffa7ffad663bc77e4220feea1f3e3261fb	1280	data/processed/deglitch_work/S1039b/ucla_runtime/UCLA_v4/PlotFinalNew2SPS.m
2c3c2cbeef099247b3271e85cbb569f1d0387388c9af84c3247131497a701570	398	data/processed/deglitch_work/S1039b/ucla_runtime/UCLA_v4/QuickClean.m
a988a011241e2919fd0307c7b9ac92e00ab2e12519905daf2440b0a7dce520a0	486	data/processed/deglitch_work/S1039b/ucla_runtime/UCLA_v4/README.m
a12273552c871602813ad807cc0e44c5c9c15bf85ac40e6546fe9790afd44450	510464	data/processed/deglitch_work/S1039b/ucla_runtime/UCLA_v4/S0235b_VBB.mseed
3339b5a792b6ce451d3ca994af140261d41567be9ff572b5e1e84cc5339e7521	610	data/processed/deglitch_work/S1039b/ucla_runtime/UCLA_v4/SampleFraction.m
8f6098dcea352194b5c896a5d46fde54c68528fd1019503b9f1c4be573aa0e1f	378	data/processed/deglitch_work/S1039b/ucla_runtime/UCLA_v4/TruncateXcov.m
cc6f80160a6579c38b91b240fb969950edd2382ee49637c2795c053a29f67153	2102	data/processed/deglitch_work/S1039b/ucla_runtime/UCLA_v4/XseedDataFDS.m
8d4730441c73c34273613fc70fc3d491edbadd9e5a5cb4b2ed1b61ead41f75c5	6944	data/processed/deglitch_work/S1039b/ucla_runtime/UCLA_v4/aaout3
90c6bf09db4bfbc9ad32b7a276cce83c74394c08b2085e7faa26e4966d122eb7	7730	data/processed/deglitch_work/S1039b/ucla_runtime/UCLA_v4/aaout3.mat
0f29b8f216d4dfafacfb62a980c1c802e0838fc00ef9913136fe7a7da96c5439	179	data/processed/deglitch_work/S1039b/ucla_runtime/UCLA_v4/cclim.mat
a4f5bddd025e8bff941ffafbc11866f0f95948ee3b36bfdb2fc368b31276a5a5	181	data/processed/deglitch_work/S1039b/ucla_runtime/UCLA_v4/cclim2.mat
4d8ed6c646e307ce89b122204bd99d3e1eebdded62be6446d613c5779e4a9d32	1303974	data/processed/deglitch_work/S1039b/ucla_runtime/UCLA_v4/dc
7cc4f0dadc14c5da533e46532d4090954ea1f07f552792769191c29512798647	1018199	data/processed/deglitch_work/S1039b/ucla_runtime/UCLA_v4/dc.mat
4349134d158f2f9a130cda002003852f5a401989ff3360d77e28cccd07492d1c	226	data/processed/deglitch_work/S1039b/ucla_runtime/UCLA_v4/decimeFPGA.m
f2e4440a240c7409444b6faba95f46e4a866fe12880b3d39cbe9808af4601c63	299	data/processed/deglitch_work/S1039b/ucla_runtime/UCLA_v4/deriviti.m
d03256442fcd51b630446dccd82e15f8d87b3b29ec97018745d9c11ef73b8833	192	data/processed/deglitch_work/S1039b/ucla_runtime/UCLA_v4/errors.m
2d1bfd611786fd2e70f23d1d284c0237e408099b0a38ef32603e79afe9ed35d5	175	data/processed/deglitch_work/S1039b/ucla_runtime/UCLA_v4/fetch.mat
86901dd234de26e7fcfa8c76fbdf7f4b03e95913280393648e1346bacfb62d61	475	data/processed/deglitch_work/S1039b/ucla_runtime/UCLA_v4/findI1PG1P.m
26901d09a6160a982f3ebd408c8079bc6a6b0d595e308c6128c582edc019f459	2092	data/processed/deglitch_work/S1039b/ucla_runtime/UCLA_v4/findmaxs.m
169f5ee6fe580633b465bffdee1550af46101aef46a3093db08db5ca049440a7	1903	data/processed/deglitch_work/S1039b/ucla_runtime/UCLA_v4/func.m
c34983ca96989ae643e74d20c4bc99f5c4a95ce510ede0750867bec8a4652572	938	data/processed/deglitch_work/S1039b/ucla_runtime/UCLA_v4/funcConvGaussSpikeThree.m
0996a4b2d7d7437661faac556cec16ffa42ee2773dad91661b85ee9e9b259731	3218	data/processed/deglitch_work/S1039b/ucla_runtime/UCLA_v4/funcPeaker.m
0c899e161b58e547a0c7ad3c1974bb61188fa41b57cb0d3a3dd887b8f894e02d	659	data/processed/deglitch_work/S1039b/ucla_runtime/UCLA_v4/funcadjustTimes.m
3ee00247fdf49859f4f317f084f039e1f664362ec4a5cd9040798ded8e02da0e	155199	data/processed/deglitch_work/S1039b/ucla_runtime/UCLA_v4/green20sps.mat
5f8c70eb1a3c0f850f3f6f75c6a8cea42a6e70ce42b03f2593cd9d1d0ac8669e	15639	data/processed/deglitch_work/S1039b/ucla_runtime/UCLA_v4/green2sps.mat
a7d5f244fff6c2fb5d53760cc0f6c830b36e1dc4aa619745f52bd469f007a5d2	837	data/processed/deglitch_work/S1039b/ucla_runtime/UCLA_v4/greenfitExpCSpike20SPS.m
28cb00d8ea228efd8e4576e4ab34815069791916ee5ff45ea477d4543578238e	927	data/processed/deglitch_work/S1039b/ucla_runtime/UCLA_v4/greenfitSlope.m
b215fd424deede19266682be3aa44148527e088e902c4ba4a4974136b5dd42b2	154916	data/processed/deglitch_work/S1039b/ucla_runtime/UCLA_v4/greenspike.mat
97e8ec837cb54080c9c424c10c57189c5687062f9c8e62e831c10144d3dab917	447	data/processed/deglitch_work/S1039b/ucla_runtime/UCLA_v4/junk
fc419ab9ba26bc84eebff7c7ed621e3554c8384b7f8dbc07305d1dfa470b5673	3160148	data/processed/deglitch_work/S1039b/ucla_runtime/UCLA_v4/metadata/RESP.XB.ELYSE.02.BHU
df3f74ac2730027d03d28841e3bf591ac55919de29840e30f35a64984aff58fe	3246875	data/processed/deglitch_work/S1039b/ucla_runtime/UCLA_v4/metadata/RESP.XB.ELYSE.02.BHV
54e51ce083258ef3252bd5bc4499e50de1d3b80cacda113570ae7086cea48955	3158312	data/processed/deglitch_work/S1039b/ucla_runtime/UCLA_v4/metadata/RESP.XB.ELYSE.02.BHW
110f3de4e7d5f6e9467147f77383982e6446b36bb5a3f85ed6b4776be98d7f71	784592	data/processed/deglitch_work/S1039b/ucla_runtime/UCLA_v4/metadata/RESP.XB.ELYSE.02.MHU
6605374c270b77f2bd330bfc684ba0e4b593ff46f1149def3116152615ca843b	784592	data/processed/deglitch_work/S1039b/ucla_runtime/UCLA_v4/metadata/RESP.XB.ELYSE.02.MHV
a1832e0f3aac73fc23ab402c1d8761d01b05d3d1e0b907ff8dd1cebeb07338cf	784592	data/processed/deglitch_work/S1039b/ucla_runtime/UCLA_v4/metadata/RESP.XB.ELYSE.02.MHW
0a08dc49461f0d677667f525f54861a5dc27f1aa6919ac5413c7756a2f3f74f4	17048	data/processed/deglitch_work/S1039b/ucla_runtime/UCLA_v4/mkmseed.m
3d4167bcea896854ff3170bbfd2aff5df3e9ec497ad665512c4fd30a8ff867f3	744	data/processed/deglitch_work/S1039b/ucla_runtime/UCLA_v4/mylsq.m
b14eadd66699f5ab30c262b4adf1b692a7e73b20c7eff3997f56521f72e11c50	778	data/processed/deglitch_work/S1039b/ucla_runtime/UCLA_v4/plotresultsFinal.m
606adc66abc3cee5c3ff91122d0959a0150770d88111380f230bede24c5fe8e3	34676	data/processed/deglitch_work/S1039b/ucla_runtime/UCLA_v4/rdmseed.m
38593b70a5113fccf99c57174f67b6e9a6d9b730fa3efd1ec7c492f67f9568a0	2154	data/processed/deglitch_work/S1039b/ucla_runtime/UCLA_v4/read_resp_v2.m
7bdacba195f49d202ccbb337f712d221075032aec57af96dda00225cb6b08acd	472	data/processed/deglitch_work/S1039b/ucla_runtime/UCLA_v4/rephase.m
b0627fab5f9a446d6acc3338442d98de14152a99bb70bc324d506257a8daeada	1833	data/processed/deglitch_work/S1039b/ucla_runtime/UCLA_v4/stalta.m
978c1cb7440cae89163d4398793737be45a3e57a21c9100d63bdbaa63180912a	1642	data/processed/deglitch_work/S1039b/ucla_runtime/UCLA_v4/testSpikes.m
c2a412762ba1583f9fd7d1230ef005691129af7311ccf9b625e632843241e4a7	17	data/processed/deglitch_work/S1039b/ucla_runtime/UCLA_v4/wminus
084b67b078775bf08c15ed64018d0a91eaa95b9ab4da1e24183b8b2e59788af8	833	data/processed/deglitch_work/S1039b/ucla_runtime/UCLA_v4/y
ba8228acc15ed4753db95bd3c60252a64137118b58ee298695a945631dc08803	181248	data/processed/deglitch_work/S1048d/S1048d_mps_before_ucla.mseed
81bf58d40025772f6d94823d52c726529d46a0e2369b2f561f1d5a842c666bda	1253376	data/processed/deglitch_work/S1048d/S1048d_ucla.mseed
81e45bf2f942bbfab2372eb258ee56612c293811ccebead6eb4ab4c2f5c88d1e	314	data/processed/deglitch_work/S1048d/S1048d_ucla.mseed.ucla.json
c19784b3612bea7a322294e421dfb7e5059a00f65112d13d0da13715d126851e	417792	data/processed/deglitch_work/S1048d/ucla_mseed_parts/XB.ELYSE.02.BHU.2021.311
4f268d21a4f37ea65513611050bc8615611931ae3972d9e8f5edb4fa1ef72489	417792	data/processed/deglitch_work/S1048d/ucla_mseed_parts/XB.ELYSE.02.BHV.2021.311
05aaa947d2f8063900f7da9fd55b3e43df83ac7db6e868793290f7ea803c9f3f	417792	data/processed/deglitch_work/S1048d/ucla_mseed_parts/XB.ELYSE.02.BHW.2021.311
45ef8de3ef6e9502473611ab59c6bafdd9e29cf58682888d550a8cba312cbb82	994791	data/processed/deglitch_work/S1048d/ucla_results.mat
812a49dcca93168d48b33192d1d2058cea0185ffbdb15bd770a55cb828abda3f	120	data/processed/deglitch_work/S1048d/ucla_runtime/UCLA_v4/._MAIN.m
812a49dcca93168d48b33192d1d2058cea0185ffbdb15bd770a55cb828abda3f	120	data/processed/deglitch_work/S1048d/ucla_runtime/UCLA_v4/._MAIN20SPSJuly26.m
812a49dcca93168d48b33192d1d2058cea0185ffbdb15bd770a55cb828abda3f	120	data/processed/deglitch_work/S1048d/ucla_runtime/UCLA_v4/._MAIN2SPS.m
812a49dcca93168d48b33192d1d2058cea0185ffbdb15bd770a55cb828abda3f	120	data/processed/deglitch_work/S1048d/ucla_runtime/UCLA_v4/._PREP08.m
812a49dcca93168d48b33192d1d2058cea0185ffbdb15bd770a55cb828abda3f	120	data/processed/deglitch_work/S1048d/ucla_runtime/UCLA_v4/._PREPmkmseedNew.m
812a49dcca93168d48b33192d1d2058cea0185ffbdb15bd770a55cb828abda3f	120	data/processed/deglitch_work/S1048d/ucla_runtime/UCLA_v4/._TruncateXcov.m
812a49dcca93168d48b33192d1d2058cea0185ffbdb15bd770a55cb828abda3f	120	data/processed/deglitch_work/S1048d/ucla_runtime/UCLA_v4/._findmaxs.m
812a49dcca93168d48b33192d1d2058cea0185ffbdb15bd770a55cb828abda3f	120	data/processed/deglitch_work/S1048d/ucla_runtime/UCLA_v4/._func.m
812a49dcca93168d48b33192d1d2058cea0185ffbdb15bd770a55cb828abda3f	120	data/processed/deglitch_work/S1048d/ucla_runtime/UCLA_v4/._testSpikes.m
dc2899a90d04a1d1642827cca701af7a8bb95c17c794e0bbfff695cb50595405	184	data/processed/deglitch_work/S1048d/ucla_runtime/UCLA_v4/Conservative.mat
88a29a4c4bc1c6a43b8172890748d123e310141074f27be8e79beaa38b44c951	1028	data/processed/deglitch_work/S1048d/ucla_runtime/UCLA_v4/FindPrecursors.m
c28425c01be4ea7600a77944ed1b06b58151ab75d05a48c957567556ccf7eedf	2876	data/processed/deglitch_work/S1048d/ucla_runtime/UCLA_v4/MAIN.m
5b4be53f17dbf968abd360eb3bc7a203a4816a49a9d77f7b6101923000142236	5852	data/processed/deglitch_work/S1048d/ucla_runtime/UCLA_v4/MAIN20SPSJuly26.m
8ba27940cfcbca3ea091ff72218d8196f9c568727646206db74ee4a5a76d707c	2811	data/processed/deglitch_work/S1048d/ucla_runtime/UCLA_v4/MAIN20SPSReconcile.m
e4cc9c3ad46f8f153fc4bb4fc16ad6ada1770be3be69718f73e0cbd79d3eecfa	2542	data/processed/deglitch_work/S1048d/ucla_runtime/UCLA_v4/MAIN20SPSReconcileNew.m
dec95e6132a0452dfdfa088c130af5ef36ba42c3fcbba6b0429116372a7e8c66	2538	data/processed/deglitch_work/S1048d/ucla_runtime/UCLA_v4/MAIN20SPSReconcileNew.m~
f1d4808322e0eca5f14cda83e962ec115f1bee52d920af00530ccdc7fa4f1ab1	2821	data/processed/deglitch_work/S1048d/ucla_runtime/UCLA_v4/MAIN2SPS.m
157dd036a546ba62631ade4ebe8a2fa61179a55b51f34fdec2605ac736f147b4	1949	data/processed/deglitch_work/S1048d/ucla_runtime/UCLA_v4/MakeGlitch.m
52f5addeda49f642dba28b8ec840197c725b506f9ddaf67c644212fa89350d8e	181	data/processed/deglitch_work/S1048d/ucla_runtime/UCLA_v4/NLIMspike.mat
04d2cf0718e7f4d888f03538216e3ea09d47d9413c0cd14993ae7effb2388ab1	511	data/processed/deglitch_work/S1048d/ucla_runtime/UCLA_v4/NSpikeFloatGreenLine.m
34d81214d8851a20a2e2489cb4b7a39fb9988bd39f7ba5130dcc1926bcc92e1c	178	data/processed/deglitch_work/S1048d/ucla_runtime/UCLA_v4/Nlevel.mat
77dade4e3e4875f9937f762dc4948903fe7336ff62aed43b23ae8bc4eb746695	1261	data/processed/deglitch_work/S1048d/ucla_runtime/UCLA_v4/PFO_div2.txt
3cd93fb164e83a6e0af241535afbcde3fb1ac7c4fb1bdb69f527521b9d68a8de	2436	data/processed/deglitch_work/S1048d/ucla_runtime/UCLA_v4/PFO_div5.txt
4332dfc92a0a5f20043845ff47147a17d70f6eefb2e3a4efb06b2fd296f6a75f	1944	data/processed/deglitch_work/S1048d/ucla_runtime/UCLA_v4/PREP03.m
04251c9e9012937fd4a1cca54c3dd19c1683300fbd8912afc3e583f666108c88	2553	data/processed/deglitch_work/S1048d/ucla_runtime/UCLA_v4/PREP08.m
9b41e10e7f72de36df8c77193dc2f3bdbaf248d84568400d94bf127be15991d3	1864	data/processed/deglitch_work/S1048d/ucla_runtime/UCLA_v4/PREP39.m
b67b43101764998deeaddb3ff57f454ae0a37182b808b310ae2945988af2fd90	1068	data/processed/deglitch_work/S1048d/ucla_runtime/UCLA_v4/PREPmkmseed.m
8c76812821b0b125644abbe5e2ae83aae9e7d6fd1d909ed720845dbfb57195ff	1392	data/processed/deglitch_work/S1048d/ucla_runtime/UCLA_v4/PREPmkmseedNew.m
9921518f8e9d4cde172edec6e08f50206f1456f10d509e8044958a1e022d23b5	1223	data/processed/deglitch_work/S1048d/ucla_runtime/UCLA_v4/PlotFinalNew.m
e2e048539122c61b800a66533394a4ffa7ffad663bc77e4220feea1f3e3261fb	1280	data/processed/deglitch_work/S1048d/ucla_runtime/UCLA_v4/PlotFinalNew2SPS.m
2c3c2cbeef099247b3271e85cbb569f1d0387388c9af84c3247131497a701570	398	data/processed/deglitch_work/S1048d/ucla_runtime/UCLA_v4/QuickClean.m
a988a011241e2919fd0307c7b9ac92e00ab2e12519905daf2440b0a7dce520a0	486	data/processed/deglitch_work/S1048d/ucla_runtime/UCLA_v4/README.m
a12273552c871602813ad807cc0e44c5c9c15bf85ac40e6546fe9790afd44450	510464	data/processed/deglitch_work/S1048d/ucla_runtime/UCLA_v4/S0235b_VBB.mseed
3339b5a792b6ce451d3ca994af140261d41567be9ff572b5e1e84cc5339e7521	610	data/processed/deglitch_work/S1048d/ucla_runtime/UCLA_v4/SampleFraction.m
8f6098dcea352194b5c896a5d46fde54c68528fd1019503b9f1c4be573aa0e1f	378	data/processed/deglitch_work/S1048d/ucla_runtime/UCLA_v4/TruncateXcov.m
cc6f80160a6579c38b91b240fb969950edd2382ee49637c2795c053a29f67153	2102	data/processed/deglitch_work/S1048d/ucla_runtime/UCLA_v4/XseedDataFDS.m
dda0d9c9ca7efb7ede784e71e48ea64407edad9dabfd407b08912db008a2dc00	6335	data/processed/deglitch_work/S1048d/ucla_runtime/UCLA_v4/aaout3
90c6bf09db4bfbc9ad32b7a276cce83c74394c08b2085e7faa26e4966d122eb7	7730	data/processed/deglitch_work/S1048d/ucla_runtime/UCLA_v4/aaout3.mat
0f29b8f216d4dfafacfb62a980c1c802e0838fc00ef9913136fe7a7da96c5439	179	data/processed/deglitch_work/S1048d/ucla_runtime/UCLA_v4/cclim.mat
a4f5bddd025e8bff941ffafbc11866f0f95948ee3b36bfdb2fc368b31276a5a5	181	data/processed/deglitch_work/S1048d/ucla_runtime/UCLA_v4/cclim2.mat
b582b00e8a0c7ffe89571823579f08e4fc802679de1e42e0f40645382025a333	1290976	data/processed/deglitch_work/S1048d/ucla_runtime/UCLA_v4/dc
7cc4f0dadc14c5da533e46532d4090954ea1f07f552792769191c29512798647	1018199	data/processed/deglitch_work/S1048d/ucla_runtime/UCLA_v4/dc.mat
4349134d158f2f9a130cda002003852f5a401989ff3360d77e28cccd07492d1c	226	data/processed/deglitch_work/S1048d/ucla_runtime/UCLA_v4/decimeFPGA.m
f2e4440a240c7409444b6faba95f46e4a866fe12880b3d39cbe9808af4601c63	299	data/processed/deglitch_work/S1048d/ucla_runtime/UCLA_v4/deriviti.m
d03256442fcd51b630446dccd82e15f8d87b3b29ec97018745d9c11ef73b8833	192	data/processed/deglitch_work/S1048d/ucla_runtime/UCLA_v4/errors.m
2d1bfd611786fd2e70f23d1d284c0237e408099b0a38ef32603e79afe9ed35d5	175	data/processed/deglitch_work/S1048d/ucla_runtime/UCLA_v4/fetch.mat
86901dd234de26e7fcfa8c76fbdf7f4b03e95913280393648e1346bacfb62d61	475	data/processed/deglitch_work/S1048d/ucla_runtime/UCLA_v4/findI1PG1P.m
26901d09a6160a982f3ebd408c8079bc6a6b0d595e308c6128c582edc019f459	2092	data/processed/deglitch_work/S1048d/ucla_runtime/UCLA_v4/findmaxs.m
169f5ee6fe580633b465bffdee1550af46101aef46a3093db08db5ca049440a7	1903	data/processed/deglitch_work/S1048d/ucla_runtime/UCLA_v4/func.m
c34983ca96989ae643e74d20c4bc99f5c4a95ce510ede0750867bec8a4652572	938	data/processed/deglitch_work/S1048d/ucla_runtime/UCLA_v4/funcConvGaussSpikeThree.m
0996a4b2d7d7437661faac556cec16ffa42ee2773dad91661b85ee9e9b259731	3218	data/processed/deglitch_work/S1048d/ucla_runtime/UCLA_v4/funcPeaker.m
0c899e161b58e547a0c7ad3c1974bb61188fa41b57cb0d3a3dd887b8f894e02d	659	data/processed/deglitch_work/S1048d/ucla_runtime/UCLA_v4/funcadjustTimes.m
3ee00247fdf49859f4f317f084f039e1f664362ec4a5cd9040798ded8e02da0e	155199	data/processed/deglitch_work/S1048d/ucla_runtime/UCLA_v4/green20sps.mat
5f8c70eb1a3c0f850f3f6f75c6a8cea42a6e70ce42b03f2593cd9d1d0ac8669e	15639	data/processed/deglitch_work/S1048d/ucla_runtime/UCLA_v4/green2sps.mat
a7d5f244fff6c2fb5d53760cc0f6c830b36e1dc4aa619745f52bd469f007a5d2	837	data/processed/deglitch_work/S1048d/ucla_runtime/UCLA_v4/greenfitExpCSpike20SPS.m
28cb00d8ea228efd8e4576e4ab34815069791916ee5ff45ea477d4543578238e	927	data/processed/deglitch_work/S1048d/ucla_runtime/UCLA_v4/greenfitSlope.m
b215fd424deede19266682be3aa44148527e088e902c4ba4a4974136b5dd42b2	154916	data/processed/deglitch_work/S1048d/ucla_runtime/UCLA_v4/greenspike.mat
97e8ec837cb54080c9c424c10c57189c5687062f9c8e62e831c10144d3dab917	447	data/processed/deglitch_work/S1048d/ucla_runtime/UCLA_v4/junk
fc419ab9ba26bc84eebff7c7ed621e3554c8384b7f8dbc07305d1dfa470b5673	3160148	data/processed/deglitch_work/S1048d/ucla_runtime/UCLA_v4/metadata/RESP.XB.ELYSE.02.BHU
df3f74ac2730027d03d28841e3bf591ac55919de29840e30f35a64984aff58fe	3246875	data/processed/deglitch_work/S1048d/ucla_runtime/UCLA_v4/metadata/RESP.XB.ELYSE.02.BHV
54e51ce083258ef3252bd5bc4499e50de1d3b80cacda113570ae7086cea48955	3158312	data/processed/deglitch_work/S1048d/ucla_runtime/UCLA_v4/metadata/RESP.XB.ELYSE.02.BHW
110f3de4e7d5f6e9467147f77383982e6446b36bb5a3f85ed6b4776be98d7f71	784592	data/processed/deglitch_work/S1048d/ucla_runtime/UCLA_v4/metadata/RESP.XB.ELYSE.02.MHU
6605374c270b77f2bd330bfc684ba0e4b593ff46f1149def3116152615ca843b	784592	data/processed/deglitch_work/S1048d/ucla_runtime/UCLA_v4/metadata/RESP.XB.ELYSE.02.MHV
a1832e0f3aac73fc23ab402c1d8761d01b05d3d1e0b907ff8dd1cebeb07338cf	784592	data/processed/deglitch_work/S1048d/ucla_runtime/UCLA_v4/metadata/RESP.XB.ELYSE.02.MHW
0a08dc49461f0d677667f525f54861a5dc27f1aa6919ac5413c7756a2f3f74f4	17048	data/processed/deglitch_work/S1048d/ucla_runtime/UCLA_v4/mkmseed.m
3d4167bcea896854ff3170bbfd2aff5df3e9ec497ad665512c4fd30a8ff867f3	744	data/processed/deglitch_work/S1048d/ucla_runtime/UCLA_v4/mylsq.m
b14eadd66699f5ab30c262b4adf1b692a7e73b20c7eff3997f56521f72e11c50	778	data/processed/deglitch_work/S1048d/ucla_runtime/UCLA_v4/plotresultsFinal.m
606adc66abc3cee5c3ff91122d0959a0150770d88111380f230bede24c5fe8e3	34676	data/processed/deglitch_work/S1048d/ucla_runtime/UCLA_v4/rdmseed.m
38593b70a5113fccf99c57174f67b6e9a6d9b730fa3efd1ec7c492f67f9568a0	2154	data/processed/deglitch_work/S1048d/ucla_runtime/UCLA_v4/read_resp_v2.m
7bdacba195f49d202ccbb337f712d221075032aec57af96dda00225cb6b08acd	472	data/processed/deglitch_work/S1048d/ucla_runtime/UCLA_v4/rephase.m
b0627fab5f9a446d6acc3338442d98de14152a99bb70bc324d506257a8daeada	1833	data/processed/deglitch_work/S1048d/ucla_runtime/UCLA_v4/stalta.m
978c1cb7440cae89163d4398793737be45a3e57a21c9100d63bdbaa63180912a	1642	data/processed/deglitch_work/S1048d/ucla_runtime/UCLA_v4/testSpikes.m
c2a412762ba1583f9fd7d1230ef005691129af7311ccf9b625e632843241e4a7	17	data/processed/deglitch_work/S1048d/ucla_runtime/UCLA_v4/wminus
084b67b078775bf08c15ed64018d0a91eaa95b9ab4da1e24183b8b2e59788af8	833	data/processed/deglitch_work/S1048d/ucla_runtime/UCLA_v4/y
bf0bf57dee0d7eca09e8ba13602c29b691a8d61e4c72c406b27648a11d320829	209920	data/processed/deglitch_work/S1102a/S1102a_mps_before_ucla.mseed
ddc25f9f573fc966d5f3bdeb52554e1933bfc5f65f8c74fde5e893b48c86ae21	1253376	data/processed/deglitch_work/S1102a/S1102a_ucla.mseed
5e95f1ab17b51e88bb96e7100c7765d8e151b8ca77458925bc920651d1ccd943	314	data/processed/deglitch_work/S1102a/S1102a_ucla.mseed.ucla.json
defece0998d1ef310d4a504e98d4144be101fa31afc774ac09bac9f88154387a	417792	data/processed/deglitch_work/S1102a/ucla_mseed_parts/XB.ELYSE.02.BHU.2022.002
c3d52867d80f0627c10bda57af67d67c9820e95c7869812c68ac64f3476732fd	417792	data/processed/deglitch_work/S1102a/ucla_mseed_parts/XB.ELYSE.02.BHV.2022.002
b27d4823a1d42e0f2b206f67424dce73deff5bd5a6d1d15f0500d738ecff0c69	417792	data/processed/deglitch_work/S1102a/ucla_mseed_parts/XB.ELYSE.02.BHW.2022.002
a2c2e3b52c36a4d015e44591379014da032be033ca4ef4edf9d88aa0748c180c	1023311	data/processed/deglitch_work/S1102a/ucla_results.mat
812a49dcca93168d48b33192d1d2058cea0185ffbdb15bd770a55cb828abda3f	120	data/processed/deglitch_work/S1102a/ucla_runtime/UCLA_v4/._MAIN.m
812a49dcca93168d48b33192d1d2058cea0185ffbdb15bd770a55cb828abda3f	120	data/processed/deglitch_work/S1102a/ucla_runtime/UCLA_v4/._MAIN20SPSJuly26.m
812a49dcca93168d48b33192d1d2058cea0185ffbdb15bd770a55cb828abda3f	120	data/processed/deglitch_work/S1102a/ucla_runtime/UCLA_v4/._MAIN2SPS.m
812a49dcca93168d48b33192d1d2058cea0185ffbdb15bd770a55cb828abda3f	120	data/processed/deglitch_work/S1102a/ucla_runtime/UCLA_v4/._PREP08.m
812a49dcca93168d48b33192d1d2058cea0185ffbdb15bd770a55cb828abda3f	120	data/processed/deglitch_work/S1102a/ucla_runtime/UCLA_v4/._PREPmkmseedNew.m
812a49dcca93168d48b33192d1d2058cea0185ffbdb15bd770a55cb828abda3f	120	data/processed/deglitch_work/S1102a/ucla_runtime/UCLA_v4/._TruncateXcov.m
812a49dcca93168d48b33192d1d2058cea0185ffbdb15bd770a55cb828abda3f	120	data/processed/deglitch_work/S1102a/ucla_runtime/UCLA_v4/._findmaxs.m
812a49dcca93168d48b33192d1d2058cea0185ffbdb15bd770a55cb828abda3f	120	data/processed/deglitch_work/S1102a/ucla_runtime/UCLA_v4/._func.m
812a49dcca93168d48b33192d1d2058cea0185ffbdb15bd770a55cb828abda3f	120	data/processed/deglitch_work/S1102a/ucla_runtime/UCLA_v4/._testSpikes.m
dc2899a90d04a1d1642827cca701af7a8bb95c17c794e0bbfff695cb50595405	184	data/processed/deglitch_work/S1102a/ucla_runtime/UCLA_v4/Conservative.mat
88a29a4c4bc1c6a43b8172890748d123e310141074f27be8e79beaa38b44c951	1028	data/processed/deglitch_work/S1102a/ucla_runtime/UCLA_v4/FindPrecursors.m
c28425c01be4ea7600a77944ed1b06b58151ab75d05a48c957567556ccf7eedf	2876	data/processed/deglitch_work/S1102a/ucla_runtime/UCLA_v4/MAIN.m
5b4be53f17dbf968abd360eb3bc7a203a4816a49a9d77f7b6101923000142236	5852	data/processed/deglitch_work/S1102a/ucla_runtime/UCLA_v4/MAIN20SPSJuly26.m
8ba27940cfcbca3ea091ff72218d8196f9c568727646206db74ee4a5a76d707c	2811	data/processed/deglitch_work/S1102a/ucla_runtime/UCLA_v4/MAIN20SPSReconcile.m
e4cc9c3ad46f8f153fc4bb4fc16ad6ada1770be3be69718f73e0cbd79d3eecfa	2542	data/processed/deglitch_work/S1102a/ucla_runtime/UCLA_v4/MAIN20SPSReconcileNew.m
dec95e6132a0452dfdfa088c130af5ef36ba42c3fcbba6b0429116372a7e8c66	2538	data/processed/deglitch_work/S1102a/ucla_runtime/UCLA_v4/MAIN20SPSReconcileNew.m~
f1d4808322e0eca5f14cda83e962ec115f1bee52d920af00530ccdc7fa4f1ab1	2821	data/processed/deglitch_work/S1102a/ucla_runtime/UCLA_v4/MAIN2SPS.m
157dd036a546ba62631ade4ebe8a2fa61179a55b51f34fdec2605ac736f147b4	1949	data/processed/deglitch_work/S1102a/ucla_runtime/UCLA_v4/MakeGlitch.m
52f5addeda49f642dba28b8ec840197c725b506f9ddaf67c644212fa89350d8e	181	data/processed/deglitch_work/S1102a/ucla_runtime/UCLA_v4/NLIMspike.mat
04d2cf0718e7f4d888f03538216e3ea09d47d9413c0cd14993ae7effb2388ab1	511	data/processed/deglitch_work/S1102a/ucla_runtime/UCLA_v4/NSpikeFloatGreenLine.m
34d81214d8851a20a2e2489cb4b7a39fb9988bd39f7ba5130dcc1926bcc92e1c	178	data/processed/deglitch_work/S1102a/ucla_runtime/UCLA_v4/Nlevel.mat
77dade4e3e4875f9937f762dc4948903fe7336ff62aed43b23ae8bc4eb746695	1261	data/processed/deglitch_work/S1102a/ucla_runtime/UCLA_v4/PFO_div2.txt
3cd93fb164e83a6e0af241535afbcde3fb1ac7c4fb1bdb69f527521b9d68a8de	2436	data/processed/deglitch_work/S1102a/ucla_runtime/UCLA_v4/PFO_div5.txt
4332dfc92a0a5f20043845ff47147a17d70f6eefb2e3a4efb06b2fd296f6a75f	1944	data/processed/deglitch_work/S1102a/ucla_runtime/UCLA_v4/PREP03.m
04251c9e9012937fd4a1cca54c3dd19c1683300fbd8912afc3e583f666108c88	2553	data/processed/deglitch_work/S1102a/ucla_runtime/UCLA_v4/PREP08.m
9b41e10e7f72de36df8c77193dc2f3bdbaf248d84568400d94bf127be15991d3	1864	data/processed/deglitch_work/S1102a/ucla_runtime/UCLA_v4/PREP39.m
b67b43101764998deeaddb3ff57f454ae0a37182b808b310ae2945988af2fd90	1068	data/processed/deglitch_work/S1102a/ucla_runtime/UCLA_v4/PREPmkmseed.m
8c76812821b0b125644abbe5e2ae83aae9e7d6fd1d909ed720845dbfb57195ff	1392	data/processed/deglitch_work/S1102a/ucla_runtime/UCLA_v4/PREPmkmseedNew.m
9921518f8e9d4cde172edec6e08f50206f1456f10d509e8044958a1e022d23b5	1223	data/processed/deglitch_work/S1102a/ucla_runtime/UCLA_v4/PlotFinalNew.m
e2e048539122c61b800a66533394a4ffa7ffad663bc77e4220feea1f3e3261fb	1280	data/processed/deglitch_work/S1102a/ucla_runtime/UCLA_v4/PlotFinalNew2SPS.m
2c3c2cbeef099247b3271e85cbb569f1d0387388c9af84c3247131497a701570	398	data/processed/deglitch_work/S1102a/ucla_runtime/UCLA_v4/QuickClean.m
a988a011241e2919fd0307c7b9ac92e00ab2e12519905daf2440b0a7dce520a0	486	data/processed/deglitch_work/S1102a/ucla_runtime/UCLA_v4/README.m
a12273552c871602813ad807cc0e44c5c9c15bf85ac40e6546fe9790afd44450	510464	data/processed/deglitch_work/S1102a/ucla_runtime/UCLA_v4/S0235b_VBB.mseed
3339b5a792b6ce451d3ca994af140261d41567be9ff572b5e1e84cc5339e7521	610	data/processed/deglitch_work/S1102a/ucla_runtime/UCLA_v4/SampleFraction.m
8f6098dcea352194b5c896a5d46fde54c68528fd1019503b9f1c4be573aa0e1f	378	data/processed/deglitch_work/S1102a/ucla_runtime/UCLA_v4/TruncateXcov.m
cc6f80160a6579c38b91b240fb969950edd2382ee49637c2795c053a29f67153	2102	data/processed/deglitch_work/S1102a/ucla_runtime/UCLA_v4/XseedDataFDS.m
8c6e80b243058749f754cd4755c0f62be4a851ffa786845e0d0c939df7f21811	3559	data/processed/deglitch_work/S1102a/ucla_runtime/UCLA_v4/aaout3
90c6bf09db4bfbc9ad32b7a276cce83c74394c08b2085e7faa26e4966d122eb7	7730	data/processed/deglitch_work/S1102a/ucla_runtime/UCLA_v4/aaout3.mat
0f29b8f216d4dfafacfb62a980c1c802e0838fc00ef9913136fe7a7da96c5439	179	data/processed/deglitch_work/S1102a/ucla_runtime/UCLA_v4/cclim.mat
a4f5bddd025e8bff941ffafbc11866f0f95948ee3b36bfdb2fc368b31276a5a5	181	data/processed/deglitch_work/S1102a/ucla_runtime/UCLA_v4/cclim2.mat
59632707b381afe6c89c35427da2216a495c5b12b83f3a81a02814f4cabd555c	1319844	data/processed/deglitch_work/S1102a/ucla_runtime/UCLA_v4/dc
7cc4f0dadc14c5da533e46532d4090954ea1f07f552792769191c29512798647	1018199	data/processed/deglitch_work/S1102a/ucla_runtime/UCLA_v4/dc.mat
4349134d158f2f9a130cda002003852f5a401989ff3360d77e28cccd07492d1c	226	data/processed/deglitch_work/S1102a/ucla_runtime/UCLA_v4/decimeFPGA.m
f2e4440a240c7409444b6faba95f46e4a866fe12880b3d39cbe9808af4601c63	299	data/processed/deglitch_work/S1102a/ucla_runtime/UCLA_v4/deriviti.m
d03256442fcd51b630446dccd82e15f8d87b3b29ec97018745d9c11ef73b8833	192	data/processed/deglitch_work/S1102a/ucla_runtime/UCLA_v4/errors.m
2d1bfd611786fd2e70f23d1d284c0237e408099b0a38ef32603e79afe9ed35d5	175	data/processed/deglitch_work/S1102a/ucla_runtime/UCLA_v4/fetch.mat
86901dd234de26e7fcfa8c76fbdf7f4b03e95913280393648e1346bacfb62d61	475	data/processed/deglitch_work/S1102a/ucla_runtime/UCLA_v4/findI1PG1P.m
26901d09a6160a982f3ebd408c8079bc6a6b0d595e308c6128c582edc019f459	2092	data/processed/deglitch_work/S1102a/ucla_runtime/UCLA_v4/findmaxs.m
169f5ee6fe580633b465bffdee1550af46101aef46a3093db08db5ca049440a7	1903	data/processed/deglitch_work/S1102a/ucla_runtime/UCLA_v4/func.m
c34983ca96989ae643e74d20c4bc99f5c4a95ce510ede0750867bec8a4652572	938	data/processed/deglitch_work/S1102a/ucla_runtime/UCLA_v4/funcConvGaussSpikeThree.m
0996a4b2d7d7437661faac556cec16ffa42ee2773dad91661b85ee9e9b259731	3218	data/processed/deglitch_work/S1102a/ucla_runtime/UCLA_v4/funcPeaker.m
0c899e161b58e547a0c7ad3c1974bb61188fa41b57cb0d3a3dd887b8f894e02d	659	data/processed/deglitch_work/S1102a/ucla_runtime/UCLA_v4/funcadjustTimes.m
3ee00247fdf49859f4f317f084f039e1f664362ec4a5cd9040798ded8e02da0e	155199	data/processed/deglitch_work/S1102a/ucla_runtime/UCLA_v4/green20sps.mat
5f8c70eb1a3c0f850f3f6f75c6a8cea42a6e70ce42b03f2593cd9d1d0ac8669e	15639	data/processed/deglitch_work/S1102a/ucla_runtime/UCLA_v4/green2sps.mat
a7d5f244fff6c2fb5d53760cc0f6c830b36e1dc4aa619745f52bd469f007a5d2	837	data/processed/deglitch_work/S1102a/ucla_runtime/UCLA_v4/greenfitExpCSpike20SPS.m
28cb00d8ea228efd8e4576e4ab34815069791916ee5ff45ea477d4543578238e	927	data/processed/deglitch_work/S1102a/ucla_runtime/UCLA_v4/greenfitSlope.m
b215fd424deede19266682be3aa44148527e088e902c4ba4a4974136b5dd42b2	154916	data/processed/deglitch_work/S1102a/ucla_runtime/UCLA_v4/greenspike.mat
97e8ec837cb54080c9c424c10c57189c5687062f9c8e62e831c10144d3dab917	447	data/processed/deglitch_work/S1102a/ucla_runtime/UCLA_v4/junk
fc419ab9ba26bc84eebff7c7ed621e3554c8384b7f8dbc07305d1dfa470b5673	3160148	data/processed/deglitch_work/S1102a/ucla_runtime/UCLA_v4/metadata/RESP.XB.ELYSE.02.BHU
df3f74ac2730027d03d28841e3bf591ac55919de29840e30f35a64984aff58fe	3246875	data/processed/deglitch_work/S1102a/ucla_runtime/UCLA_v4/metadata/RESP.XB.ELYSE.02.BHV
54e51ce083258ef3252bd5bc4499e50de1d3b80cacda113570ae7086cea48955	3158312	data/processed/deglitch_work/S1102a/ucla_runtime/UCLA_v4/metadata/RESP.XB.ELYSE.02.BHW
110f3de4e7d5f6e9467147f77383982e6446b36bb5a3f85ed6b4776be98d7f71	784592	data/processed/deglitch_work/S1102a/ucla_runtime/UCLA_v4/metadata/RESP.XB.ELYSE.02.MHU
6605374c270b77f2bd330bfc684ba0e4b593ff46f1149def3116152615ca843b	784592	data/processed/deglitch_work/S1102a/ucla_runtime/UCLA_v4/metadata/RESP.XB.ELYSE.02.MHV
a1832e0f3aac73fc23ab402c1d8761d01b05d3d1e0b907ff8dd1cebeb07338cf	784592	data/processed/deglitch_work/S1102a/ucla_runtime/UCLA_v4/metadata/RESP.XB.ELYSE.02.MHW
0a08dc49461f0d677667f525f54861a5dc27f1aa6919ac5413c7756a2f3f74f4	17048	data/processed/deglitch_work/S1102a/ucla_runtime/UCLA_v4/mkmseed.m
3d4167bcea896854ff3170bbfd2aff5df3e9ec497ad665512c4fd30a8ff867f3	744	data/processed/deglitch_work/S1102a/ucla_runtime/UCLA_v4/mylsq.m
b14eadd66699f5ab30c262b4adf1b692a7e73b20c7eff3997f56521f72e11c50	778	data/processed/deglitch_work/S1102a/ucla_runtime/UCLA_v4/plotresultsFinal.m
606adc66abc3cee5c3ff91122d0959a0150770d88111380f230bede24c5fe8e3	34676	data/processed/deglitch_work/S1102a/ucla_runtime/UCLA_v4/rdmseed.m
38593b70a5113fccf99c57174f67b6e9a6d9b730fa3efd1ec7c492f67f9568a0	2154	data/processed/deglitch_work/S1102a/ucla_runtime/UCLA_v4/read_resp_v2.m
7bdacba195f49d202ccbb337f712d221075032aec57af96dda00225cb6b08acd	472	data/processed/deglitch_work/S1102a/ucla_runtime/UCLA_v4/rephase.m
b0627fab5f9a446d6acc3338442d98de14152a99bb70bc324d506257a8daeada	1833	data/processed/deglitch_work/S1102a/ucla_runtime/UCLA_v4/stalta.m
978c1cb7440cae89163d4398793737be45a3e57a21c9100d63bdbaa63180912a	1642	data/processed/deglitch_work/S1102a/ucla_runtime/UCLA_v4/testSpikes.m
c2a412762ba1583f9fd7d1230ef005691129af7311ccf9b625e632843241e4a7	17	data/processed/deglitch_work/S1102a/ucla_runtime/UCLA_v4/wminus
084b67b078775bf08c15ed64018d0a91eaa95b9ab4da1e24183b8b2e59788af8	833	data/processed/deglitch_work/S1102a/ucla_runtime/UCLA_v4/y
8f45b11eb24fb5ff2f20415b2725e558c2cb375ab824a3dd1a67f3bebd48eea9	191488	data/processed/deglitch_work/S1133c/S1133c_mps_before_ucla.mseed
798eb25c2adab75c4982901486fc4e8925ee5fe0a87e8c945cc2adc27fce7eaa	1253376	data/processed/deglitch_work/S1133c/S1133c_ucla.mseed
03eb7e31e7ae0c21be7d9afd674bb918a951d3e913dd29f453ae5ae0c0761b6f	314	data/processed/deglitch_work/S1133c/S1133c_ucla.mseed.ucla.json
926994b6b02495ef3f15281e01c160adc91430d85c31969adcc75e6f739e6038	417792	data/processed/deglitch_work/S1133c/ucla_mseed_parts/XB.ELYSE.02.BHU.2022.034
3d53a40089b17f8a0c163196426268db1a0edfe206886fedb4b9bcc10da228f2	417792	data/processed/deglitch_work/S1133c/ucla_mseed_parts/XB.ELYSE.02.BHV.2022.034
1e2be147dc755cda700b8017cb7491ccaf032023a623fcc55c7821adb297ef22	417792	data/processed/deglitch_work/S1133c/ucla_mseed_parts/XB.ELYSE.02.BHW.2022.034
959c93928e4c8491e42d0fe6c0fc513cc543da0e3b4da7715fec921ab6645624	1018128	data/processed/deglitch_work/S1133c/ucla_results.mat
812a49dcca93168d48b33192d1d2058cea0185ffbdb15bd770a55cb828abda3f	120	data/processed/deglitch_work/S1133c/ucla_runtime/UCLA_v4/._MAIN.m
812a49dcca93168d48b33192d1d2058cea0185ffbdb15bd770a55cb828abda3f	120	data/processed/deglitch_work/S1133c/ucla_runtime/UCLA_v4/._MAIN20SPSJuly26.m
812a49dcca93168d48b33192d1d2058cea0185ffbdb15bd770a55cb828abda3f	120	data/processed/deglitch_work/S1133c/ucla_runtime/UCLA_v4/._MAIN2SPS.m
812a49dcca93168d48b33192d1d2058cea0185ffbdb15bd770a55cb828abda3f	120	data/processed/deglitch_work/S1133c/ucla_runtime/UCLA_v4/._PREP08.m
812a49dcca93168d48b33192d1d2058cea0185ffbdb15bd770a55cb828abda3f	120	data/processed/deglitch_work/S1133c/ucla_runtime/UCLA_v4/._PREPmkmseedNew.m
812a49dcca93168d48b33192d1d2058cea0185ffbdb15bd770a55cb828abda3f	120	data/processed/deglitch_work/S1133c/ucla_runtime/UCLA_v4/._TruncateXcov.m
812a49dcca93168d48b33192d1d2058cea0185ffbdb15bd770a55cb828abda3f	120	data/processed/deglitch_work/S1133c/ucla_runtime/UCLA_v4/._findmaxs.m
812a49dcca93168d48b33192d1d2058cea0185ffbdb15bd770a55cb828abda3f	120	data/processed/deglitch_work/S1133c/ucla_runtime/UCLA_v4/._func.m
812a49dcca93168d48b33192d1d2058cea0185ffbdb15bd770a55cb828abda3f	120	data/processed/deglitch_work/S1133c/ucla_runtime/UCLA_v4/._testSpikes.m
dc2899a90d04a1d1642827cca701af7a8bb95c17c794e0bbfff695cb50595405	184	data/processed/deglitch_work/S1133c/ucla_runtime/UCLA_v4/Conservative.mat
88a29a4c4bc1c6a43b8172890748d123e310141074f27be8e79beaa38b44c951	1028	data/processed/deglitch_work/S1133c/ucla_runtime/UCLA_v4/FindPrecursors.m
c28425c01be4ea7600a77944ed1b06b58151ab75d05a48c957567556ccf7eedf	2876	data/processed/deglitch_work/S1133c/ucla_runtime/UCLA_v4/MAIN.m
5b4be53f17dbf968abd360eb3bc7a203a4816a49a9d77f7b6101923000142236	5852	data/processed/deglitch_work/S1133c/ucla_runtime/UCLA_v4/MAIN20SPSJuly26.m
8ba27940cfcbca3ea091ff72218d8196f9c568727646206db74ee4a5a76d707c	2811	data/processed/deglitch_work/S1133c/ucla_runtime/UCLA_v4/MAIN20SPSReconcile.m
e4cc9c3ad46f8f153fc4bb4fc16ad6ada1770be3be69718f73e0cbd79d3eecfa	2542	data/processed/deglitch_work/S1133c/ucla_runtime/UCLA_v4/MAIN20SPSReconcileNew.m
dec95e6132a0452dfdfa088c130af5ef36ba42c3fcbba6b0429116372a7e8c66	2538	data/processed/deglitch_work/S1133c/ucla_runtime/UCLA_v4/MAIN20SPSReconcileNew.m~
f1d4808322e0eca5f14cda83e962ec115f1bee52d920af00530ccdc7fa4f1ab1	2821	data/processed/deglitch_work/S1133c/ucla_runtime/UCLA_v4/MAIN2SPS.m
157dd036a546ba62631ade4ebe8a2fa61179a55b51f34fdec2605ac736f147b4	1949	data/processed/deglitch_work/S1133c/ucla_runtime/UCLA_v4/MakeGlitch.m
52f5addeda49f642dba28b8ec840197c725b506f9ddaf67c644212fa89350d8e	181	data/processed/deglitch_work/S1133c/ucla_runtime/UCLA_v4/NLIMspike.mat
04d2cf0718e7f4d888f03538216e3ea09d47d9413c0cd14993ae7effb2388ab1	511	data/processed/deglitch_work/S1133c/ucla_runtime/UCLA_v4/NSpikeFloatGreenLine.m
34d81214d8851a20a2e2489cb4b7a39fb9988bd39f7ba5130dcc1926bcc92e1c	178	data/processed/deglitch_work/S1133c/ucla_runtime/UCLA_v4/Nlevel.mat
77dade4e3e4875f9937f762dc4948903fe7336ff62aed43b23ae8bc4eb746695	1261	data/processed/deglitch_work/S1133c/ucla_runtime/UCLA_v4/PFO_div2.txt
3cd93fb164e83a6e0af241535afbcde3fb1ac7c4fb1bdb69f527521b9d68a8de	2436	data/processed/deglitch_work/S1133c/ucla_runtime/UCLA_v4/PFO_div5.txt
4332dfc92a0a5f20043845ff47147a17d70f6eefb2e3a4efb06b2fd296f6a75f	1944	data/processed/deglitch_work/S1133c/ucla_runtime/UCLA_v4/PREP03.m
04251c9e9012937fd4a1cca54c3dd19c1683300fbd8912afc3e583f666108c88	2553	data/processed/deglitch_work/S1133c/ucla_runtime/UCLA_v4/PREP08.m
9b41e10e7f72de36df8c77193dc2f3bdbaf248d84568400d94bf127be15991d3	1864	data/processed/deglitch_work/S1133c/ucla_runtime/UCLA_v4/PREP39.m
b67b43101764998deeaddb3ff57f454ae0a37182b808b310ae2945988af2fd90	1068	data/processed/deglitch_work/S1133c/ucla_runtime/UCLA_v4/PREPmkmseed.m
8c76812821b0b125644abbe5e2ae83aae9e7d6fd1d909ed720845dbfb57195ff	1392	data/processed/deglitch_work/S1133c/ucla_runtime/UCLA_v4/PREPmkmseedNew.m
9921518f8e9d4cde172edec6e08f50206f1456f10d509e8044958a1e022d23b5	1223	data/processed/deglitch_work/S1133c/ucla_runtime/UCLA_v4/PlotFinalNew.m
e2e048539122c61b800a66533394a4ffa7ffad663bc77e4220feea1f3e3261fb	1280	data/processed/deglitch_work/S1133c/ucla_runtime/UCLA_v4/PlotFinalNew2SPS.m
2c3c2cbeef099247b3271e85cbb569f1d0387388c9af84c3247131497a701570	398	data/processed/deglitch_work/S1133c/ucla_runtime/UCLA_v4/QuickClean.m
a988a011241e2919fd0307c7b9ac92e00ab2e12519905daf2440b0a7dce520a0	486	data/processed/deglitch_work/S1133c/ucla_runtime/UCLA_v4/README.m
a12273552c871602813ad807cc0e44c5c9c15bf85ac40e6546fe9790afd44450	510464	data/processed/deglitch_work/S1133c/ucla_runtime/UCLA_v4/S0235b_VBB.mseed
3339b5a792b6ce451d3ca994af140261d41567be9ff572b5e1e84cc5339e7521	610	data/processed/deglitch_work/S1133c/ucla_runtime/UCLA_v4/SampleFraction.m
8f6098dcea352194b5c896a5d46fde54c68528fd1019503b9f1c4be573aa0e1f	378	data/processed/deglitch_work/S1133c/ucla_runtime/UCLA_v4/TruncateXcov.m
cc6f80160a6579c38b91b240fb969950edd2382ee49637c2795c053a29f67153	2102	data/processed/deglitch_work/S1133c/ucla_runtime/UCLA_v4/XseedDataFDS.m
931c2a5f84fe1f285c9866bfa3b3bafa0f2e04e65b0bf89e89fe201d5ed85dae	4807	data/processed/deglitch_work/S1133c/ucla_runtime/UCLA_v4/aaout3
90c6bf09db4bfbc9ad32b7a276cce83c74394c08b2085e7faa26e4966d122eb7	7730	data/processed/deglitch_work/S1133c/ucla_runtime/UCLA_v4/aaout3.mat
0f29b8f216d4dfafacfb62a980c1c802e0838fc00ef9913136fe7a7da96c5439	179	data/processed/deglitch_work/S1133c/ucla_runtime/UCLA_v4/cclim.mat
a4f5bddd025e8bff941ffafbc11866f0f95948ee3b36bfdb2fc368b31276a5a5	181	data/processed/deglitch_work/S1133c/ucla_runtime/UCLA_v4/cclim2.mat
21249db27b4818b44722655ae69befd14d4573a16fa2117327f72e2b39c89af1	1171995	data/processed/deglitch_work/S1133c/ucla_runtime/UCLA_v4/dc
7cc4f0dadc14c5da533e46532d4090954ea1f07f552792769191c29512798647	1018199	data/processed/deglitch_work/S1133c/ucla_runtime/UCLA_v4/dc.mat
4349134d158f2f9a130cda002003852f5a401989ff3360d77e28cccd07492d1c	226	data/processed/deglitch_work/S1133c/ucla_runtime/UCLA_v4/decimeFPGA.m
f2e4440a240c7409444b6faba95f46e4a866fe12880b3d39cbe9808af4601c63	299	data/processed/deglitch_work/S1133c/ucla_runtime/UCLA_v4/deriviti.m
d03256442fcd51b630446dccd82e15f8d87b3b29ec97018745d9c11ef73b8833	192	data/processed/deglitch_work/S1133c/ucla_runtime/UCLA_v4/errors.m
2d1bfd611786fd2e70f23d1d284c0237e408099b0a38ef32603e79afe9ed35d5	175	data/processed/deglitch_work/S1133c/ucla_runtime/UCLA_v4/fetch.mat
86901dd234de26e7fcfa8c76fbdf7f4b03e95913280393648e1346bacfb62d61	475	data/processed/deglitch_work/S1133c/ucla_runtime/UCLA_v4/findI1PG1P.m
26901d09a6160a982f3ebd408c8079bc6a6b0d595e308c6128c582edc019f459	2092	data/processed/deglitch_work/S1133c/ucla_runtime/UCLA_v4/findmaxs.m
169f5ee6fe580633b465bffdee1550af46101aef46a3093db08db5ca049440a7	1903	data/processed/deglitch_work/S1133c/ucla_runtime/UCLA_v4/func.m
c34983ca96989ae643e74d20c4bc99f5c4a95ce510ede0750867bec8a4652572	938	data/processed/deglitch_work/S1133c/ucla_runtime/UCLA_v4/funcConvGaussSpikeThree.m
0996a4b2d7d7437661faac556cec16ffa42ee2773dad91661b85ee9e9b259731	3218	data/processed/deglitch_work/S1133c/ucla_runtime/UCLA_v4/funcPeaker.m
0c899e161b58e547a0c7ad3c1974bb61188fa41b57cb0d3a3dd887b8f894e02d	659	data/processed/deglitch_work/S1133c/ucla_runtime/UCLA_v4/funcadjustTimes.m
3ee00247fdf49859f4f317f084f039e1f664362ec4a5cd9040798ded8e02da0e	155199	data/processed/deglitch_work/S1133c/ucla_runtime/UCLA_v4/green20sps.mat
5f8c70eb1a3c0f850f3f6f75c6a8cea42a6e70ce42b03f2593cd9d1d0ac8669e	15639	data/processed/deglitch_work/S1133c/ucla_runtime/UCLA_v4/green2sps.mat
a7d5f244fff6c2fb5d53760cc0f6c830b36e1dc4aa619745f52bd469f007a5d2	837	data/processed/deglitch_work/S1133c/ucla_runtime/UCLA_v4/greenfitExpCSpike20SPS.m
28cb00d8ea228efd8e4576e4ab34815069791916ee5ff45ea477d4543578238e	927	data/processed/deglitch_work/S1133c/ucla_runtime/UCLA_v4/greenfitSlope.m
b215fd424deede19266682be3aa44148527e088e902c4ba4a4974136b5dd42b2	154916	data/processed/deglitch_work/S1133c/ucla_runtime/UCLA_v4/greenspike.mat
97e8ec837cb54080c9c424c10c57189c5687062f9c8e62e831c10144d3dab917	447	data/processed/deglitch_work/S1133c/ucla_runtime/UCLA_v4/junk
fc419ab9ba26bc84eebff7c7ed621e3554c8384b7f8dbc07305d1dfa470b5673	3160148	data/processed/deglitch_work/S1133c/ucla_runtime/UCLA_v4/metadata/RESP.XB.ELYSE.02.BHU
df3f74ac2730027d03d28841e3bf591ac55919de29840e30f35a64984aff58fe	3246875	data/processed/deglitch_work/S1133c/ucla_runtime/UCLA_v4/metadata/RESP.XB.ELYSE.02.BHV
54e51ce083258ef3252bd5bc4499e50de1d3b80cacda113570ae7086cea48955	3158312	data/processed/deglitch_work/S1133c/ucla_runtime/UCLA_v4/metadata/RESP.XB.ELYSE.02.BHW
110f3de4e7d5f6e9467147f77383982e6446b36bb5a3f85ed6b4776be98d7f71	784592	data/processed/deglitch_work/S1133c/ucla_runtime/UCLA_v4/metadata/RESP.XB.ELYSE.02.MHU
6605374c270b77f2bd330bfc684ba0e4b593ff46f1149def3116152615ca843b	784592	data/processed/deglitch_work/S1133c/ucla_runtime/UCLA_v4/metadata/RESP.XB.ELYSE.02.MHV
a1832e0f3aac73fc23ab402c1d8761d01b05d3d1e0b907ff8dd1cebeb07338cf	784592	data/processed/deglitch_work/S1133c/ucla_runtime/UCLA_v4/metadata/RESP.XB.ELYSE.02.MHW
0a08dc49461f0d677667f525f54861a5dc27f1aa6919ac5413c7756a2f3f74f4	17048	data/processed/deglitch_work/S1133c/ucla_runtime/UCLA_v4/mkmseed.m
3d4167bcea896854ff3170bbfd2aff5df3e9ec497ad665512c4fd30a8ff867f3	744	data/processed/deglitch_work/S1133c/ucla_runtime/UCLA_v4/mylsq.m
b14eadd66699f5ab30c262b4adf1b692a7e73b20c7eff3997f56521f72e11c50	778	data/processed/deglitch_work/S1133c/ucla_runtime/UCLA_v4/plotresultsFinal.m
606adc66abc3cee5c3ff91122d0959a0150770d88111380f230bede24c5fe8e3	34676	data/processed/deglitch_work/S1133c/ucla_runtime/UCLA_v4/rdmseed.m
38593b70a5113fccf99c57174f67b6e9a6d9b730fa3efd1ec7c492f67f9568a0	2154	data/processed/deglitch_work/S1133c/ucla_runtime/UCLA_v4/read_resp_v2.m
7bdacba195f49d202ccbb337f712d221075032aec57af96dda00225cb6b08acd	472	data/processed/deglitch_work/S1133c/ucla_runtime/UCLA_v4/rephase.m
b0627fab5f9a446d6acc3338442d98de14152a99bb70bc324d506257a8daeada	1833	data/processed/deglitch_work/S1133c/ucla_runtime/UCLA_v4/stalta.m
978c1cb7440cae89163d4398793737be45a3e57a21c9100d63bdbaa63180912a	1642	data/processed/deglitch_work/S1133c/ucla_runtime/UCLA_v4/testSpikes.m
c2a412762ba1583f9fd7d1230ef005691129af7311ccf9b625e632843241e4a7	17	data/processed/deglitch_work/S1133c/ucla_runtime/UCLA_v4/wminus
084b67b078775bf08c15ed64018d0a91eaa95b9ab4da1e24183b8b2e59788af8	833	data/processed/deglitch_work/S1133c/ucla_runtime/UCLA_v4/y
d1d2a7e404fb8e91bafb759516217ecb3b9e9c10035d7dd48f36c713456b530d	190976	data/processed/deglitch_work/S1153a/S1153a_mps_before_ucla.mseed
c48f48ce9f5d18518236e0604e627bbe493c08c624d645f5296f69b082dfb107	1253376	data/processed/deglitch_work/S1153a/S1153a_ucla.mseed
2dc63ac404a71e032f6ad1f97eac7cc4a7cb7d8737eba31bb719c0811a2fe55c	314	data/processed/deglitch_work/S1153a/S1153a_ucla.mseed.ucla.json
6dd34bf70b6b4cc5a1c67c45cdc5707c5889ae22257a071642850016cdd975a3	417792	data/processed/deglitch_work/S1153a/ucla_mseed_parts/XB.ELYSE.02.BHU.2022.054
7e75593d8e8d2ae84c7b29798ffcdbe4751f5a993967acc4a10fc0ba364d4723	417792	data/processed/deglitch_work/S1153a/ucla_mseed_parts/XB.ELYSE.02.BHV.2022.054
b0c2646560322b933c9716dcdd8838c07fafb022ecaa6cad11ebd5f11016c479	417792	data/processed/deglitch_work/S1153a/ucla_mseed_parts/XB.ELYSE.02.BHW.2022.054
bfda9bc2f430dd7ec8da9d8691d0ea59bc5feecd5401746aed920c81f9ec1fe6	1006934	data/processed/deglitch_work/S1153a/ucla_results.mat
812a49dcca93168d48b33192d1d2058cea0185ffbdb15bd770a55cb828abda3f	120	data/processed/deglitch_work/S1153a/ucla_runtime/UCLA_v4/._MAIN.m
812a49dcca93168d48b33192d1d2058cea0185ffbdb15bd770a55cb828abda3f	120	data/processed/deglitch_work/S1153a/ucla_runtime/UCLA_v4/._MAIN20SPSJuly26.m
812a49dcca93168d48b33192d1d2058cea0185ffbdb15bd770a55cb828abda3f	120	data/processed/deglitch_work/S1153a/ucla_runtime/UCLA_v4/._MAIN2SPS.m
812a49dcca93168d48b33192d1d2058cea0185ffbdb15bd770a55cb828abda3f	120	data/processed/deglitch_work/S1153a/ucla_runtime/UCLA_v4/._PREP08.m
812a49dcca93168d48b33192d1d2058cea0185ffbdb15bd770a55cb828abda3f	120	data/processed/deglitch_work/S1153a/ucla_runtime/UCLA_v4/._PREPmkmseedNew.m
812a49dcca93168d48b33192d1d2058cea0185ffbdb15bd770a55cb828abda3f	120	data/processed/deglitch_work/S1153a/ucla_runtime/UCLA_v4/._TruncateXcov.m
812a49dcca93168d48b33192d1d2058cea0185ffbdb15bd770a55cb828abda3f	120	data/processed/deglitch_work/S1153a/ucla_runtime/UCLA_v4/._findmaxs.m
812a49dcca93168d48b33192d1d2058cea0185ffbdb15bd770a55cb828abda3f	120	data/processed/deglitch_work/S1153a/ucla_runtime/UCLA_v4/._func.m
812a49dcca93168d48b33192d1d2058cea0185ffbdb15bd770a55cb828abda3f	120	data/processed/deglitch_work/S1153a/ucla_runtime/UCLA_v4/._testSpikes.m
dc2899a90d04a1d1642827cca701af7a8bb95c17c794e0bbfff695cb50595405	184	data/processed/deglitch_work/S1153a/ucla_runtime/UCLA_v4/Conservative.mat
88a29a4c4bc1c6a43b8172890748d123e310141074f27be8e79beaa38b44c951	1028	data/processed/deglitch_work/S1153a/ucla_runtime/UCLA_v4/FindPrecursors.m
c28425c01be4ea7600a77944ed1b06b58151ab75d05a48c957567556ccf7eedf	2876	data/processed/deglitch_work/S1153a/ucla_runtime/UCLA_v4/MAIN.m
5b4be53f17dbf968abd360eb3bc7a203a4816a49a9d77f7b6101923000142236	5852	data/processed/deglitch_work/S1153a/ucla_runtime/UCLA_v4/MAIN20SPSJuly26.m
8ba27940cfcbca3ea091ff72218d8196f9c568727646206db74ee4a5a76d707c	2811	data/processed/deglitch_work/S1153a/ucla_runtime/UCLA_v4/MAIN20SPSReconcile.m
e4cc9c3ad46f8f153fc4bb4fc16ad6ada1770be3be69718f73e0cbd79d3eecfa	2542	data/processed/deglitch_work/S1153a/ucla_runtime/UCLA_v4/MAIN20SPSReconcileNew.m
dec95e6132a0452dfdfa088c130af5ef36ba42c3fcbba6b0429116372a7e8c66	2538	data/processed/deglitch_work/S1153a/ucla_runtime/UCLA_v4/MAIN20SPSReconcileNew.m~
f1d4808322e0eca5f14cda83e962ec115f1bee52d920af00530ccdc7fa4f1ab1	2821	data/processed/deglitch_work/S1153a/ucla_runtime/UCLA_v4/MAIN2SPS.m
157dd036a546ba62631ade4ebe8a2fa61179a55b51f34fdec2605ac736f147b4	1949	data/processed/deglitch_work/S1153a/ucla_runtime/UCLA_v4/MakeGlitch.m
52f5addeda49f642dba28b8ec840197c725b506f9ddaf67c644212fa89350d8e	181	data/processed/deglitch_work/S1153a/ucla_runtime/UCLA_v4/NLIMspike.mat
04d2cf0718e7f4d888f03538216e3ea09d47d9413c0cd14993ae7effb2388ab1	511	data/processed/deglitch_work/S1153a/ucla_runtime/UCLA_v4/NSpikeFloatGreenLine.m
34d81214d8851a20a2e2489cb4b7a39fb9988bd39f7ba5130dcc1926bcc92e1c	178	data/processed/deglitch_work/S1153a/ucla_runtime/UCLA_v4/Nlevel.mat
77dade4e3e4875f9937f762dc4948903fe7336ff62aed43b23ae8bc4eb746695	1261	data/processed/deglitch_work/S1153a/ucla_runtime/UCLA_v4/PFO_div2.txt
3cd93fb164e83a6e0af241535afbcde3fb1ac7c4fb1bdb69f527521b9d68a8de	2436	data/processed/deglitch_work/S1153a/ucla_runtime/UCLA_v4/PFO_div5.txt
4332dfc92a0a5f20043845ff47147a17d70f6eefb2e3a4efb06b2fd296f6a75f	1944	data/processed/deglitch_work/S1153a/ucla_runtime/UCLA_v4/PREP03.m
04251c9e9012937fd4a1cca54c3dd19c1683300fbd8912afc3e583f666108c88	2553	data/processed/deglitch_work/S1153a/ucla_runtime/UCLA_v4/PREP08.m
9b41e10e7f72de36df8c77193dc2f3bdbaf248d84568400d94bf127be15991d3	1864	data/processed/deglitch_work/S1153a/ucla_runtime/UCLA_v4/PREP39.m
b67b43101764998deeaddb3ff57f454ae0a37182b808b310ae2945988af2fd90	1068	data/processed/deglitch_work/S1153a/ucla_runtime/UCLA_v4/PREPmkmseed.m
8c76812821b0b125644abbe5e2ae83aae9e7d6fd1d909ed720845dbfb57195ff	1392	data/processed/deglitch_work/S1153a/ucla_runtime/UCLA_v4/PREPmkmseedNew.m
9921518f8e9d4cde172edec6e08f50206f1456f10d509e8044958a1e022d23b5	1223	data/processed/deglitch_work/S1153a/ucla_runtime/UCLA_v4/PlotFinalNew.m
e2e048539122c61b800a66533394a4ffa7ffad663bc77e4220feea1f3e3261fb	1280	data/processed/deglitch_work/S1153a/ucla_runtime/UCLA_v4/PlotFinalNew2SPS.m
2c3c2cbeef099247b3271e85cbb569f1d0387388c9af84c3247131497a701570	398	data/processed/deglitch_work/S1153a/ucla_runtime/UCLA_v4/QuickClean.m
a988a011241e2919fd0307c7b9ac92e00ab2e12519905daf2440b0a7dce520a0	486	data/processed/deglitch_work/S1153a/ucla_runtime/UCLA_v4/README.m
a12273552c871602813ad807cc0e44c5c9c15bf85ac40e6546fe9790afd44450	510464	data/processed/deglitch_work/S1153a/ucla_runtime/UCLA_v4/S0235b_VBB.mseed
3339b5a792b6ce451d3ca994af140261d41567be9ff572b5e1e84cc5339e7521	610	data/processed/deglitch_work/S1153a/ucla_runtime/UCLA_v4/SampleFraction.m
8f6098dcea352194b5c896a5d46fde54c68528fd1019503b9f1c4be573aa0e1f	378	data/processed/deglitch_work/S1153a/ucla_runtime/UCLA_v4/TruncateXcov.m
cc6f80160a6579c38b91b240fb969950edd2382ee49637c2795c053a29f67153	2102	data/processed/deglitch_work/S1153a/ucla_runtime/UCLA_v4/XseedDataFDS.m
0144075883bef03bc47d5ad9d617997713a33f8cf3f16c6d30acf43023f7a37d	4913	data/processed/deglitch_work/S1153a/ucla_runtime/UCLA_v4/aaout3
90c6bf09db4bfbc9ad32b7a276cce83c74394c08b2085e7faa26e4966d122eb7	7730	data/processed/deglitch_work/S1153a/ucla_runtime/UCLA_v4/aaout3.mat
0f29b8f216d4dfafacfb62a980c1c802e0838fc00ef9913136fe7a7da96c5439	179	data/processed/deglitch_work/S1153a/ucla_runtime/UCLA_v4/cclim.mat
a4f5bddd025e8bff941ffafbc11866f0f95948ee3b36bfdb2fc368b31276a5a5	181	data/processed/deglitch_work/S1153a/ucla_runtime/UCLA_v4/cclim2.mat
e1c1e67f7d6cd064bc19d8b53303cb79ba5fe95afae473d99fff299f44c993f5	1187925	data/processed/deglitch_work/S1153a/ucla_runtime/UCLA_v4/dc
7cc4f0dadc14c5da533e46532d4090954ea1f07f552792769191c29512798647	1018199	data/processed/deglitch_work/S1153a/ucla_runtime/UCLA_v4/dc.mat
4349134d158f2f9a130cda002003852f5a401989ff3360d77e28cccd07492d1c	226	data/processed/deglitch_work/S1153a/ucla_runtime/UCLA_v4/decimeFPGA.m
f2e4440a240c7409444b6faba95f46e4a866fe12880b3d39cbe9808af4601c63	299	data/processed/deglitch_work/S1153a/ucla_runtime/UCLA_v4/deriviti.m
d03256442fcd51b630446dccd82e15f8d87b3b29ec97018745d9c11ef73b8833	192	data/processed/deglitch_work/S1153a/ucla_runtime/UCLA_v4/errors.m
2d1bfd611786fd2e70f23d1d284c0237e408099b0a38ef32603e79afe9ed35d5	175	data/processed/deglitch_work/S1153a/ucla_runtime/UCLA_v4/fetch.mat
86901dd234de26e7fcfa8c76fbdf7f4b03e95913280393648e1346bacfb62d61	475	data/processed/deglitch_work/S1153a/ucla_runtime/UCLA_v4/findI1PG1P.m
26901d09a6160a982f3ebd408c8079bc6a6b0d595e308c6128c582edc019f459	2092	data/processed/deglitch_work/S1153a/ucla_runtime/UCLA_v4/findmaxs.m
169f5ee6fe580633b465bffdee1550af46101aef46a3093db08db5ca049440a7	1903	data/processed/deglitch_work/S1153a/ucla_runtime/UCLA_v4/func.m
c34983ca96989ae643e74d20c4bc99f5c4a95ce510ede0750867bec8a4652572	938	data/processed/deglitch_work/S1153a/ucla_runtime/UCLA_v4/funcConvGaussSpikeThree.m
0996a4b2d7d7437661faac556cec16ffa42ee2773dad91661b85ee9e9b259731	3218	data/processed/deglitch_work/S1153a/ucla_runtime/UCLA_v4/funcPeaker.m
0c899e161b58e547a0c7ad3c1974bb61188fa41b57cb0d3a3dd887b8f894e02d	659	data/processed/deglitch_work/S1153a/ucla_runtime/UCLA_v4/funcadjustTimes.m
3ee00247fdf49859f4f317f084f039e1f664362ec4a5cd9040798ded8e02da0e	155199	data/processed/deglitch_work/S1153a/ucla_runtime/UCLA_v4/green20sps.mat
5f8c70eb1a3c0f850f3f6f75c6a8cea42a6e70ce42b03f2593cd9d1d0ac8669e	15639	data/processed/deglitch_work/S1153a/ucla_runtime/UCLA_v4/green2sps.mat
a7d5f244fff6c2fb5d53760cc0f6c830b36e1dc4aa619745f52bd469f007a5d2	837	data/processed/deglitch_work/S1153a/ucla_runtime/UCLA_v4/greenfitExpCSpike20SPS.m
28cb00d8ea228efd8e4576e4ab34815069791916ee5ff45ea477d4543578238e	927	data/processed/deglitch_work/S1153a/ucla_runtime/UCLA_v4/greenfitSlope.m
b215fd424deede19266682be3aa44148527e088e902c4ba4a4974136b5dd42b2	154916	data/processed/deglitch_work/S1153a/ucla_runtime/UCLA_v4/greenspike.mat
97e8ec837cb54080c9c424c10c57189c5687062f9c8e62e831c10144d3dab917	447	data/processed/deglitch_work/S1153a/ucla_runtime/UCLA_v4/junk
fc419ab9ba26bc84eebff7c7ed621e3554c8384b7f8dbc07305d1dfa470b5673	3160148	data/processed/deglitch_work/S1153a/ucla_runtime/UCLA_v4/metadata/RESP.XB.ELYSE.02.BHU
df3f74ac2730027d03d28841e3bf591ac55919de29840e30f35a64984aff58fe	3246875	data/processed/deglitch_work/S1153a/ucla_runtime/UCLA_v4/metadata/RESP.XB.ELYSE.02.BHV
54e51ce083258ef3252bd5bc4499e50de1d3b80cacda113570ae7086cea48955	3158312	data/processed/deglitch_work/S1153a/ucla_runtime/UCLA_v4/metadata/RESP.XB.ELYSE.02.BHW
110f3de4e7d5f6e9467147f77383982e6446b36bb5a3f85ed6b4776be98d7f71	784592	data/processed/deglitch_work/S1153a/ucla_runtime/UCLA_v4/metadata/RESP.XB.ELYSE.02.MHU
6605374c270b77f2bd330bfc684ba0e4b593ff46f1149def3116152615ca843b	784592	data/processed/deglitch_work/S1153a/ucla_runtime/UCLA_v4/metadata/RESP.XB.ELYSE.02.MHV
a1832e0f3aac73fc23ab402c1d8761d01b05d3d1e0b907ff8dd1cebeb07338cf	784592	data/processed/deglitch_work/S1153a/ucla_runtime/UCLA_v4/metadata/RESP.XB.ELYSE.02.MHW
0a08dc49461f0d677667f525f54861a5dc27f1aa6919ac5413c7756a2f3f74f4	17048	data/processed/deglitch_work/S1153a/ucla_runtime/UCLA_v4/mkmseed.m
3d4167bcea896854ff3170bbfd2aff5df3e9ec497ad665512c4fd30a8ff867f3	744	data/processed/deglitch_work/S1153a/ucla_runtime/UCLA_v4/mylsq.m
b14eadd66699f5ab30c262b4adf1b692a7e73b20c7eff3997f56521f72e11c50	778	data/processed/deglitch_work/S1153a/ucla_runtime/UCLA_v4/plotresultsFinal.m
606adc66abc3cee5c3ff91122d0959a0150770d88111380f230bede24c5fe8e3	34676	data/processed/deglitch_work/S1153a/ucla_runtime/UCLA_v4/rdmseed.m
38593b70a5113fccf99c57174f67b6e9a6d9b730fa3efd1ec7c492f67f9568a0	2154	data/processed/deglitch_work/S1153a/ucla_runtime/UCLA_v4/read_resp_v2.m
7bdacba195f49d202ccbb337f712d221075032aec57af96dda00225cb6b08acd	472	data/processed/deglitch_work/S1153a/ucla_runtime/UCLA_v4/rephase.m
b0627fab5f9a446d6acc3338442d98de14152a99bb70bc324d506257a8daeada	1833	data/processed/deglitch_work/S1153a/ucla_runtime/UCLA_v4/stalta.m
978c1cb7440cae89163d4398793737be45a3e57a21c9100d63bdbaa63180912a	1642	data/processed/deglitch_work/S1153a/ucla_runtime/UCLA_v4/testSpikes.m
c2a412762ba1583f9fd7d1230ef005691129af7311ccf9b625e632843241e4a7	17	data/processed/deglitch_work/S1153a/ucla_runtime/UCLA_v4/wminus
084b67b078775bf08c15ed64018d0a91eaa95b9ab4da1e24183b8b2e59788af8	833	data/processed/deglitch_work/S1153a/ucla_runtime/UCLA_v4/y
4d73b79500b8682ab9bda4a0835b06d957c4a3be516cdb2c88637ea0e91b70c9	265728	data/processed/deglitch_work/S1157a/S1157a_mps_before_ucla.mseed
c0710afd2f2f254b2d937caba863a570eb3dbbee76657782edc1313c8d44b565	1253376	data/processed/deglitch_work/S1157a/S1157a_ucla.mseed
540b94ec42caf7340ef11d82592edd5cde60e384abe68cae2d78f9c6e53b5506	314	data/processed/deglitch_work/S1157a/S1157a_ucla.mseed.ucla.json
ea7d18cd512e6a4e084dc7e9483b7fcf51d42703fc843a2a47ec7cdd4522dc64	417792	data/processed/deglitch_work/S1157a/ucla_mseed_parts/XB.ELYSE.02.BHU.2022.058
c20017f957952e53d3677bbcdb317eb6f376545fb1c37bcae02f1f65ce5568df	417792	data/processed/deglitch_work/S1157a/ucla_mseed_parts/XB.ELYSE.02.BHV.2022.058
829bc6d9f1503d6e19febfd0a3a26e75dee9ac388244df773923ccfedd1ec803	417792	data/processed/deglitch_work/S1157a/ucla_mseed_parts/XB.ELYSE.02.BHW.2022.058
973d3d95779ad9397282074568f6a6c6d79897fd4589c56fed3406b686f604f6	1090779	data/processed/deglitch_work/S1157a/ucla_results.mat
812a49dcca93168d48b33192d1d2058cea0185ffbdb15bd770a55cb828abda3f	120	data/processed/deglitch_work/S1157a/ucla_runtime/UCLA_v4/._MAIN.m
812a49dcca93168d48b33192d1d2058cea0185ffbdb15bd770a55cb828abda3f	120	data/processed/deglitch_work/S1157a/ucla_runtime/UCLA_v4/._MAIN20SPSJuly26.m
812a49dcca93168d48b33192d1d2058cea0185ffbdb15bd770a55cb828abda3f	120	data/processed/deglitch_work/S1157a/ucla_runtime/UCLA_v4/._MAIN2SPS.m
812a49dcca93168d48b33192d1d2058cea0185ffbdb15bd770a55cb828abda3f	120	data/processed/deglitch_work/S1157a/ucla_runtime/UCLA_v4/._PREP08.m
812a49dcca93168d48b33192d1d2058cea0185ffbdb15bd770a55cb828abda3f	120	data/processed/deglitch_work/S1157a/ucla_runtime/UCLA_v4/._PREPmkmseedNew.m
812a49dcca93168d48b33192d1d2058cea0185ffbdb15bd770a55cb828abda3f	120	data/processed/deglitch_work/S1157a/ucla_runtime/UCLA_v4/._TruncateXcov.m
812a49dcca93168d48b33192d1d2058cea0185ffbdb15bd770a55cb828abda3f	120	data/processed/deglitch_work/S1157a/ucla_runtime/UCLA_v4/._findmaxs.m
812a49dcca93168d48b33192d1d2058cea0185ffbdb15bd770a55cb828abda3f	120	data/processed/deglitch_work/S1157a/ucla_runtime/UCLA_v4/._func.m
812a49dcca93168d48b33192d1d2058cea0185ffbdb15bd770a55cb828abda3f	120	data/processed/deglitch_work/S1157a/ucla_runtime/UCLA_v4/._testSpikes.m
dc2899a90d04a1d1642827cca701af7a8bb95c17c794e0bbfff695cb50595405	184	data/processed/deglitch_work/S1157a/ucla_runtime/UCLA_v4/Conservative.mat
88a29a4c4bc1c6a43b8172890748d123e310141074f27be8e79beaa38b44c951	1028	data/processed/deglitch_work/S1157a/ucla_runtime/UCLA_v4/FindPrecursors.m
c28425c01be4ea7600a77944ed1b06b58151ab75d05a48c957567556ccf7eedf	2876	data/processed/deglitch_work/S1157a/ucla_runtime/UCLA_v4/MAIN.m
5b4be53f17dbf968abd360eb3bc7a203a4816a49a9d77f7b6101923000142236	5852	data/processed/deglitch_work/S1157a/ucla_runtime/UCLA_v4/MAIN20SPSJuly26.m
8ba27940cfcbca3ea091ff72218d8196f9c568727646206db74ee4a5a76d707c	2811	data/processed/deglitch_work/S1157a/ucla_runtime/UCLA_v4/MAIN20SPSReconcile.m
e4cc9c3ad46f8f153fc4bb4fc16ad6ada1770be3be69718f73e0cbd79d3eecfa	2542	data/processed/deglitch_work/S1157a/ucla_runtime/UCLA_v4/MAIN20SPSReconcileNew.m
dec95e6132a0452dfdfa088c130af5ef36ba42c3fcbba6b0429116372a7e8c66	2538	data/processed/deglitch_work/S1157a/ucla_runtime/UCLA_v4/MAIN20SPSReconcileNew.m~
f1d4808322e0eca5f14cda83e962ec115f1bee52d920af00530ccdc7fa4f1ab1	2821	data/processed/deglitch_work/S1157a/ucla_runtime/UCLA_v4/MAIN2SPS.m
157dd036a546ba62631ade4ebe8a2fa61179a55b51f34fdec2605ac736f147b4	1949	data/processed/deglitch_work/S1157a/ucla_runtime/UCLA_v4/MakeGlitch.m
52f5addeda49f642dba28b8ec840197c725b506f9ddaf67c644212fa89350d8e	181	data/processed/deglitch_work/S1157a/ucla_runtime/UCLA_v4/NLIMspike.mat
04d2cf0718e7f4d888f03538216e3ea09d47d9413c0cd14993ae7effb2388ab1	511	data/processed/deglitch_work/S1157a/ucla_runtime/UCLA_v4/NSpikeFloatGreenLine.m
34d81214d8851a20a2e2489cb4b7a39fb9988bd39f7ba5130dcc1926bcc92e1c	178	data/processed/deglitch_work/S1157a/ucla_runtime/UCLA_v4/Nlevel.mat
77dade4e3e4875f9937f762dc4948903fe7336ff62aed43b23ae8bc4eb746695	1261	data/processed/deglitch_work/S1157a/ucla_runtime/UCLA_v4/PFO_div2.txt
3cd93fb164e83a6e0af241535afbcde3fb1ac7c4fb1bdb69f527521b9d68a8de	2436	data/processed/deglitch_work/S1157a/ucla_runtime/UCLA_v4/PFO_div5.txt
4332dfc92a0a5f20043845ff47147a17d70f6eefb2e3a4efb06b2fd296f6a75f	1944	data/processed/deglitch_work/S1157a/ucla_runtime/UCLA_v4/PREP03.m
04251c9e9012937fd4a1cca54c3dd19c1683300fbd8912afc3e583f666108c88	2553	data/processed/deglitch_work/S1157a/ucla_runtime/UCLA_v4/PREP08.m
9b41e10e7f72de36df8c77193dc2f3bdbaf248d84568400d94bf127be15991d3	1864	data/processed/deglitch_work/S1157a/ucla_runtime/UCLA_v4/PREP39.m
b67b43101764998deeaddb3ff57f454ae0a37182b808b310ae2945988af2fd90	1068	data/processed/deglitch_work/S1157a/ucla_runtime/UCLA_v4/PREPmkmseed.m
8c76812821b0b125644abbe5e2ae83aae9e7d6fd1d909ed720845dbfb57195ff	1392	data/processed/deglitch_work/S1157a/ucla_runtime/UCLA_v4/PREPmkmseedNew.m
9921518f8e9d4cde172edec6e08f50206f1456f10d509e8044958a1e022d23b5	1223	data/processed/deglitch_work/S1157a/ucla_runtime/UCLA_v4/PlotFinalNew.m
e2e048539122c61b800a66533394a4ffa7ffad663bc77e4220feea1f3e3261fb	1280	data/processed/deglitch_work/S1157a/ucla_runtime/UCLA_v4/PlotFinalNew2SPS.m
2c3c2cbeef099247b3271e85cbb569f1d0387388c9af84c3247131497a701570	398	data/processed/deglitch_work/S1157a/ucla_runtime/UCLA_v4/QuickClean.m
a988a011241e2919fd0307c7b9ac92e00ab2e12519905daf2440b0a7dce520a0	486	data/processed/deglitch_work/S1157a/ucla_runtime/UCLA_v4/README.m
a12273552c871602813ad807cc0e44c5c9c15bf85ac40e6546fe9790afd44450	510464	data/processed/deglitch_work/S1157a/ucla_runtime/UCLA_v4/S0235b_VBB.mseed
3339b5a792b6ce451d3ca994af140261d41567be9ff572b5e1e84cc5339e7521	610	data/processed/deglitch_work/S1157a/ucla_runtime/UCLA_v4/SampleFraction.m
8f6098dcea352194b5c896a5d46fde54c68528fd1019503b9f1c4be573aa0e1f	378	data/processed/deglitch_work/S1157a/ucla_runtime/UCLA_v4/TruncateXcov.m
cc6f80160a6579c38b91b240fb969950edd2382ee49637c2795c053a29f67153	2102	data/processed/deglitch_work/S1157a/ucla_runtime/UCLA_v4/XseedDataFDS.m
67655f5abdb564010ab14155b0566b082c0fbc4c979dff7d0fe69dc8edbc5570	3655	data/processed/deglitch_work/S1157a/ucla_runtime/UCLA_v4/aaout3
90c6bf09db4bfbc9ad32b7a276cce83c74394c08b2085e7faa26e4966d122eb7	7730	data/processed/deglitch_work/S1157a/ucla_runtime/UCLA_v4/aaout3.mat
0f29b8f216d4dfafacfb62a980c1c802e0838fc00ef9913136fe7a7da96c5439	179	data/processed/deglitch_work/S1157a/ucla_runtime/UCLA_v4/cclim.mat
a4f5bddd025e8bff941ffafbc11866f0f95948ee3b36bfdb2fc368b31276a5a5	181	data/processed/deglitch_work/S1157a/ucla_runtime/UCLA_v4/cclim2.mat
1e0af44470fcd664880abcfa616cc25fc30b0bd450e8736310ee8b6fe079bfa4	1095931	data/processed/deglitch_work/S1157a/ucla_runtime/UCLA_v4/dc
7cc4f0dadc14c5da533e46532d4090954ea1f07f552792769191c29512798647	1018199	data/processed/deglitch_work/S1157a/ucla_runtime/UCLA_v4/dc.mat
4349134d158f2f9a130cda002003852f5a401989ff3360d77e28cccd07492d1c	226	data/processed/deglitch_work/S1157a/ucla_runtime/UCLA_v4/decimeFPGA.m
f2e4440a240c7409444b6faba95f46e4a866fe12880b3d39cbe9808af4601c63	299	data/processed/deglitch_work/S1157a/ucla_runtime/UCLA_v4/deriviti.m
d03256442fcd51b630446dccd82e15f8d87b3b29ec97018745d9c11ef73b8833	192	data/processed/deglitch_work/S1157a/ucla_runtime/UCLA_v4/errors.m
2d1bfd611786fd2e70f23d1d284c0237e408099b0a38ef32603e79afe9ed35d5	175	data/processed/deglitch_work/S1157a/ucla_runtime/UCLA_v4/fetch.mat
86901dd234de26e7fcfa8c76fbdf7f4b03e95913280393648e1346bacfb62d61	475	data/processed/deglitch_work/S1157a/ucla_runtime/UCLA_v4/findI1PG1P.m
26901d09a6160a982f3ebd408c8079bc6a6b0d595e308c6128c582edc019f459	2092	data/processed/deglitch_work/S1157a/ucla_runtime/UCLA_v4/findmaxs.m
169f5ee6fe580633b465bffdee1550af46101aef46a3093db08db5ca049440a7	1903	data/processed/deglitch_work/S1157a/ucla_runtime/UCLA_v4/func.m
c34983ca96989ae643e74d20c4bc99f5c4a95ce510ede0750867bec8a4652572	938	data/processed/deglitch_work/S1157a/ucla_runtime/UCLA_v4/funcConvGaussSpikeThree.m
0996a4b2d7d7437661faac556cec16ffa42ee2773dad91661b85ee9e9b259731	3218	data/processed/deglitch_work/S1157a/ucla_runtime/UCLA_v4/funcPeaker.m
0c899e161b58e547a0c7ad3c1974bb61188fa41b57cb0d3a3dd887b8f894e02d	659	data/processed/deglitch_work/S1157a/ucla_runtime/UCLA_v4/funcadjustTimes.m
3ee00247fdf49859f4f317f084f039e1f664362ec4a5cd9040798ded8e02da0e	155199	data/processed/deglitch_work/S1157a/ucla_runtime/UCLA_v4/green20sps.mat
5f8c70eb1a3c0f850f3f6f75c6a8cea42a6e70ce42b03f2593cd9d1d0ac8669e	15639	data/processed/deglitch_work/S1157a/ucla_runtime/UCLA_v4/green2sps.mat
a7d5f244fff6c2fb5d53760cc0f6c830b36e1dc4aa619745f52bd469f007a5d2	837	data/processed/deglitch_work/S1157a/ucla_runtime/UCLA_v4/greenfitExpCSpike20SPS.m
28cb00d8ea228efd8e4576e4ab34815069791916ee5ff45ea477d4543578238e	927	data/processed/deglitch_work/S1157a/ucla_runtime/UCLA_v4/greenfitSlope.m
b215fd424deede19266682be3aa44148527e088e902c4ba4a4974136b5dd42b2	154916	data/processed/deglitch_work/S1157a/ucla_runtime/UCLA_v4/greenspike.mat
97e8ec837cb54080c9c424c10c57189c5687062f9c8e62e831c10144d3dab917	447	data/processed/deglitch_work/S1157a/ucla_runtime/UCLA_v4/junk
fc419ab9ba26bc84eebff7c7ed621e3554c8384b7f8dbc07305d1dfa470b5673	3160148	data/processed/deglitch_work/S1157a/ucla_runtime/UCLA_v4/metadata/RESP.XB.ELYSE.02.BHU
df3f74ac2730027d03d28841e3bf591ac55919de29840e30f35a64984aff58fe	3246875	data/processed/deglitch_work/S1157a/ucla_runtime/UCLA_v4/metadata/RESP.XB.ELYSE.02.BHV
54e51ce083258ef3252bd5bc4499e50de1d3b80cacda113570ae7086cea48955	3158312	data/processed/deglitch_work/S1157a/ucla_runtime/UCLA_v4/metadata/RESP.XB.ELYSE.02.BHW
110f3de4e7d5f6e9467147f77383982e6446b36bb5a3f85ed6b4776be98d7f71	784592	data/processed/deglitch_work/S1157a/ucla_runtime/UCLA_v4/metadata/RESP.XB.ELYSE.02.MHU
6605374c270b77f2bd330bfc684ba0e4b593ff46f1149def3116152615ca843b	784592	data/processed/deglitch_work/S1157a/ucla_runtime/UCLA_v4/metadata/RESP.XB.ELYSE.02.MHV
a1832e0f3aac73fc23ab402c1d8761d01b05d3d1e0b907ff8dd1cebeb07338cf	784592	data/processed/deglitch_work/S1157a/ucla_runtime/UCLA_v4/metadata/RESP.XB.ELYSE.02.MHW
0a08dc49461f0d677667f525f54861a5dc27f1aa6919ac5413c7756a2f3f74f4	17048	data/processed/deglitch_work/S1157a/ucla_runtime/UCLA_v4/mkmseed.m
3d4167bcea896854ff3170bbfd2aff5df3e9ec497ad665512c4fd30a8ff867f3	744	data/processed/deglitch_work/S1157a/ucla_runtime/UCLA_v4/mylsq.m
b14eadd66699f5ab30c262b4adf1b692a7e73b20c7eff3997f56521f72e11c50	778	data/processed/deglitch_work/S1157a/ucla_runtime/UCLA_v4/plotresultsFinal.m
606adc66abc3cee5c3ff91122d0959a0150770d88111380f230bede24c5fe8e3	34676	data/processed/deglitch_work/S1157a/ucla_runtime/UCLA_v4/rdmseed.m
38593b70a5113fccf99c57174f67b6e9a6d9b730fa3efd1ec7c492f67f9568a0	2154	data/processed/deglitch_work/S1157a/ucla_runtime/UCLA_v4/read_resp_v2.m
7bdacba195f49d202ccbb337f712d221075032aec57af96dda00225cb6b08acd	472	data/processed/deglitch_work/S1157a/ucla_runtime/UCLA_v4/rephase.m
b0627fab5f9a446d6acc3338442d98de14152a99bb70bc324d506257a8daeada	1833	data/processed/deglitch_work/S1157a/ucla_runtime/UCLA_v4/stalta.m
978c1cb7440cae89163d4398793737be45a3e57a21c9100d63bdbaa63180912a	1642	data/processed/deglitch_work/S1157a/ucla_runtime/UCLA_v4/testSpikes.m
c2a412762ba1583f9fd7d1230ef005691129af7311ccf9b625e632843241e4a7	17	data/processed/deglitch_work/S1157a/ucla_runtime/UCLA_v4/wminus
084b67b078775bf08c15ed64018d0a91eaa95b9ab4da1e24183b8b2e59788af8	833	data/processed/deglitch_work/S1157a/ucla_runtime/UCLA_v4/y
a3cf6692bc188b25ee52eaa2f7068970d1d3396b9002cf7f949f86bfc64625dc	204288	data/processed/deglitch_work/S1415a/S1415a_mps_before_ucla.mseed
2dac141e9d4e3892c42747bbc887fb4a973c3ec198cc96ee0169e77ad264900d	1253376	data/processed/deglitch_work/S1415a/S1415a_ucla.mseed
391fe9127036d7bc566f5e71df5d7be2b7fbfe83e538fc71b2142117959a5e70	314	data/processed/deglitch_work/S1415a/S1415a_ucla.mseed.ucla.json
f0f85a1232433d4f41a119341cc83498e62019cdb04b4837faee7b681c026ff3	417792	data/processed/deglitch_work/S1415a/ucla_mseed_parts/XB.ELYSE.02.BHU.2022.323
ee320accdf81d863fed92af9940b95ea2e396fed917edeab16bc0b17de0ea477	417792	data/processed/deglitch_work/S1415a/ucla_mseed_parts/XB.ELYSE.02.BHV.2022.323
013daecc1c9f5a38bc72500d9f9fa5cf6b09daa813e936c4cecf4a9d4d4ed404	417792	data/processed/deglitch_work/S1415a/ucla_mseed_parts/XB.ELYSE.02.BHW.2022.323
48384ec84a6139152151b321b2f766c008dac18107fc36d91d195879aab85bb5	1113217	data/processed/deglitch_work/S1415a/ucla_results.mat
812a49dcca93168d48b33192d1d2058cea0185ffbdb15bd770a55cb828abda3f	120	data/processed/deglitch_work/S1415a/ucla_runtime/UCLA_v4/._MAIN.m
812a49dcca93168d48b33192d1d2058cea0185ffbdb15bd770a55cb828abda3f	120	data/processed/deglitch_work/S1415a/ucla_runtime/UCLA_v4/._MAIN20SPSJuly26.m
812a49dcca93168d48b33192d1d2058cea0185ffbdb15bd770a55cb828abda3f	120	data/processed/deglitch_work/S1415a/ucla_runtime/UCLA_v4/._MAIN2SPS.m
812a49dcca93168d48b33192d1d2058cea0185ffbdb15bd770a55cb828abda3f	120	data/processed/deglitch_work/S1415a/ucla_runtime/UCLA_v4/._PREP08.m
812a49dcca93168d48b33192d1d2058cea0185ffbdb15bd770a55cb828abda3f	120	data/processed/deglitch_work/S1415a/ucla_runtime/UCLA_v4/._PREPmkmseedNew.m
812a49dcca93168d48b33192d1d2058cea0185ffbdb15bd770a55cb828abda3f	120	data/processed/deglitch_work/S1415a/ucla_runtime/UCLA_v4/._TruncateXcov.m
812a49dcca93168d48b33192d1d2058cea0185ffbdb15bd770a55cb828abda3f	120	data/processed/deglitch_work/S1415a/ucla_runtime/UCLA_v4/._findmaxs.m
812a49dcca93168d48b33192d1d2058cea0185ffbdb15bd770a55cb828abda3f	120	data/processed/deglitch_work/S1415a/ucla_runtime/UCLA_v4/._func.m
812a49dcca93168d48b33192d1d2058cea0185ffbdb15bd770a55cb828abda3f	120	data/processed/deglitch_work/S1415a/ucla_runtime/UCLA_v4/._testSpikes.m
dc2899a90d04a1d1642827cca701af7a8bb95c17c794e0bbfff695cb50595405	184	data/processed/deglitch_work/S1415a/ucla_runtime/UCLA_v4/Conservative.mat
88a29a4c4bc1c6a43b8172890748d123e310141074f27be8e79beaa38b44c951	1028	data/processed/deglitch_work/S1415a/ucla_runtime/UCLA_v4/FindPrecursors.m
c28425c01be4ea7600a77944ed1b06b58151ab75d05a48c957567556ccf7eedf	2876	data/processed/deglitch_work/S1415a/ucla_runtime/UCLA_v4/MAIN.m
5b4be53f17dbf968abd360eb3bc7a203a4816a49a9d77f7b6101923000142236	5852	data/processed/deglitch_work/S1415a/ucla_runtime/UCLA_v4/MAIN20SPSJuly26.m
8ba27940cfcbca3ea091ff72218d8196f9c568727646206db74ee4a5a76d707c	2811	data/processed/deglitch_work/S1415a/ucla_runtime/UCLA_v4/MAIN20SPSReconcile.m
e4cc9c3ad46f8f153fc4bb4fc16ad6ada1770be3be69718f73e0cbd79d3eecfa	2542	data/processed/deglitch_work/S1415a/ucla_runtime/UCLA_v4/MAIN20SPSReconcileNew.m
dec95e6132a0452dfdfa088c130af5ef36ba42c3fcbba6b0429116372a7e8c66	2538	data/processed/deglitch_work/S1415a/ucla_runtime/UCLA_v4/MAIN20SPSReconcileNew.m~
f1d4808322e0eca5f14cda83e962ec115f1bee52d920af00530ccdc7fa4f1ab1	2821	data/processed/deglitch_work/S1415a/ucla_runtime/UCLA_v4/MAIN2SPS.m
157dd036a546ba62631ade4ebe8a2fa61179a55b51f34fdec2605ac736f147b4	1949	data/processed/deglitch_work/S1415a/ucla_runtime/UCLA_v4/MakeGlitch.m
52f5addeda49f642dba28b8ec840197c725b506f9ddaf67c644212fa89350d8e	181	data/processed/deglitch_work/S1415a/ucla_runtime/UCLA_v4/NLIMspike.mat
04d2cf0718e7f4d888f03538216e3ea09d47d9413c0cd14993ae7effb2388ab1	511	data/processed/deglitch_work/S1415a/ucla_runtime/UCLA_v4/NSpikeFloatGreenLine.m
34d81214d8851a20a2e2489cb4b7a39fb9988bd39f7ba5130dcc1926bcc92e1c	178	data/processed/deglitch_work/S1415a/ucla_runtime/UCLA_v4/Nlevel.mat
77dade4e3e4875f9937f762dc4948903fe7336ff62aed43b23ae8bc4eb746695	1261	data/processed/deglitch_work/S1415a/ucla_runtime/UCLA_v4/PFO_div2.txt
3cd93fb164e83a6e0af241535afbcde3fb1ac7c4fb1bdb69f527521b9d68a8de	2436	data/processed/deglitch_work/S1415a/ucla_runtime/UCLA_v4/PFO_div5.txt
4332dfc92a0a5f20043845ff47147a17d70f6eefb2e3a4efb06b2fd296f6a75f	1944	data/processed/deglitch_work/S1415a/ucla_runtime/UCLA_v4/PREP03.m
04251c9e9012937fd4a1cca54c3dd19c1683300fbd8912afc3e583f666108c88	2553	data/processed/deglitch_work/S1415a/ucla_runtime/UCLA_v4/PREP08.m
9b41e10e7f72de36df8c77193dc2f3bdbaf248d84568400d94bf127be15991d3	1864	data/processed/deglitch_work/S1415a/ucla_runtime/UCLA_v4/PREP39.m
b67b43101764998deeaddb3ff57f454ae0a37182b808b310ae2945988af2fd90	1068	data/processed/deglitch_work/S1415a/ucla_runtime/UCLA_v4/PREPmkmseed.m
8c76812821b0b125644abbe5e2ae83aae9e7d6fd1d909ed720845dbfb57195ff	1392	data/processed/deglitch_work/S1415a/ucla_runtime/UCLA_v4/PREPmkmseedNew.m
9921518f8e9d4cde172edec6e08f50206f1456f10d509e8044958a1e022d23b5	1223	data/processed/deglitch_work/S1415a/ucla_runtime/UCLA_v4/PlotFinalNew.m
e2e048539122c61b800a66533394a4ffa7ffad663bc77e4220feea1f3e3261fb	1280	data/processed/deglitch_work/S1415a/ucla_runtime/UCLA_v4/PlotFinalNew2SPS.m
2c3c2cbeef099247b3271e85cbb569f1d0387388c9af84c3247131497a701570	398	data/processed/deglitch_work/S1415a/ucla_runtime/UCLA_v4/QuickClean.m
a988a011241e2919fd0307c7b9ac92e00ab2e12519905daf2440b0a7dce520a0	486	data/processed/deglitch_work/S1415a/ucla_runtime/UCLA_v4/README.m
a12273552c871602813ad807cc0e44c5c9c15bf85ac40e6546fe9790afd44450	510464	data/processed/deglitch_work/S1415a/ucla_runtime/UCLA_v4/S0235b_VBB.mseed
3339b5a792b6ce451d3ca994af140261d41567be9ff572b5e1e84cc5339e7521	610	data/processed/deglitch_work/S1415a/ucla_runtime/UCLA_v4/SampleFraction.m
8f6098dcea352194b5c896a5d46fde54c68528fd1019503b9f1c4be573aa0e1f	378	data/processed/deglitch_work/S1415a/ucla_runtime/UCLA_v4/TruncateXcov.m
cc6f80160a6579c38b91b240fb969950edd2382ee49637c2795c053a29f67153	2102	data/processed/deglitch_work/S1415a/ucla_runtime/UCLA_v4/XseedDataFDS.m
7a3249f4d6a9903849a56973acecb59f731ca5a18bc8747628ecbfe1850e0686	10349	data/processed/deglitch_work/S1415a/ucla_runtime/UCLA_v4/aaout3
90c6bf09db4bfbc9ad32b7a276cce83c74394c08b2085e7faa26e4966d122eb7	7730	data/processed/deglitch_work/S1415a/ucla_runtime/UCLA_v4/aaout3.mat
0f29b8f216d4dfafacfb62a980c1c802e0838fc00ef9913136fe7a7da96c5439	179	data/processed/deglitch_work/S1415a/ucla_runtime/UCLA_v4/cclim.mat
a4f5bddd025e8bff941ffafbc11866f0f95948ee3b36bfdb2fc368b31276a5a5	181	data/processed/deglitch_work/S1415a/ucla_runtime/UCLA_v4/cclim2.mat
c48c18c9d8f0fb9c5ace90d8c0ef4dcd48066fa567275f2d7e53c30c0186747f	1534437	data/processed/deglitch_work/S1415a/ucla_runtime/UCLA_v4/dc
7cc4f0dadc14c5da533e46532d4090954ea1f07f552792769191c29512798647	1018199	data/processed/deglitch_work/S1415a/ucla_runtime/UCLA_v4/dc.mat
4349134d158f2f9a130cda002003852f5a401989ff3360d77e28cccd07492d1c	226	data/processed/deglitch_work/S1415a/ucla_runtime/UCLA_v4/decimeFPGA.m
f2e4440a240c7409444b6faba95f46e4a866fe12880b3d39cbe9808af4601c63	299	data/processed/deglitch_work/S1415a/ucla_runtime/UCLA_v4/deriviti.m
d03256442fcd51b630446dccd82e15f8d87b3b29ec97018745d9c11ef73b8833	192	data/processed/deglitch_work/S1415a/ucla_runtime/UCLA_v4/errors.m
2d1bfd611786fd2e70f23d1d284c0237e408099b0a38ef32603e79afe9ed35d5	175	data/processed/deglitch_work/S1415a/ucla_runtime/UCLA_v4/fetch.mat
86901dd234de26e7fcfa8c76fbdf7f4b03e95913280393648e1346bacfb62d61	475	data/processed/deglitch_work/S1415a/ucla_runtime/UCLA_v4/findI1PG1P.m
26901d09a6160a982f3ebd408c8079bc6a6b0d595e308c6128c582edc019f459	2092	data/processed/deglitch_work/S1415a/ucla_runtime/UCLA_v4/findmaxs.m
169f5ee6fe580633b465bffdee1550af46101aef46a3093db08db5ca049440a7	1903	data/processed/deglitch_work/S1415a/ucla_runtime/UCLA_v4/func.m
c34983ca96989ae643e74d20c4bc99f5c4a95ce510ede0750867bec8a4652572	938	data/processed/deglitch_work/S1415a/ucla_runtime/UCLA_v4/funcConvGaussSpikeThree.m
0996a4b2d7d7437661faac556cec16ffa42ee2773dad91661b85ee9e9b259731	3218	data/processed/deglitch_work/S1415a/ucla_runtime/UCLA_v4/funcPeaker.m
0c899e161b58e547a0c7ad3c1974bb61188fa41b57cb0d3a3dd887b8f894e02d	659	data/processed/deglitch_work/S1415a/ucla_runtime/UCLA_v4/funcadjustTimes.m
3ee00247fdf49859f4f317f084f039e1f664362ec4a5cd9040798ded8e02da0e	155199	data/processed/deglitch_work/S1415a/ucla_runtime/UCLA_v4/green20sps.mat
5f8c70eb1a3c0f850f3f6f75c6a8cea42a6e70ce42b03f2593cd9d1d0ac8669e	15639	data/processed/deglitch_work/S1415a/ucla_runtime/UCLA_v4/green2sps.mat
a7d5f244fff6c2fb5d53760cc0f6c830b36e1dc4aa619745f52bd469f007a5d2	837	data/processed/deglitch_work/S1415a/ucla_runtime/UCLA_v4/greenfitExpCSpike20SPS.m
28cb00d8ea228efd8e4576e4ab34815069791916ee5ff45ea477d4543578238e	927	data/processed/deglitch_work/S1415a/ucla_runtime/UCLA_v4/greenfitSlope.m
b215fd424deede19266682be3aa44148527e088e902c4ba4a4974136b5dd42b2	154916	data/processed/deglitch_work/S1415a/ucla_runtime/UCLA_v4/greenspike.mat
97e8ec837cb54080c9c424c10c57189c5687062f9c8e62e831c10144d3dab917	447	data/processed/deglitch_work/S1415a/ucla_runtime/UCLA_v4/junk
fc419ab9ba26bc84eebff7c7ed621e3554c8384b7f8dbc07305d1dfa470b5673	3160148	data/processed/deglitch_work/S1415a/ucla_runtime/UCLA_v4/metadata/RESP.XB.ELYSE.02.BHU
df3f74ac2730027d03d28841e3bf591ac55919de29840e30f35a64984aff58fe	3246875	data/processed/deglitch_work/S1415a/ucla_runtime/UCLA_v4/metadata/RESP.XB.ELYSE.02.BHV
54e51ce083258ef3252bd5bc4499e50de1d3b80cacda113570ae7086cea48955	3158312	data/processed/deglitch_work/S1415a/ucla_runtime/UCLA_v4/metadata/RESP.XB.ELYSE.02.BHW
110f3de4e7d5f6e9467147f77383982e6446b36bb5a3f85ed6b4776be98d7f71	784592	data/processed/deglitch_work/S1415a/ucla_runtime/UCLA_v4/metadata/RESP.XB.ELYSE.02.MHU
6605374c270b77f2bd330bfc684ba0e4b593ff46f1149def3116152615ca843b	784592	data/processed/deglitch_work/S1415a/ucla_runtime/UCLA_v4/metadata/RESP.XB.ELYSE.02.MHV
a1832e0f3aac73fc23ab402c1d8761d01b05d3d1e0b907ff8dd1cebeb07338cf	784592	data/processed/deglitch_work/S1415a/ucla_runtime/UCLA_v4/metadata/RESP.XB.ELYSE.02.MHW
0a08dc49461f0d677667f525f54861a5dc27f1aa6919ac5413c7756a2f3f74f4	17048	data/processed/deglitch_work/S1415a/ucla_runtime/UCLA_v4/mkmseed.m
3d4167bcea896854ff3170bbfd2aff5df3e9ec497ad665512c4fd30a8ff867f3	744	data/processed/deglitch_work/S1415a/ucla_runtime/UCLA_v4/mylsq.m
b14eadd66699f5ab30c262b4adf1b692a7e73b20c7eff3997f56521f72e11c50	778	data/processed/deglitch_work/S1415a/ucla_runtime/UCLA_v4/plotresultsFinal.m
606adc66abc3cee5c3ff91122d0959a0150770d88111380f230bede24c5fe8e3	34676	data/processed/deglitch_work/S1415a/ucla_runtime/UCLA_v4/rdmseed.m
38593b70a5113fccf99c57174f67b6e9a6d9b730fa3efd1ec7c492f67f9568a0	2154	data/processed/deglitch_work/S1415a/ucla_runtime/UCLA_v4/read_resp_v2.m
7bdacba195f49d202ccbb337f712d221075032aec57af96dda00225cb6b08acd	472	data/processed/deglitch_work/S1415a/ucla_runtime/UCLA_v4/rephase.m
b0627fab5f9a446d6acc3338442d98de14152a99bb70bc324d506257a8daeada	1833	data/processed/deglitch_work/S1415a/ucla_runtime/UCLA_v4/stalta.m
978c1cb7440cae89163d4398793737be45a3e57a21c9100d63bdbaa63180912a	1642	data/processed/deglitch_work/S1415a/ucla_runtime/UCLA_v4/testSpikes.m
c2a412762ba1583f9fd7d1230ef005691129af7311ccf9b625e632843241e4a7	17	data/processed/deglitch_work/S1415a/ucla_runtime/UCLA_v4/wminus
084b67b078775bf08c15ed64018d0a91eaa95b9ab4da1e24183b8b2e59788af8	833	data/processed/deglitch_work/S1415a/ucla_runtime/UCLA_v4/y
ae98e35d49a8725004d60a58170764e0a7782c2b40250c3a50af2c0cf96847ee	663501	results/bootstrap/type1_pkikp_occupancy.npz
d4899f850d825fdfffd41968ceb4245f3dab9f75c81b088054141a24cff9177f	776245	results/bootstrap/type1_pkkp_occupancy.npz
5411b5091ff7a9c1afc89cacf67400a3698004965ccd6365548704ac87654466	621775	results/bootstrap/type2_pkikp_distance_stratified_occupancy.npz
6896c03dc918c2ebf5a13945b9d3865cf82e307711ae3a0ea90e1fc785533c94	770862	results/bootstrap/type2_pkkp_distance_stratified_occupancy.npz
f45a9b78586f0cde9ff729c6b7690333a70c1c3084bf817dc0d4b21ad5fb11e9	687863	results/bootstrap/type3_pkikp_p_pick_jitter.npz
dae0466dfcd773dec05a4a15ee2a442368765cab7a002e872174d7419cdd621d	943825	results/bootstrap/type3_pkkp_p_pick_jitter.npz
f12beab9f3b328a0a2b52d29d7b7163b0fdf68ba594f39852b96573b78c14e1c	2416	results/tables/bootstrap_picks.csv
265153e62b1442c572d3d1fa91eaf128ba3f895add18ac97005f5fd19e1aa2c8	74236	results/tables/peak_comparison.csv
7b890818851ce5b6f425cfb60b1fedc242f4cb89f111491c741f94d806d091b8	276867	results/validation/figures/S0173a_preprocessing_gallery.png
283948730d1a9caea8a2f6faff5b8ec06983d849a5a1b4e129c4af8280edf0a1	198718	results/validation/figures/S0235b_preprocessing_gallery.png
b3dc78c92f8ed0628cd52094e94ee5de48a19e8c92203a2b64ca3bd159aaf3e6	179217	results/validation/figures/S0918a_preprocessing_gallery.png
670dea1627d31428b32b3252f9b48dd97cfe794210b1abc3c946ad4be7be4050	904565	results/validation/figures/alignment_ablation_waveform_C.png
ff103182fe4a13e6f326c639bfce7e505cafd437aaa914a8f6c11260f7e16ec0	875053	results/validation/figures/alignment_paperfaith_envelope_C.png
d4f91f7d5bd99964a2bd2d04cf4cacc05ce108b79cfc36d7ad7e5f6f50259d46	795184	results/validation/figures/alignment_paperfaith_waveform_C.png
5a00354112b987dd7b0490ef6bc6c9f0a9c48a6b4edfa8ba9449c35af512ea8d	122453	results/validation/figures/benchmark_vespagram_validation.png
a5442ab4d192d8e42c42e54a5732722bdada4cc51a08ea246603d662c3388158	81032	results/validation/figures/bootstrap_pkikp_diagnostic.png
c2e4b6388558517756764c887bf5e3fbddb9febf7ce2a3acc92e43606f7156ad	63345	results/validation/figures/bootstrap_pkkp_diagnostic.png
10592e43014283a4296218406cc7fb4afa42f7c3dd4c6577be2f0ab8f5eacaf4	84434	results/validation/figures/model_profile_validation.png
d423208755d93c47bf02e3783b76c263db539a676c2dac193188a57816f3a311	1369	results/validation/incremental_validation/alignment.json
ae27ec44a1969f94410d795500adf2b30b00df17381b965f22f08ecb988b32d5	42	results/validation/incremental_validation/alignment.md
37cb2381cc846ad0dabc8fe71c6a687f86160d87a10db1226ea52a26aa1569aa	6210	results/validation/incremental_validation/benchmark.json
33570df715b073e400369302dcc99ce619e7099760055f8551b6e29d6c6aafaa	42	results/validation/incremental_validation/benchmark.md
91bff478d879ece450d2a66ae94fc7f0aec736b5ceb5f3050630ed5eb4268df3	4997	results/validation/incremental_validation/bootstrap.json
90899ab8755b2e6bb6987e0bcb83ab346596310bfdae8b048d453f59ae1ba9f1	42	results/validation/incremental_validation/bootstrap.md
8df804dece1a7722a6eabd65ada3675b6a95dd69584cce226ce7dd34df90b652	743	results/validation/incremental_validation/deglitch.json
c941e9ff6e299d46d96dee6b1057fb97c843e83278bd80d934c833fcbb634a63	41	results/validation/incremental_validation/deglitch.md
6025a4a3fdc5fe9d2c3253b9f6e6db7c888376bbec5d118fdde02ab74154d6dc	19792	results/validation/incremental_validation/inventory.json
6c717acc8e237ac9d6cdbe7843f2a499d3945bb4b383a92dada919721fc91e6d	42	results/validation/incremental_validation/inventory.md
9c85148950e37f6f3e612c93ac2cb161ab11de7d0f359c9824b1e5045c4f554e	1249	results/validation/incremental_validation/model.json
5108e4d872517d5cf9c28f3970f6ad0c8c3acf3a2eaa12cb14ff390f5340af9a	38	results/validation/incremental_validation/model.md
8486db866bb10b6f49b326d62584d70a7e17f215805ef91315a53adb91514170	1172	results/validation/incremental_validation/preprocessing.json
d8187788b5d47b854b3c74e504054e4f1a6a88ac70f228f96ee289fa4fd5193e	46	results/validation/incremental_validation/preprocessing.md
e7f9a196f2e9f22bad175e49db4a06ce5485449891878360dd3d3f432d0d0ce3	1161	results/validation/incremental_validation/type2_distance_stratified.json
da07b7448480ad4051101005cf3006c48f9d9fb03b00e4264f2be72860b45718	58	results/validation/incremental_validation/type2_distance_stratified.md
061eb5f5a8c207c2bc34ed44f0fcc8f14b8207db756fda14bffb3e5a5a247386	1368	results/validation/incremental_validation/type3_alignment_jitter.json
2a06013f5bd7c9bbad226adcd011f81a0858ca2e486e29fd644c07d0560231be	55	results/validation/incremental_validation/type3_alignment_jitter.md
ff93cd0a008493da5c9194b4a54841bfa50307998d896a916e6108982f2ea07f	59439	results/validation/paper0_run_manifest.json
0cd200ae19de283d42e7a9aee7575e3c107f373ebdbe508e33d65cef83b652f7	5389	results/validation/tables/event_inventory.csv
d2b21fb569184078e9869dfb42606bb51eac11d6403352c61abfc824f6709c23	36517	results/validation/validation_summary.json
198c8f11e5926de15e9fb8b4ebe088ee794b3a84d6a5b50d51508054e19c839d	2323	results/validation/validation_summary.md
467753765c75515665cfc7cf13bec7210e7829e0105cb68bc268171b13bb6f12	56320408	results/vespagrams/ablation/envelope/C/nth_root_win1.npz
7ba0fb83a3ba0f8684b55fc07e8b5f222466fb07f3d112359724ca55bcc99294	56320408	results/vespagrams/ablation/envelope/C/nth_root_win10.npz
d9c34c81ddbcfb4ee06c56f31df459db0165952d809b74b126c592fab12c877b	3657954	results/vespagrams/ablation/envelope/C/nth_root_win10_pkikp_sub.npz
002a8816d4c12275a87f575ec5cdf92605adfa7d19b52eeae772cb4e209bcd99	7281954	results/vespagrams/ablation/envelope/C/nth_root_win10_pkkp_sub.npz
f32262d7a54a9e38709166699ee607ab34f278610d316559baf4feafa617556a	3657954	results/vespagrams/ablation/envelope/C/nth_root_win1_pkikp_sub.npz
6dd847269a10c88afd3f4d376d645e1d32d9c31a8687ccb8ed9fb8e114cf10c7	7281954	results/vespagrams/ablation/envelope/C/nth_root_win1_pkkp_sub.npz
63834436c95ace5293868115e8c26ace5cb1becbdcbc8ae8638bcc3b87619d6b	56320408	results/vespagrams/ablation/envelope/C/nth_root_win20.npz
99b2278d47397dd5115d5a11b372deb6c7f39e60a4aa30d4b7d13f18dca7f6c7	3657954	results/vespagrams/ablation/envelope/C/nth_root_win20_pkikp_sub.npz
b3d0d5d601b1481a2d6f897f14bad72946dbb2e53ec82c7fe7495adc223bec20	7281954	results/vespagrams/ablation/envelope/C/nth_root_win20_pkkp_sub.npz
cd303dd114698377456002e74a11837e483d6f64ee044460e3dd6457236268c0	56320408	results/vespagrams/ablation/envelope/C/nth_root_win5.npz
f0908638c769b2e6828c1d1e2ef79d3450136374b77956d8381123366f879342	3657954	results/vespagrams/ablation/envelope/C/nth_root_win5_pkikp_sub.npz
6b203f78097bdee071106e530934475a1e45e21a6f68ee170fadf2e48e381387	7281954	results/vespagrams/ablation/envelope/C/nth_root_win5_pkkp_sub.npz
f95cdf0d55696301f1989a0d91a36ec02db0406ccac98dde143bb21f915475a1	56320388	results/vespagrams/ablation/envelope/C/pws_win1.npz
c82ebb8677c4fe80df4bd4a78fcd4908989daed7a7200411d1b6619d964b1fa9	56320388	results/vespagrams/ablation/envelope/C/pws_win10.npz
7dde2489b188b93fa9bbe749191ac227545fd7df6c97b1b4159e37b9a831787f	3657954	results/vespagrams/ablation/envelope/C/pws_win10_pkikp_sub.npz
3b2d792217f5f295a8fe0aa83f2be859f972da88ad88d668298fef0ce6f9990c	7281954	results/vespagrams/ablation/envelope/C/pws_win10_pkkp_sub.npz
1d4a9f260522bc2cc080d616313e122f5a3aa0f4ca8475050f5e647b2c7e1c26	3657954	results/vespagrams/ablation/envelope/C/pws_win1_pkikp_sub.npz
ccf444d6637d40267753298d2a85bd3f0a564b0d689be9d08b7a7d242632c13c	7281954	results/vespagrams/ablation/envelope/C/pws_win1_pkkp_sub.npz
6a690a2a8192150f8cfdd9d58767fc3e8f19033f6cb8f1563dc98a35a94e7e50	56320388	results/vespagrams/ablation/envelope/C/pws_win20.npz
521832f254bb6ab994db34bd24b2a21cda8afc5bfa4ed6a36bc1e8e6ffd1f2ec	3657954	results/vespagrams/ablation/envelope/C/pws_win20_pkikp_sub.npz
a0c7dad74db423ca74248389df94dd965d3a95b078cb41dad9c5d425333b3100	7281954	results/vespagrams/ablation/envelope/C/pws_win20_pkkp_sub.npz
47cc06812ca7c5e5f355dc073024836c3f13565b1fc6e4a0657aa4ed46af9c9c	56320388	results/vespagrams/ablation/envelope/C/pws_win5.npz
c523c45e2d6987a1071649285a39299bf5df5c412194c8b1bf18d59c2a55ddbc	3657954	results/vespagrams/ablation/envelope/C/pws_win5_pkikp_sub.npz
da66aa23ad934bc87ca817e1bf9795d3ef9e7fdc41559bf483dfdf8e65f1ee5c	7281954	results/vespagrams/ablation/envelope/C/pws_win5_pkkp_sub.npz
7266c178f00cf48b1aa77f1c7aa75239252b1054327cf6c27da6ef4505370fcb	56320408	results/vespagrams/ablation/waveform/C/nth_root_win1.npz
04ad00ea294f43e96d6d253296353256d9d168efdc828f8520609b3cc643f6ee	56320408	results/vespagrams/ablation/waveform/C/nth_root_win10.npz
f4581df17f3928e8c370f47a87add510d98a2f97b69b00ae480af55e542bb9b2	3657954	results/vespagrams/ablation/waveform/C/nth_root_win10_pkikp_sub.npz
3eb5f27faf3d20ea2eea914c483cfb9caa4215685b412c5bd05535a335fc02ea	7281954	results/vespagrams/ablation/waveform/C/nth_root_win10_pkkp_sub.npz
a097b3dcc4fabb496a6e537dbd3c9d60841c3e7aeeccce472cc3cdcaef83e54a	3657954	results/vespagrams/ablation/waveform/C/nth_root_win1_pkikp_sub.npz
6ca226ba027a63ff95be8e973bcfc8a313aed9fd8bb74f1fd3ffb599833f6257	7281954	results/vespagrams/ablation/waveform/C/nth_root_win1_pkkp_sub.npz
83b97fdf0e4d900d2ab8236c05ec3ddf4620cb30a923cd0b5fe2323af861dfb1	56320408	results/vespagrams/ablation/waveform/C/nth_root_win20.npz
349546ae171dfe0c6ae26f2c9b26154c6ebbf91f82267635136cb02471c93117	3657954	results/vespagrams/ablation/waveform/C/nth_root_win20_pkikp_sub.npz
41bd2e9ab86f0df461b3b3939dcf840da8baa5ac78c9f888cc95f8a6fce00999	7281954	results/vespagrams/ablation/waveform/C/nth_root_win20_pkkp_sub.npz
8d9c44a5d206a3bec3a0b93a761e2fb5ed07ed5ea930f0c2df110dae86af849a	56320408	results/vespagrams/ablation/waveform/C/nth_root_win5.npz
3d1b91018555d16752b446d52775c00a6293fda375b187b7411344a1944f1b91	3657954	results/vespagrams/ablation/waveform/C/nth_root_win5_pkikp_sub.npz
0cf359b5cd73dbe8d05d8322f10dde1628d4e39650f60a79dc3593f86bad856f	7281954	results/vespagrams/ablation/waveform/C/nth_root_win5_pkkp_sub.npz
a17460d855ffc501b0ca86cb141f6bdbca0b36a9bb4302599feb3f20caf97d77	56320388	results/vespagrams/ablation/waveform/C/pws_win1.npz
1d6591ee24288673ac756be1cecb4a80211b7fb2f1ca447b33dbe52c262ec90d	56320388	results/vespagrams/ablation/waveform/C/pws_win10.npz
9c1b9ce5f8586e2da38c6601843e9f2ffe5ac2f58e06f3f248b94163ead49814	3657954	results/vespagrams/ablation/waveform/C/pws_win10_pkikp_sub.npz
704c9d84c3eab413f412cf7ce560891ea1188bcc568a5610ddb23fcb367a2201	7281954	results/vespagrams/ablation/waveform/C/pws_win10_pkkp_sub.npz
a0952391a5bc48dfb7361cb9729723147fcffbaa1434ee1a451052eb7fc27273	3657954	results/vespagrams/ablation/waveform/C/pws_win1_pkikp_sub.npz
09b0aec65e936a25cc049d0f1b00e80d163d9df535b621f33ee1b6c2d980adb2	7281954	results/vespagrams/ablation/waveform/C/pws_win1_pkkp_sub.npz
2a12b5ce4aafa7e3e3cb8a1547ea9a93fcc5d6ca49ded087a72677ee8ac73f8d	56320388	results/vespagrams/ablation/waveform/C/pws_win20.npz
352e71b3fb246086bb7f0a9b4e25dbfd45992b41deda100cb9cf1fc00f26f362	3657954	results/vespagrams/ablation/waveform/C/pws_win20_pkikp_sub.npz
cc50476e246bf2198f8b8f9977f450f817d78717a5de234a7da5a8d951c50f3d	7281954	results/vespagrams/ablation/waveform/C/pws_win20_pkkp_sub.npz
8ee122ee550babb8eacbf720aa72f875fccdaef407c4addc21dcc2ee39b92a92	56320388	results/vespagrams/ablation/waveform/C/pws_win5.npz
02f50327ee13c3516d86d389e2b07f56271a0a29b594b455e0b54051c97c9312	3657954	results/vespagrams/ablation/waveform/C/pws_win5_pkikp_sub.npz
b62ce80c651d40bcea68933bc60d29b6e0302ad961558edef2d27e645451e623	7281954	results/vespagrams/ablation/waveform/C/pws_win5_pkkp_sub.npz
8c14257654f8c17e2fe95b5dc5e37452dea1b543baab255ff868699957753ea9	56439332	results/vespagrams/paperfaith/envelope/A/nth_root_win1.npz
69120757a895870722f1656d25d36df7986079ce6732911b9376a0f8a5876ae2	56439332	results/vespagrams/paperfaith/envelope/A/nth_root_win10.npz
2d17ca58be2e69d7f1225665f673f692bb2b052c6f19238683af4bf393b35c2b	3659002	results/vespagrams/paperfaith/envelope/A/nth_root_win10_pkikp_sub.npz
ce033a6bff46026aee3a143048ca7ccbfd99e8aa106e2d4f6b068bf20b1bb9bf	7283002	results/vespagrams/paperfaith/envelope/A/nth_root_win10_pkkp_sub.npz
1541ee28c8c2876be114e9345ff463226d0cb64e71dcbd1f4b51c2a77c0f3fc2	3659002	results/vespagrams/paperfaith/envelope/A/nth_root_win1_pkikp_sub.npz
0c9012754c994f421f2aa9404c7f7e8e4e2387ea7dad4c2004bdd0fe6d79409a	7283002	results/vespagrams/paperfaith/envelope/A/nth_root_win1_pkkp_sub.npz
2b57d6433bb82e043bb257835cacf2d2420c1cdb848683592200167890188b8b	56439332	results/vespagrams/paperfaith/envelope/A/nth_root_win20.npz
8cd0c58c061847b8950d7de9bfe67154fea4b9a21dd758cc97e68d7709d33de9	3659002	results/vespagrams/paperfaith/envelope/A/nth_root_win20_pkikp_sub.npz
6227ae4e62fcefa922b6645ca296f2537c774696bd9a07a9feaa5f70b2e9f3a3	7283002	results/vespagrams/paperfaith/envelope/A/nth_root_win20_pkkp_sub.npz
9975b0e4b20569f6442d8f7c8423750938a5af2e4410c004b3399e0b0cbe050b	56439332	results/vespagrams/paperfaith/envelope/A/nth_root_win5.npz
347fd1d8225883ee916f7ee99e9075cc1214324c52af8e0891dc65b61e85f30f	3659002	results/vespagrams/paperfaith/envelope/A/nth_root_win5_pkikp_sub.npz
632c95a8e1812e2dbcda2c1d3582c8696906d23a63cd56059e7b5e98092c23a5	7283002	results/vespagrams/paperfaith/envelope/A/nth_root_win5_pkkp_sub.npz
87fcda22221c09274d9112e87ba270c5ed914623774e064eae03fd96c5de1558	56439312	results/vespagrams/paperfaith/envelope/A/pws_win1.npz
8e7ad84534164707808a0d113d8050dad7eff270e4e3022d3d13358654d3ef19	56439312	results/vespagrams/paperfaith/envelope/A/pws_win10.npz
df6556352749b13a92e2f25dcecedf5c90afb271f854bec5857c2838e46a47c3	3659002	results/vespagrams/paperfaith/envelope/A/pws_win10_pkikp_sub.npz
abee8ba696cdb92d862994c559f3c761b781a48e594521fa545368c5d5b68f92	7283002	results/vespagrams/paperfaith/envelope/A/pws_win10_pkkp_sub.npz
4e78378d65dfbc73a7d876ff5cc98e97c83bc0f781fb6a70bb249dee9f5c4995	3659002	results/vespagrams/paperfaith/envelope/A/pws_win1_pkikp_sub.npz
475229c2f2d8977f6a9581a19c3dcca4f0c4ef5e813fad8b3d0cbeb87f5b9112	7283002	results/vespagrams/paperfaith/envelope/A/pws_win1_pkkp_sub.npz
bf51bd8e9bcbd619b9c271c405588e1078750aa635e2e97f53492b43f8c5f95b	56439312	results/vespagrams/paperfaith/envelope/A/pws_win20.npz
1139974bc8f5c9b018f58f1b41ed78f9100e5a3d130ee8ef550f44bfb2eb029d	3659002	results/vespagrams/paperfaith/envelope/A/pws_win20_pkikp_sub.npz
d94accd07fb70ded3793afe9c9c50ca554ea769c47bec730d98f55e9b06be160	7283002	results/vespagrams/paperfaith/envelope/A/pws_win20_pkkp_sub.npz
362a1dd2ea194e81f93bd725ba520705acd089cac802cddb6746f31d3257ceb5	56439312	results/vespagrams/paperfaith/envelope/A/pws_win5.npz
cb1f1bd557d7d97209a8a2942714a20967059160b59e382680f87c4167e8ee01	3659002	results/vespagrams/paperfaith/envelope/A/pws_win5_pkikp_sub.npz
4ec5a315b0568c617cd480ca0cbdd334f6d28265d73454e5ffe9e573aa457508	7283002	results/vespagrams/paperfaith/envelope/A/pws_win5_pkkp_sub.npz
c7b7ebc61634fb2af3aa3b5213c88c5aa593f660a281e568a744bc5e024c0f28	56439484	results/vespagrams/paperfaith/envelope/B/nth_root_win1.npz
830dac4a77ce26576f497a5b365fe474a603f63c87abb5e853beaaf495dcf631	56439484	results/vespagrams/paperfaith/envelope/B/nth_root_win10.npz
0456436bda583e916af586ca830e3d4da5c32a8bf866fcfe1820c97bd10a81f4	3659002	results/vespagrams/paperfaith/envelope/B/nth_root_win10_pkikp_sub.npz
572a5868f0e43a8ae584ad7d95d30ecdb7348fe66abae957b39cf29debbb4574	7283002	results/vespagrams/paperfaith/envelope/B/nth_root_win10_pkkp_sub.npz
0e26ae6601fdeda73cc51f92d01d770ac4ebef2c0007a97770519387485b0df2	3659002	results/vespagrams/paperfaith/envelope/B/nth_root_win1_pkikp_sub.npz
4997adad91b177546859009767c9f54bed67ed98126000a4ac1ab04c154aa740	7283002	results/vespagrams/paperfaith/envelope/B/nth_root_win1_pkkp_sub.npz
9df27a6b510d2230807e2e65c771e4f0d17dfe40334ec635e7c5c6a2dcf30d2e	56439484	results/vespagrams/paperfaith/envelope/B/nth_root_win20.npz
c311a0dfc16514634638a434428a51e4ae85ea06aa833056c3c8ceb50dcad426	3659002	results/vespagrams/paperfaith/envelope/B/nth_root_win20_pkikp_sub.npz
e102a5f8951e38c85a1494b07aa3b7fc704cf30b07db638a86ad3123ddda3dc2	7283002	results/vespagrams/paperfaith/envelope/B/nth_root_win20_pkkp_sub.npz
89ddbc48438dc39fb81c3ec64909f37b9885ab322f0a9b46b55df851a412ce9d	56439484	results/vespagrams/paperfaith/envelope/B/nth_root_win5.npz
8f1b24ecff30e564287b6048d72cd05d5f84c58b070e1d31c19e57d8da14a10d	3659002	results/vespagrams/paperfaith/envelope/B/nth_root_win5_pkikp_sub.npz
e8139571aa9414ece5ca100b9ef68c643392dd95b60a5ec8079c6e0ea3707008	7283002	results/vespagrams/paperfaith/envelope/B/nth_root_win5_pkkp_sub.npz
a53cf084453ee74771f135bd9dcbe3ba7321cdcaebd3d938b3c94172cd84bda3	56439464	results/vespagrams/paperfaith/envelope/B/pws_win1.npz
0f228499d3beead0aa594598314a5c01a28b9116680a5aa1a0a59e97a72db862	56439464	results/vespagrams/paperfaith/envelope/B/pws_win10.npz
e4ac744be450f15b0a9afda1f6b1b1e4889b1fb29c36f41da705efb62da40905	3659002	results/vespagrams/paperfaith/envelope/B/pws_win10_pkikp_sub.npz
97a93022e33647a33950518b613f3b24af94dec6878fe6b0393f0e3554a91fc5	7283002	results/vespagrams/paperfaith/envelope/B/pws_win10_pkkp_sub.npz
c7eeb3977a46cf329351e064f65fa2ff09882a8d90cbd8c7fe5de0674c2bc18b	3659002	results/vespagrams/paperfaith/envelope/B/pws_win1_pkikp_sub.npz
135ef170df1671aaad6806d4f9fb587299c3ece1448c1579ecffd2f7b0be5839	7283002	results/vespagrams/paperfaith/envelope/B/pws_win1_pkkp_sub.npz
96e0ead4f747d60d57b5861cf10177a243fcc53d2915e1afa2c4d32d9900888f	56439464	results/vespagrams/paperfaith/envelope/B/pws_win20.npz
6674663c73c00ba1ec4a7eb30adea7e1a522b642c21f792cc780187aac775360	3659002	results/vespagrams/paperfaith/envelope/B/pws_win20_pkikp_sub.npz
9fdd46e4ed5e9d2ca14555a0d46703a53700dcb6274410afe531e1570b8a1ab1	7283002	results/vespagrams/paperfaith/envelope/B/pws_win20_pkkp_sub.npz
c1988ab5c10a7f030a923ac85d628ef65a6a76bd62efde08a5779c0873bddb4a	56439464	results/vespagrams/paperfaith/envelope/B/pws_win5.npz
5ecc82d8d7e8303892d37aa19bb68a114594206781bdbc1c645bea8b60e515f2	3659002	results/vespagrams/paperfaith/envelope/B/pws_win5_pkikp_sub.npz
239de3bece691e75fd9434324c3e5c2b390f4b872985fa3d10c1904d77dc964b	7283002	results/vespagrams/paperfaith/envelope/B/pws_win5_pkkp_sub.npz
2cff1afa5cd20b5baf25485ab3f3276ca75d839a3dba787184dbde44e395fae6	56439256	results/vespagrams/paperfaith/envelope/C/nth_root_win1.npz
8c4895158e582e0fb78db15933b88f7d8553abd15b9a0137a757ad25f2823b5f	56439256	results/vespagrams/paperfaith/envelope/C/nth_root_win10.npz
fd7d655f31c1cc85b79fa6ffb83de89352dd269d00f553e348e041361fc1cdb1	3659002	results/vespagrams/paperfaith/envelope/C/nth_root_win10_pkikp_sub.npz
5db3216a88bd49a1b3ae4da603e5ad2333f5bb5f2eb272c7c16306f0ec53881f	7283002	results/vespagrams/paperfaith/envelope/C/nth_root_win10_pkkp_sub.npz
186a2eee2eb262eda6ee6d8bab328a9dcd99ffe2077333111aff0b2cf51b96fd	3659002	results/vespagrams/paperfaith/envelope/C/nth_root_win1_pkikp_sub.npz
11683f9d4288d37d088941f22c32af3401274cf00cca96a537c284712ac6685b	7283002	results/vespagrams/paperfaith/envelope/C/nth_root_win1_pkkp_sub.npz
6678b029c5bb4a275a9195f6d9f8c8d18ddd273933dfbed4f87562fb1808addc	56439256	results/vespagrams/paperfaith/envelope/C/nth_root_win20.npz
edbb8a83670ea97a602cb5d8e6812505eff3787f3007a1e30a9c7bacb478c332	3659002	results/vespagrams/paperfaith/envelope/C/nth_root_win20_pkikp_sub.npz
f5e682d206b76f3fd3cf4dc31c979f169b62d79d1e4a2539edbc5887a8c5255f	7283002	results/vespagrams/paperfaith/envelope/C/nth_root_win20_pkkp_sub.npz
27fe47062e614196e011ea9006cbdc5cc0a5b53ea17829e06c6fd532549c88fd	56439256	results/vespagrams/paperfaith/envelope/C/nth_root_win5.npz
e05d42cc697f11087d49d58a2d72926f9592dcc68a9a170939e0e3ca54ff1147	3659002	results/vespagrams/paperfaith/envelope/C/nth_root_win5_pkikp_sub.npz
015baabee22bd554f141f4e5fdfd3466093f71ad7ff7ed28f52974a99dd49b74	7283002	results/vespagrams/paperfaith/envelope/C/nth_root_win5_pkkp_sub.npz
9bc3ebed9a590e24c6959cfd2f95d9b8202f870ce1f9938d55baf2b7755457b5	56439236	results/vespagrams/paperfaith/envelope/C/pws_win1.npz
822e2f7f9be00612df2656bae4ea776e625c3c32edbb439dad87feef63eec28c	56439236	results/vespagrams/paperfaith/envelope/C/pws_win10.npz
08b51df92eacc02730da520a2c13be5d9c20620de119d786638a85f461546d39	3659002	results/vespagrams/paperfaith/envelope/C/pws_win10_pkikp_sub.npz
4203745ccedb2e033290c56ade36660620233ac7fd98b2ebafe297d0c633d346	7283002	results/vespagrams/paperfaith/envelope/C/pws_win10_pkkp_sub.npz
8abde4e68f6bbb574555067c5c8e4d5c20b71905936101a907e411f1e59d0739	3659002	results/vespagrams/paperfaith/envelope/C/pws_win1_pkikp_sub.npz
b49fc157861df2d10d634de57889f0af6f3a30e0e015e3a17c8c972bd4b97a70	7283002	results/vespagrams/paperfaith/envelope/C/pws_win1_pkkp_sub.npz
7b30797642e38040f6ea4f11f28d117d7109e2da796a5e55ad051bed4e024efa	56439236	results/vespagrams/paperfaith/envelope/C/pws_win20.npz
de0dfaf371fafbc802dba99079609909d33b1c9805883205684fce14243100e1	3659002	results/vespagrams/paperfaith/envelope/C/pws_win20_pkikp_sub.npz
02db0d2b9a667642e66870d0758b258c5ab08729f81c128a062918ce4b8d602b	7283002	results/vespagrams/paperfaith/envelope/C/pws_win20_pkkp_sub.npz
5e2fd4615de02d9e677d92d035f7ae2452cc6ae15ab6985eeb51679cc37ffdce	56439236	results/vespagrams/paperfaith/envelope/C/pws_win5.npz
de3f0943c0bc47e9e1918312fd58e14ad1c2ef285aa03977aab324aab863750e	3659002	results/vespagrams/paperfaith/envelope/C/pws_win5_pkikp_sub.npz
ed8a09948e80d8552d362d35875fd178a588f66dcf2d8156ae49f8510f2e693c	7283002	results/vespagrams/paperfaith/envelope/C/pws_win5_pkkp_sub.npz
45f0a35b26cb46a05ed18461ede3c0b49e6a4f8b9a8312200b46a8b3e510a902	56439256	results/vespagrams/paperfaith/waveform/C/nth_root_win1.npz
73ede7b271b00a53d13dcd2f6b482125d5d21dd5fe6d1c089fc43253bf8c3e71	56439256	results/vespagrams/paperfaith/waveform/C/nth_root_win10.npz
ece1be4c78c161f6446587a7bbdb48db0818fb929227303438c652a694c0c33a	3659002	results/vespagrams/paperfaith/waveform/C/nth_root_win10_pkikp_sub.npz
a599ed32dd06f0b61b7a771355581809d9b5238587b7dbfbe7e6b528d068558c	7283002	results/vespagrams/paperfaith/waveform/C/nth_root_win10_pkkp_sub.npz
d77a6030e70916e7c6359bab6ddaf992b8ce8fdbc98b79d2a4880d6ee8e33509	3659002	results/vespagrams/paperfaith/waveform/C/nth_root_win1_pkikp_sub.npz
3d071e8d6040647b53f356aceac51580db8d1d12e417cefe29ffeb89e34af497	7283002	results/vespagrams/paperfaith/waveform/C/nth_root_win1_pkkp_sub.npz
6c30162d3ef5f57aa9b2fe64685b37ae3e8bd7727510ff67d7fd619f9d52fcb6	56439256	results/vespagrams/paperfaith/waveform/C/nth_root_win20.npz
0317ebc9b401f48ec8ae20903ae5401988b018236e6cb76ac7fdb927da452477	3659002	results/vespagrams/paperfaith/waveform/C/nth_root_win20_pkikp_sub.npz
224bb68351f881c23dba28765c2999d4d26d7be173a5acf13456654f82ee3667	7283002	results/vespagrams/paperfaith/waveform/C/nth_root_win20_pkkp_sub.npz
6ec1363fd0531fac69b44f07403f0396867115f6531998485d1480592346711b	56439256	results/vespagrams/paperfaith/waveform/C/nth_root_win5.npz
b4598ece66913a3d0e6b12aef6841fce75152fc7bb9616d77c6ac314ae299fb5	3659002	results/vespagrams/paperfaith/waveform/C/nth_root_win5_pkikp_sub.npz
a586f2036e4bf0519ded1c4ef7d2f789f45464309004e24911444127f65dbda9	7283002	results/vespagrams/paperfaith/waveform/C/nth_root_win5_pkkp_sub.npz
ffdcea24c9dcae532425a90beaa2759af75289c2e26358322fd348d7d70de11f	56439236	results/vespagrams/paperfaith/waveform/C/pws_win1.npz
e54672e28384efc21ca62c4b7fe11f61ed546f2e7c95dad31ea1f18cd844ce0d	56439236	results/vespagrams/paperfaith/waveform/C/pws_win10.npz
1cda94dc354598a24da917b60f6695c8444ece7fbbdf1de14e5f8e742d586086	3659002	results/vespagrams/paperfaith/waveform/C/pws_win10_pkikp_sub.npz
bb3e2c5398dff79b388d0d88d483d90cdd8b8331d444dca534f33b3247783ee2	7283002	results/vespagrams/paperfaith/waveform/C/pws_win10_pkkp_sub.npz
b7c0500e27288d077f60a0db141caa76c07ee1e91f3fd096e09beb32827d9a75	3659002	results/vespagrams/paperfaith/waveform/C/pws_win1_pkikp_sub.npz
cd36e5935628da34b85f9759d69ea4983ec920dcf9711264832926a1a6f3262c	7283002	results/vespagrams/paperfaith/waveform/C/pws_win1_pkkp_sub.npz
d486be078ddece0f72e3958bab47a06b6ba7bf2cf1adf9479e30fcd0f67d4f13	56439236	results/vespagrams/paperfaith/waveform/C/pws_win20.npz
919bf08f4bd65a4891a54fc663afb7281d5f60e82ec582f9d9886975546600a5	3659002	results/vespagrams/paperfaith/waveform/C/pws_win20_pkikp_sub.npz
ffc18dacb797fe99b7ac76847c50c7d0515d15823926984ad800e527c65a3985	7283002	results/vespagrams/paperfaith/waveform/C/pws_win20_pkkp_sub.npz
14366dfc6c4abd4eb40b4642054e0deb8393178fd9bddd4c699c0b1d3c73c692	56439236	results/vespagrams/paperfaith/waveform/C/pws_win5.npz
f78d034639efb171724a1592c2aaa0b0d66897aa9e8e811777347da90dbfe1ac	3659002	results/vespagrams/paperfaith/waveform/C/pws_win5_pkikp_sub.npz
1473347f909760cf0e981ee020b89d4a4e2a19f8a0c0b325739898501cfaaaaf	7283002	results/vespagrams/paperfaith/waveform/C/pws_win5_pkkp_sub.npz
