db2587e15517442267ff9d287c39ba9398ae9f7b5fabe5ee7d97b86f41ca6423	23282	data/deglitched/S0105a.deglitch.json
1ef1b4a2f9409cb42dae0d55d15a82166130eaaabb894d3e22ff9e5b502ca5e0	691200	data/deglitched/S0105a.mseed
9f1b9e99f1d4d4b555412febeb00dc9742f837c10fd23218b009d73d0f7df4f3	21529	data/deglitched/S0173a.deglitch.json
c01aeebe0032b878758ae2c5c3a697dd6efb9a5f00c99ef681c89e69f3e8a84c	691200	data/deglitched/S0173a.mseed
32909034cefb1f26d013ab8e52298cf26dcc63f11d9dd7328023fd3374fa5cac	17896	data/deglitched/S0189a.deglitch.json
f7a32c0daf05b187d88e51ebab0768efee0686899c8c55c3002f4ccd3ec6f55b	691200	data/deglitched/S0189a.mseed
b6437320f02024ca37cc859092a2024075c646e554e3756f310811c04bbc3452	17486	data/deglitched/S0235b.deglitch.json
73410b11b144b944872c7a1acfce9cb5d1141ea4e35bbde95880a56180207cff	691200	data/deglitched/S0235b.mseed
bd0b420d1e165b1f295aea25b9ad5f472084c46a8f9019ddb6034985a05d5dad	20330	data/deglitched/S0290b.deglitch.json
9a103a75f693822d0a928035315964c631c9256e6d18964a154af4cd39e68841	691200	data/deglitched/S0290b.mseed
3abebf2309e7d96efc91b1e6f1c95c93ac75ca431b6d576a0861c5367c95c141	20039	data/deglitched/S0325a.deglitch.json
75a872fe7b83596639ad3aecd5292cfd24df30c1bc5e5555f858baf9d4619a78	691200	data/deglitched/S0325a.mseed
d8562a184a42f124b2000d87271b74801d8e87cd1d3e516f09dc16dc515c7a51	17034	data/deglitched/S0474a.deglitch.json
3c05bf4e8f1c86366b55773ae94819d1f26bdbcde01dfab218912df2099f6416	691200	data/deglitched/S0474a.mseed
a04eb982a522e46c90190effbd6cd2c11c8bdac1a509639e77418b6a76f35abf	19145	data/deglitched/S0484b.deglitch.json
0c95e46f1a1de4c15ac1d28e3f97b615f561e9b7defc05b4fe1f782e5c7d4d70	691200	data/deglitched/S0484b.mseed
a630832a0162f819c1f546342faf6398731257fb1b090fa779b508bafba0dd9d	19186	data/deglitched/S0802a.deglitch.json
5c4c5067e2e52f2f1a5ad823346eb1210dea96f1fea99f66549a4a7021c6b62a	691200	data/deglitched/S0802a.mseed
0c47e81b2d3627aefee2c285374243bed9b40bc6a692cdde4bebfad3c55d20a8	17320	data/deglitched/S0820a.deglitch.json
258b40b90ac70b69ddf37a9e1fc3cab1dabd87f467066fc5e59cd211b45aef23	691200	data/deglitched/S0820a.mseed
fd9b41b4d88ea9e1bc6782a1b5015d6c1aede1ef3c9fd4b9a413120ccf12971a	23209	data/deglitched/S0864a.deglitch.json
ceca867047b3a7a8edac1ecd61eb02d8e58cbc87bee232f99d6dadf0d891d514	691200	data/deglitched/S0864a.mseed
29193910fbed0911aab706aaeaf4a211a1d819557dd338f875bbb84d118c3308	20335	data/deglitched/S0916d.deglitch.json
07bb137b03a1efb4e7951bdbb4fab29613fb6adb5766d381586e1e638614412a	691200	data/deglitched/S0916d.mseed
481d7edcfd9fcfd2e11639662e0b5b082ff673fb3b464e62edb25c8239148823	18634	data/deglitched/S0918a.deglitch.json
94c6dbdd1e2fec359afc1a445ef3e57873a8c7fa283cc30720e3312bda723568	691200	data/deglitched/S0918a.mseed
8bfce416a22f69cda6616c71c311f4a2bb7ec626aa4f7054e21cff93846046de	20031	data/deglitched/S1012d.deglitch.json
847bc7c29a880334b4f16d24928465db8139f8ccfb18682c8ae69d2b4e6c6ead	691200	data/deglitched/S1012d.mseed
b542f41ce40cbb6adc459e54cd6e4b99695ace16de35c0d37342cc86cf85d648	9044	data/deglitched/S1022a.deglitch.json
df9c3583c6c347998b5fc684e0be6ad61bb938ef1cce6dd7e69d72b05911cfcd	241152	data/deglitched/S1022a.mseed
803e5d4fa8baa36e86e6891c74db9f5761b740db0361f5451ad7e7d4b30d3f94	17459	data/deglitched/S1039b.deglitch.json
dc153ab0c70ead70661f1ef7c922ea03d8d99125cd2d062f4099f1939e659ac5	691200	data/deglitched/S1039b.mseed
edd26deb92deb44da03fd40637a66fc09a9505789673eed9dba0c7c0990f8f12	18677	data/deglitched/S1048d.deglitch.json
e30ec8c0392987a016a038b693dbba842ec1645497d13e2735cd8b55b58824a8	691200	data/deglitched/S1048d.mseed
5446992f78ca7ff7c1131d043cb1b05fbe4d83dcd37bb15b2a9f4ccfab852d6f	10616	data/deglitched/S1102a.deglitch.json
bf0bf57dee0d7eca09e8ba13602c29b691a8d61e4c72c406b27648a11d320829	209920	data/deglitched/S1102a.mseed
ebe64efc1d2f03a0d0afd7986f4ab3306acee7d58cd74c5548d4f9e3870634b5	22687	data/deglitched/S1133c.deglitch.json
66f6fc46db62c3ec661bd24ec68c3b6c9a5ac821e80d7756a41acdff858c2738	691200	data/deglitched/S1133c.mseed
55ee76b17679328fd81747373b4a5aec96782b05c65700369274e6ade30a0daf	19262	data/deglitched/S1153a.deglitch.json
1d58bc5830bf715677e95ba332f8611ac1f8ada212459864542098980338e173	691200	data/deglitched/S1153a.mseed
0e6c8741c173b34222e6cfe7926a6950fad0a8293ea1444489df09a5ac847a44	18426	data/deglitched/S1157a.deglitch.json
84a41e0b63fbd26ee4c13c80a81f0b232f405746dbc5b2a89010ea584f6dbe7f	691200	data/deglitched/S1157a.mseed
34db09b80c8e433c222a9378c90b6247fec01a2583bf877124400f4d0d147718	19298	data/deglitched/S1415a.deglitch.json
f94e06d9925ad1a7f6bd6e041870af3e894834dd02f17b0c2424f1974c21ca0a	691200	data/deglitched/S1415a.mseed
ccff0c9a92c423e1991a9a6215989f3c3e5fac1d140c81f2e156f37a52b7d441	10196	data/deglitched/deglitch_run_summary.json
634a06b45d362618169e754d88b9116b186eaef762b983b54c7107b97ddae21c	691200	data/processed/S0105a_ZNE.mseed
e024bec7c38c34ecafc0010b218a39f7d5c2e44a923d9df018e9fe5edc2504fd	1008	data/processed/S0105a_ZNE.rotation.json
cd0a1e0e766c87f68b5e18d65350820526a5e93237073ad9f754cc0af9f7ffb5	629	data/processed/S0105a_Z_filt.bandpass.json
24327fae5875ddc49b4b8e9388376d75d8857325755e491166c2c21ce4e0aeaa	208896	data/processed/S0105a_Z_filt.mseed
713c6909c1b788f76b74d7d8d856a0e637bd13ccfad2a853c76c25ff30eeb74a	230400	data/processed/S0105a_Z_polfilt.mseed
1a2072702f02c7bf75e260432be72366ae394d33916cacf66972e0e2cfc89bdc	1339	data/processed/S0105a_Z_polfilt.polarization.json
8296ac4f86441a896cab5195955b341046d725447c5bb8da88f07cf18f37b114	2127	data/processed/S0105a_ablation_A.normalization.json
2eaf734e3c08a8802f8026b8703a0332f91cb41cc2777efabf6392e1c9f8b8db	184128	data/processed/S0105a_ablation_A_envelope.npy
950c5ba5ca47a14b5b578e0bc5fdda3e85c9d022126572d9b6fb6a266c562d7e	46128	data/processed/S0105a_ablation_A_envelope_valid_samples.npy
3df7832234ab946b0bc54a82454e78b70adcb9902b3619f6ae4629020d23e850	368128	data/processed/S0105a_ablation_A_times.npy
418ceb7e494cdfedff3ca57bed614c3e6ca91ffb5788a7b04b39eeb673d3c777	184128	data/processed/S0105a_ablation_A_waveform.npy
09c4a36d046894d0ddec3ebc455fc8132f4d859b7d3fe487a991894b30484fca	46128	data/processed/S0105a_ablation_A_waveform_valid_samples.npy
3a8d669d1dd1bd5fd4f234bba89b862429f3dbe8ee380674dc4c97a399c4116c	2129	data/processed/S0105a_ablation_B.normalization.json
a6daca62670b194bc9852b39a9d3ad33ca46cdb626f3dcb810609fdeeb6a979a	184128	data/processed/S0105a_ablation_B_envelope.npy
950c5ba5ca47a14b5b578e0bc5fdda3e85c9d022126572d9b6fb6a266c562d7e	46128	data/processed/S0105a_ablation_B_envelope_valid_samples.npy
3df7832234ab946b0bc54a82454e78b70adcb9902b3619f6ae4629020d23e850	368128	data/processed/S0105a_ablation_B_times.npy
5e8ec84174e666c4cd1aa692af7fa2759a4213b695338057186991eab8bc0289	184128	data/processed/S0105a_ablation_B_waveform.npy
09c4a36d046894d0ddec3ebc455fc8132f4d859b7d3fe487a991894b30484fca	46128	data/processed/S0105a_ablation_B_waveform_valid_samples.npy
1ea0289217661588f35012bae6eacb7a812eef81ee7d5c76e4cfe3cf313f9100	2126	data/processed/S0105a_ablation_C.normalization.json
d742b711045da8625d35c71b1ca69f98677867145d221f0a30b7f6391e3ae065	184128	data/processed/S0105a_ablation_C_envelope.npy
950c5ba5ca47a14b5b578e0bc5fdda3e85c9d022126572d9b6fb6a266c562d7e	46128	data/processed/S0105a_ablation_C_envelope_valid_samples.npy
3df7832234ab946b0bc54a82454e78b70adcb9902b3619f6ae4629020d23e850	368128	data/processed/S0105a_ablation_C_times.npy
9cbf18b7a09a3bbcfa8b05e142080f5ca33cc0a1f59e0295e9ff11bcbba18fa4	184128	data/processed/S0105a_ablation_C_waveform.npy
09c4a36d046894d0ddec3ebc455fc8132f4d859b7d3fe487a991894b30484fca	46128	data/processed/S0105a_ablation_C_waveform_valid_samples.npy
3df7832234ab946b0bc54a82454e78b70adcb9902b3619f6ae4629020d23e850	368128	data/processed/S0105a_ablation_times.npy
09c4a36d046894d0ddec3ebc455fc8132f4d859b7d3fe487a991894b30484fca	46128	data/processed/S0105a_ablation_valid_samples.npy
a4032c656f469306b511647254f65a8ed49da81cfcc6f2e1a1ad7ac3f47b6e82	2275	data/processed/S0105a_aligned_ablation.alignment.json
720b313a32c1242e891e4d2064df97cfbe0f94682d9b0acd2ffae0f4053472bf	188416	data/processed/S0105a_aligned_ablation.mseed
fe8f414ca29ed2db2db6824b0cd50eec04c7283734dc8b0bb1b918f64e683585	2651	data/processed/S0105a_aligned_paperfaith.alignment.json
e5deb9b6084199f28d494e04f1d7ddcae59eeac3db870e6b98751d31853f6962	210432	data/processed/S0105a_aligned_paperfaith.mseed
58139448a32e5aa7cfe338642f2324015b5ddcf35750d83a56d8747c386724e6	4363027	data/processed/S0105a_fdpa.npz
b0c4171cb3dac8433e39596f45a5d5be6f4bd46fd405ed5d38011a5c93eef67f	1513	data/processed/S0105a_glitch_flags.json
2171bc1f450cfed5c0696ec49e73dc01418694befcd66a304d82adc630071b8c	4218678	data/processed/S0105a_mk_filterbank.npz
108b9791fc2701231d4800a5d9ec6d7c60513b11440b8e6e1d8deda519c78f7d	2137	data/processed/S0105a_paperfaith_A.normalization.json
cccc9c80c53cad2b081293d833490a26e4a342b9a95a7ef3bb449af59b4bbf03	184128	data/processed/S0105a_paperfaith_A_envelope.npy
950c5ba5ca47a14b5b578e0bc5fdda3e85c9d022126572d9b6fb6a266c562d7e	46128	data/processed/S0105a_paperfaith_A_envelope_valid_samples.npy
3df7832234ab946b0bc54a82454e78b70adcb9902b3619f6ae4629020d23e850	368128	data/processed/S0105a_paperfaith_A_times.npy
4a1e82d39d2dc93b592eda5dc2afc2d3ce6dbffc4b2ecd1c036dfd04ab9fa58e	184128	data/processed/S0105a_paperfaith_A_waveform.npy
09c4a36d046894d0ddec3ebc455fc8132f4d859b7d3fe487a991894b30484fca	46128	data/processed/S0105a_paperfaith_A_waveform_valid_samples.npy
a24e509c518b232745dfc1a54f114032979b9c35c8cc5bab5d261fc130a78ce6	2139	data/processed/S0105a_paperfaith_B.normalization.json
77bcd9a1657c69e2047fea33ab7345195cdc27f99516ae4dee4bec7e87cde87c	184128	data/processed/S0105a_paperfaith_B_envelope.npy
950c5ba5ca47a14b5b578e0bc5fdda3e85c9d022126572d9b6fb6a266c562d7e	46128	data/processed/S0105a_paperfaith_B_envelope_valid_samples.npy
3df7832234ab946b0bc54a82454e78b70adcb9902b3619f6ae4629020d23e850	368128	data/processed/S0105a_paperfaith_B_times.npy
304e61979b6e065846b02f575b9ee8123a07cfb64b68a5eaa09e000c2364c8f4	184128	data/processed/S0105a_paperfaith_B_waveform.npy
09c4a36d046894d0ddec3ebc455fc8132f4d859b7d3fe487a991894b30484fca	46128	data/processed/S0105a_paperfaith_B_waveform_valid_samples.npy
f5d9f6d47b9ef181343019e3f28027afadac7ef8443c3bdb1057f8d61f9033b6	2136	data/processed/S0105a_paperfaith_C.normalization.json
03db895fcfca72d5673298c6c86f70736f1a1e04cc08b37d6dd433d9cddf3c1c	184128	data/processed/S0105a_paperfaith_C_envelope.npy
950c5ba5ca47a14b5b578e0bc5fdda3e85c9d022126572d9b6fb6a266c562d7e	46128	data/processed/S0105a_paperfaith_C_envelope_valid_samples.npy
3df7832234ab946b0bc54a82454e78b70adcb9902b3619f6ae4629020d23e850	368128	data/processed/S0105a_paperfaith_C_times.npy
9fda8fb62e5ec6df3e55d17bedda62dc149a8932f321d8b847a73f88c63cbf17	184128	data/processed/S0105a_paperfaith_C_waveform.npy
09c4a36d046894d0ddec3ebc455fc8132f4d859b7d3fe487a991894b30484fca	46128	data/processed/S0105a_paperfaith_C_waveform_valid_samples.npy
3df7832234ab946b0bc54a82454e78b70adcb9902b3619f6ae4629020d23e850	368128	data/processed/S0105a_paperfaith_times.npy
09c4a36d046894d0ddec3ebc455fc8132f4d859b7d3fe487a991894b30484fca	46128	data/processed/S0105a_paperfaith_valid_samples.npy
94c578d046610a7d4ab6a9060e9ce9b923a56b34ad9d050012f8053fd948f254	691200	data/processed/S0173a_ZNE.mseed
9b69020d7420c3c55345ec4a4e62cffed08e24164b4eefbe6e9180dae2837e2a	1010	data/processed/S0173a_ZNE.rotation.json
094fd28cbf9b2d1de69d970b24a4a8c781e11cbee64844fac715d45bf914dcc7	629	data/processed/S0173a_Z_filt.bandpass.json
12bec044fb267035621fd4d8f8e9fe65dda4409f905bdd0da99a083f2d414e00	208896	data/processed/S0173a_Z_filt.mseed
53a73d6338cef8d485c4d491c76a38e4fffc70ce670404ff01fe9ad0359798a3	230400	data/processed/S0173a_Z_polfilt.mseed
169d32cc4ff063981a7bef597278a0ccbd59171c0db33d2be5f34bd3812c6471	1339	data/processed/S0173a_Z_polfilt.polarization.json
4a2683133f560c1d787178c823191ee49d2f5adb14a7a7cc2228d0efc14b4c1c	2127	data/processed/S0173a_ablation_A.normalization.json
eff816161ae556a540f56841952ee16589ddb02ccee98720f666b924970076bd	184128	data/processed/S0173a_ablation_A_envelope.npy
1238a3fee4c349393460466743c003c45afa888de3bc477b8e4db3f08ab517be	46128	data/processed/S0173a_ablation_A_envelope_valid_samples.npy
3df7832234ab946b0bc54a82454e78b70adcb9902b3619f6ae4629020d23e850	368128	data/processed/S0173a_ablation_A_times.npy
376ce3b51301511fb0e82a855dfb4f621feb0a619567181abe4fa47ab1dedd2e	184128	data/processed/S0173a_ablation_A_waveform.npy
6000221d5e73682bb842bb272e755faa316a6b66d15ad8d3718a5f057a33b327	46128	data/processed/S0173a_ablation_A_waveform_valid_samples.npy
f2747ea8c2828b7c5609ab47b67fcd4d8cbe6ffddc6475374827d92d5f26612c	2129	data/processed/S0173a_ablation_B.normalization.json
10003341b67b58ae6d0657dc68cc6714449d320607ec3e43e82db3415d683953	184128	data/processed/S0173a_ablation_B_envelope.npy
1238a3fee4c349393460466743c003c45afa888de3bc477b8e4db3f08ab517be	46128	data/processed/S0173a_ablation_B_envelope_valid_samples.npy
3df7832234ab946b0bc54a82454e78b70adcb9902b3619f6ae4629020d23e850	368128	data/processed/S0173a_ablation_B_times.npy
1ea03e2763f3e194904cd73e7f35e1c7190bf7d7f1d63c93bd913e895e0b251f	184128	data/processed/S0173a_ablation_B_waveform.npy
6000221d5e73682bb842bb272e755faa316a6b66d15ad8d3718a5f057a33b327	46128	data/processed/S0173a_ablation_B_waveform_valid_samples.npy
2485edd55e0230f81bdd01665e70090b1f1aa850dabac5dc3cc0b809c70703e9	2126	data/processed/S0173a_ablation_C.normalization.json
09f7d4a5b7f67f1e6b19412543aa5af8a3c570226a84e08cbca2d767cda5896a	184128	data/processed/S0173a_ablation_C_envelope.npy
1238a3fee4c349393460466743c003c45afa888de3bc477b8e4db3f08ab517be	46128	data/processed/S0173a_ablation_C_envelope_valid_samples.npy
3df7832234ab946b0bc54a82454e78b70adcb9902b3619f6ae4629020d23e850	368128	data/processed/S0173a_ablation_C_times.npy
4f1fbca7b362d2c008b6f163cfc97f66ab101094a840e2b31378f2df8221d3d6	184128	data/processed/S0173a_ablation_C_waveform.npy
6000221d5e73682bb842bb272e755faa316a6b66d15ad8d3718a5f057a33b327	46128	data/processed/S0173a_ablation_C_waveform_valid_samples.npy
3df7832234ab946b0bc54a82454e78b70adcb9902b3619f6ae4629020d23e850	368128	data/processed/S0173a_ablation_times.npy
6000221d5e73682bb842bb272e755faa316a6b66d15ad8d3718a5f057a33b327	46128	data/processed/S0173a_ablation_valid_samples.npy
d53c669d7491856b8650bc3c317648264f56f927aab8d042cc6d556eaeb9c3bc	2274	data/processed/S0173a_aligned_ablation.alignment.json
bb295df7d3e096d26d38ef130a69c440dd3ac41ab215fd9456e2efa6a05be0ed	188416	data/processed/S0173a_aligned_ablation.mseed
0ad3183fc8119bb105c06d5241748d95f4ed3692254a36734af1686d6edf3142	2650	data/processed/S0173a_aligned_paperfaith.alignment.json
dd090ceb73ffe1835a9aae273c922cb656363a1464d4edc3d501059afb0a283b	210432	data/processed/S0173a_aligned_paperfaith.mseed
77907cbbfaf00e4c630ae790d9b57c54d84e7236c154ed7f5d3c13f911ded421	4294601	data/processed/S0173a_fdpa.npz
034418b763313fcfdbe5953426ddbe417c50ebfa6000d3a4846c1b00aeca86a7	6143	data/processed/S0173a_glitch_flags.json
e8c26db6ed7f61bcd224dd30e32efdf4d92ae08c76b60c78dbeeccd6f91277c8	4245983	data/processed/S0173a_mk_filterbank.npz
b208ad1c284c053341d17bab9b6ad07d51b6f83a7db0665da4c9be3fb9210879	2137	data/processed/S0173a_paperfaith_A.normalization.json
50e629b198b735420ca16ce5439696f9324e6412f4f8a4f64ac012497326debe	184128	data/processed/S0173a_paperfaith_A_envelope.npy
1238a3fee4c349393460466743c003c45afa888de3bc477b8e4db3f08ab517be	46128	data/processed/S0173a_paperfaith_A_envelope_valid_samples.npy
3df7832234ab946b0bc54a82454e78b70adcb9902b3619f6ae4629020d23e850	368128	data/processed/S0173a_paperfaith_A_times.npy
abfd62b4bf9801bc42e238f9f0a93abc7acf7bf77a8313dc3c074f7b93003bde	184128	data/processed/S0173a_paperfaith_A_waveform.npy
6000221d5e73682bb842bb272e755faa316a6b66d15ad8d3718a5f057a33b327	46128	data/processed/S0173a_paperfaith_A_waveform_valid_samples.npy
c8f034692b4de9726d50fbbf6ac33a874ecc399db404cf403a8b73f3dec2f3e0	2139	data/processed/S0173a_paperfaith_B.normalization.json
026181ff98363e9e56debf178c5fc55fd67ab3772847bfd2b63dd90e7025a8b8	184128	data/processed/S0173a_paperfaith_B_envelope.npy
1238a3fee4c349393460466743c003c45afa888de3bc477b8e4db3f08ab517be	46128	data/processed/S0173a_paperfaith_B_envelope_valid_samples.npy
3df7832234ab946b0bc54a82454e78b70adcb9902b3619f6ae4629020d23e850	368128	data/processed/S0173a_paperfaith_B_times.npy
78ef264ae340902743455a6eefcf38a203e4f31fd86cf52d35cc47bc8ff54573	184128	data/processed/S0173a_paperfaith_B_waveform.npy
6000221d5e73682bb842bb272e755faa316a6b66d15ad8d3718a5f057a33b327	46128	data/processed/S0173a_paperfaith_B_waveform_valid_samples.npy
68f14d7e2228df738af12d411a670bf1f14f1a7bf026649b349c66a4cd3858df	2136	data/processed/S0173a_paperfaith_C.normalization.json
eeba628b3ca8cb6a07bb11d207797ceacf0d5f871192f53d7c2c4d67510c6feb	184128	data/processed/S0173a_paperfaith_C_envelope.npy
1238a3fee4c349393460466743c003c45afa888de3bc477b8e4db3f08ab517be	46128	data/processed/S0173a_paperfaith_C_envelope_valid_samples.npy
3df7832234ab946b0bc54a82454e78b70adcb9902b3619f6ae4629020d23e850	368128	data/processed/S0173a_paperfaith_C_times.npy
1baa14d72bfde83f7677107ddf2f0abe1e8f597819fbdab5d528cf470cd41271	184128	data/processed/S0173a_paperfaith_C_waveform.npy
6000221d5e73682bb842bb272e755faa316a6b66d15ad8d3718a5f057a33b327	46128	data/processed/S0173a_paperfaith_C_waveform_valid_samples.npy
3df7832234ab946b0bc54a82454e78b70adcb9902b3619f6ae4629020d23e850	368128	data/processed/S0173a_paperfaith_times.npy
6000221d5e73682bb842bb272e755faa316a6b66d15ad8d3718a5f057a33b327	46128	data/processed/S0173a_paperfaith_valid_samples.npy
df4659fc1ad3868b8f8dd4708d7ee2dc6918b72aec49ab53d09650ded8573c9e	691200	data/processed/S0189a_ZNE.mseed
8153e37f010d9a7945d70ea40b65cd085458c6e0515d9ec3c6191629f0b8b50d	1008	data/processed/S0189a_ZNE.rotation.json
caab1c53e051a64fcf35489cff047e0b3f1c5e1f792a0a714632219c504a8764	629	data/processed/S0189a_Z_filt.bandpass.json
ec852a06b710057d54fb7b738971d14440029a11e520bcdd59bed102374b5d38	208896	data/processed/S0189a_Z_filt.mseed
bc018ec34a3889f8eb8f8fb0ca3d2c76081f23ba04425ffb8ae5e2a3207735d2	230400	data/processed/S0189a_Z_polfilt.mseed
8f0d0e73043c71b972dbea735288dedf86c23b16d9f9643d32475acbdffe7042	1339	data/processed/S0189a_Z_polfilt.polarization.json
686b272c1e4513860641934b176958c58fcef5a77ef62edbb475cd996805b50b	2127	data/processed/S0189a_ablation_A.normalization.json
262a23aae49937ca6aafba3b112369ba78ad06487fb2c973eb99f0158d54e608	184128	data/processed/S0189a_ablation_A_envelope.npy
68bf62acb3d299512f7e5af8fb25c98b531ab5d063406a9f00f7a0f7b4ffdb3d	46128	data/processed/S0189a_ablation_A_envelope_valid_samples.npy
3df7832234ab946b0bc54a82454e78b70adcb9902b3619f6ae4629020d23e850	368128	data/processed/S0189a_ablation_A_times.npy
7834d86cfbd0143ad81f588337c4cf3cb1f3d23199cd11f8c51909864fdf6eb0	184128	data/processed/S0189a_ablation_A_waveform.npy
872d15512f7fd878a829b27ed4088cc56fc29270d628f6aefee8be8048e0bb41	46128	data/processed/S0189a_ablation_A_waveform_valid_samples.npy
9358bda20f21af1be02b87fed18c11849c61fdb96422b250b68920723ceedad4	2129	data/processed/S0189a_ablation_B.normalization.json
7a9f8504ef3ecccd3af1e9fd5ec7fde514b9af1a25c092a82b0c0d01522ef963	184128	data/processed/S0189a_ablation_B_envelope.npy
68bf62acb3d299512f7e5af8fb25c98b531ab5d063406a9f00f7a0f7b4ffdb3d	46128	data/processed/S0189a_ablation_B_envelope_valid_samples.npy
3df7832234ab946b0bc54a82454e78b70adcb9902b3619f6ae4629020d23e850	368128	data/processed/S0189a_ablation_B_times.npy
0498ed956fa69c6d574a67b92ccbabbf2dada1702f18b0f47f28a5f37710c0ab	184128	data/processed/S0189a_ablation_B_waveform.npy
872d15512f7fd878a829b27ed4088cc56fc29270d628f6aefee8be8048e0bb41	46128	data/processed/S0189a_ablation_B_waveform_valid_samples.npy
38f0e3deb0fd4f5c2f2bb613062d4bf7c23dbd76bfa818f6a953a9ece7296094	2126	data/processed/S0189a_ablation_C.normalization.json
98850356f6799f0425ac7bee1cba240eb0c4decd9cce20e09aec91c94a41cacd	184128	data/processed/S0189a_ablation_C_envelope.npy
68bf62acb3d299512f7e5af8fb25c98b531ab5d063406a9f00f7a0f7b4ffdb3d	46128	data/processed/S0189a_ablation_C_envelope_valid_samples.npy
3df7832234ab946b0bc54a82454e78b70adcb9902b3619f6ae4629020d23e850	368128	data/processed/S0189a_ablation_C_times.npy
eb5a750cc6f8fa5cba48e59725541d4b3efb16085b8bfc3c0d7a8de7caa0874c	184128	data/processed/S0189a_ablation_C_waveform.npy
872d15512f7fd878a829b27ed4088cc56fc29270d628f6aefee8be8048e0bb41	46128	data/processed/S0189a_ablation_C_waveform_valid_samples.npy
3df7832234ab946b0bc54a82454e78b70adcb9902b3619f6ae4629020d23e850	368128	data/processed/S0189a_ablation_times.npy
872d15512f7fd878a829b27ed4088cc56fc29270d628f6aefee8be8048e0bb41	46128	data/processed/S0189a_ablation_valid_samples.npy
804689eed7301d038ce34eea53a7b48a1dc77e46147fb9ec9c812913c4f9758d	2271	data/processed/S0189a_aligned_ablation.alignment.json
b50b77d9c07e5e792aafac8aa44b5b6beb0a7a651b83fcb2a18cdb1bafd6a68f	188416	data/processed/S0189a_aligned_ablation.mseed
4144927cdf421c2675170c8ba688c1e0fc68e01a16f6277b02ea8661f07e89fb	2647	data/processed/S0189a_aligned_paperfaith.alignment.json
4ee8a506661afbc45c97d99500d7bf10242cb88049a297d774218914ad69da31	210432	data/processed/S0189a_aligned_paperfaith.mseed
fad2aebe6f7c35658b35b93708d2f8e1582907c8206b329cebae2c8e47b27814	4306293	data/processed/S0189a_fdpa.npz
cd7e87b472694ecab9d1a21165aef10bad81e80a610cc13f656f3845acfff472	1080	data/processed/S0189a_glitch_flags.json
f7e73bc623d29b5e7fa74d8e066a456e418f35ee12aff0078fb812f0ec2e5008	4212917	data/processed/S0189a_mk_filterbank.npz
48c2f4a2bef60ff9a6484ff8fd8ef18e51c5ef6ef20e2bb8b02f1f27baeb9c89	2137	data/processed/S0189a_paperfaith_A.normalization.json
5a4bd02ab5484e5ee8d53b28189351254c5d2e4880f36050ce0326999fb9cd18	184128	data/processed/S0189a_paperfaith_A_envelope.npy
68bf62acb3d299512f7e5af8fb25c98b531ab5d063406a9f00f7a0f7b4ffdb3d	46128	data/processed/S0189a_paperfaith_A_envelope_valid_samples.npy
3df7832234ab946b0bc54a82454e78b70adcb9902b3619f6ae4629020d23e850	368128	data/processed/S0189a_paperfaith_A_times.npy
c3cdfe8b6282b9a2a603d692c0d3132a16d631528951d52421ffa5c24bc5eeb9	184128	data/processed/S0189a_paperfaith_A_waveform.npy
872d15512f7fd878a829b27ed4088cc56fc29270d628f6aefee8be8048e0bb41	46128	data/processed/S0189a_paperfaith_A_waveform_valid_samples.npy
ed3394d68468bb360f3e5b297661015fb62ea9c6df2d2ea5a3eb0665882c6990	2139	data/processed/S0189a_paperfaith_B.normalization.json
a04f972058a363c9358232dd1b4180f2c4dea8985f187fcf4fb8cb1129588a66	184128	data/processed/S0189a_paperfaith_B_envelope.npy
68bf62acb3d299512f7e5af8fb25c98b531ab5d063406a9f00f7a0f7b4ffdb3d	46128	data/processed/S0189a_paperfaith_B_envelope_valid_samples.npy
3df7832234ab946b0bc54a82454e78b70adcb9902b3619f6ae4629020d23e850	368128	data/processed/S0189a_paperfaith_B_times.npy
8ff356a722f973ab00559d229dfe3ccb7468a38f928fd1ddd5b3b681b3cb24b0	184128	data/processed/S0189a_paperfaith_B_waveform.npy
872d15512f7fd878a829b27ed4088cc56fc29270d628f6aefee8be8048e0bb41	46128	data/processed/S0189a_paperfaith_B_waveform_valid_samples.npy
08641f6e86c8cf21ebd8f107805b04a5d6a83c21101cadcdea5354d1a5c06945	2136	data/processed/S0189a_paperfaith_C.normalization.json
3113f493461d777e31f5ca0805b2b7b1f662cec11d65029814a4f74066f2c876	184128	data/processed/S0189a_paperfaith_C_envelope.npy
68bf62acb3d299512f7e5af8fb25c98b531ab5d063406a9f00f7a0f7b4ffdb3d	46128	data/processed/S0189a_paperfaith_C_envelope_valid_samples.npy
3df7832234ab946b0bc54a82454e78b70adcb9902b3619f6ae4629020d23e850	368128	data/processed/S0189a_paperfaith_C_times.npy
acebddbf71871429421a5724d63b1a8e55a5c9c3453ebb39263aeb33855e4d64	184128	data/processed/S0189a_paperfaith_C_waveform.npy
872d15512f7fd878a829b27ed4088cc56fc29270d628f6aefee8be8048e0bb41	46128	data/processed/S0189a_paperfaith_C_waveform_valid_samples.npy
3df7832234ab946b0bc54a82454e78b70adcb9902b3619f6ae4629020d23e850	368128	data/processed/S0189a_paperfaith_times.npy
872d15512f7fd878a829b27ed4088cc56fc29270d628f6aefee8be8048e0bb41	46128	data/processed/S0189a_paperfaith_valid_samples.npy
8def34f5aa1cb8eff7a14b305b22e10c49e03841e39c05eeb590cfff2a5e8044	691200	data/processed/S0235b_ZNE.mseed
487804767eeba0e9c15346af39c7745a79a318118d7749e5f147fcd6d3d1ca92	1008	data/processed/S0235b_ZNE.rotation.json
4b70ccc8c9f82ad4c3bd0eb95d7d5794cbc173ddc73c76cbf544bb1c8531347c	629	data/processed/S0235b_Z_filt.bandpass.json
aecc803b0d53896ff2ff7923a2fea57fca66359e7058d6c892796a706ffeaece	208896	data/processed/S0235b_Z_filt.mseed
597e5ecc94b878bb5640d13a4c57509c4ba22033dca27ebd73f0fd52fdeb3de2	230400	data/processed/S0235b_Z_polfilt.mseed
2bbb8c18e273cb21f7c5b0f1260121cf39acdd242283ffbe8e98b42958cba92a	1339	data/processed/S0235b_Z_polfilt.polarization.json
94587473d4ad158cdd6b0ed2cbdbf9efd0f8de2d4711ef5a8c6f234af82bd212	2127	data/processed/S0235b_ablation_A.normalization.json
37047b91506dc5461bde2fa0d1adbcc5eec2a34218428a07dfc3b0147a541e49	184128	data/processed/S0235b_ablation_A_envelope.npy
1238a3fee4c349393460466743c003c45afa888de3bc477b8e4db3f08ab517be	46128	data/processed/S0235b_ablation_A_envelope_valid_samples.npy
3df7832234ab946b0bc54a82454e78b70adcb9902b3619f6ae4629020d23e850	368128	data/processed/S0235b_ablation_A_times.npy
f9cabbd0627bedd2ab8b317355b90fef3e4639ff47984a7d67edafa5a14df264	184128	data/processed/S0235b_ablation_A_waveform.npy
6000221d5e73682bb842bb272e755faa316a6b66d15ad8d3718a5f057a33b327	46128	data/processed/S0235b_ablation_A_waveform_valid_samples.npy
ed6e6b39fdb5f634175241e529a213bb71c75d137509ce29b5471851d50d7bb0	2129	data/processed/S0235b_ablation_B.normalization.json
a33f7d636a93b13c2ecf6627f2b325d0e844f9c981a40f46ab6ad867bbdbbceb	184128	data/processed/S0235b_ablation_B_envelope.npy
1238a3fee4c349393460466743c003c45afa888de3bc477b8e4db3f08ab517be	46128	data/processed/S0235b_ablation_B_envelope_valid_samples.npy
3df7832234ab946b0bc54a82454e78b70adcb9902b3619f6ae4629020d23e850	368128	data/processed/S0235b_ablation_B_times.npy
539350331a454f5504de4ba6fdd7d2ef2514dbc8d6ea7867d4c6d2cc3408f794	184128	data/processed/S0235b_ablation_B_waveform.npy
6000221d5e73682bb842bb272e755faa316a6b66d15ad8d3718a5f057a33b327	46128	data/processed/S0235b_ablation_B_waveform_valid_samples.npy
6fd494dbe064124fede6f2c242d4fcb159d955917448c1c92e41a14fca831f61	2126	data/processed/S0235b_ablation_C.normalization.json
90e7ae574df420a3d1a3063d6eb7c19b836886435274b47c1e0bb4c208958cfd	184128	data/processed/S0235b_ablation_C_envelope.npy
1238a3fee4c349393460466743c003c45afa888de3bc477b8e4db3f08ab517be	46128	data/processed/S0235b_ablation_C_envelope_valid_samples.npy
3df7832234ab946b0bc54a82454e78b70adcb9902b3619f6ae4629020d23e850	368128	data/processed/S0235b_ablation_C_times.npy
43e761f065beebfbdb595a75f778d68cc2c7f1cf0ae2c4cd13bd60f3da4f6e45	184128	data/processed/S0235b_ablation_C_waveform.npy
6000221d5e73682bb842bb272e755faa316a6b66d15ad8d3718a5f057a33b327	46128	data/processed/S0235b_ablation_C_waveform_valid_samples.npy
3df7832234ab946b0bc54a82454e78b70adcb9902b3619f6ae4629020d23e850	368128	data/processed/S0235b_ablation_times.npy
6000221d5e73682bb842bb272e755faa316a6b66d15ad8d3718a5f057a33b327	46128	data/processed/S0235b_ablation_valid_samples.npy
e62b2d0316cdf4396076df0d92c1493cf998f19a35031d470f1cbbd411465d00	2275	data/processed/S0235b_aligned_ablation.alignment.json
976184c6041a67d4901724699cd580857cad5edbbb998269e62a78b155b9e594	188416	data/processed/S0235b_aligned_ablation.mseed
01959b0fa117075836078d3c5da345f08cf73558eede36d2ae94b45997072f08	2651	data/processed/S0235b_aligned_paperfaith.alignment.json
b1071682575a2ba7e195e57bbbf4e7fec18c65528677e8be3d76d71c8b57a75b	210432	data/processed/S0235b_aligned_paperfaith.mseed
caecade4fda0a04f20c70f17c39d72628c67894f5c204beb2fbe57ac38fca0b7	4291539	data/processed/S0235b_fdpa.npz
87e022e51070f8e36a0545c20ff0051881da7346d9ee158ff61de4cd017fbfa2	4203	data/processed/S0235b_glitch_flags.json
4221fffc20e24a47ff43795998c1663c0cc341cc784493f077a3c124801e6604	4219027	data/processed/S0235b_mk_filterbank.npz
c86e202c607a148901936914cd72983b703cda966a2bdeee6700c73916c3124a	2137	data/processed/S0235b_paperfaith_A.normalization.json
8d425024526ed516ecd99319607918f84e20f9b47e09dca7ce54b7a2909bff32	184128	data/processed/S0235b_paperfaith_A_envelope.npy
1238a3fee4c349393460466743c003c45afa888de3bc477b8e4db3f08ab517be	46128	data/processed/S0235b_paperfaith_A_envelope_valid_samples.npy
3df7832234ab946b0bc54a82454e78b70adcb9902b3619f6ae4629020d23e850	368128	data/processed/S0235b_paperfaith_A_times.npy
be03d81486cfbf6f3b297d21c7ebe3dfe88c61f4a0552500e63abc5c112e15ba	184128	data/processed/S0235b_paperfaith_A_waveform.npy
6000221d5e73682bb842bb272e755faa316a6b66d15ad8d3718a5f057a33b327	46128	data/processed/S0235b_paperfaith_A_waveform_valid_samples.npy
d4ee4b6cfdc71c3538725a83207d045212830c3322cc97a6dcc6091112cd7554	2139	data/processed/S0235b_paperfaith_B.normalization.json
6d18b966c5c1c294f9ebbdcb96f9dd931ed509db960d42797dfd4edc1987ae95	184128	data/processed/S0235b_paperfaith_B_envelope.npy
1238a3fee4c349393460466743c003c45afa888de3bc477b8e4db3f08ab517be	46128	data/processed/S0235b_paperfaith_B_envelope_valid_samples.npy
3df7832234ab946b0bc54a82454e78b70adcb9902b3619f6ae4629020d23e850	368128	data/processed/S0235b_paperfaith_B_times.npy
f28efcd362d63cb9377f773b8c608640bd6e218f86f52c6217966752f16e6693	184128	data/processed/S0235b_paperfaith_B_waveform.npy
6000221d5e73682bb842bb272e755faa316a6b66d15ad8d3718a5f057a33b327	46128	data/processed/S0235b_paperfaith_B_waveform_valid_samples.npy
1b93239b099dc8babfa77f6249bdacfd606a774e6b61e4fb999546637c2a9645	2136	data/processed/S0235b_paperfaith_C.normalization.json
77f9c09da6d4a8e8139e8de7f02c935fd04710fdc11bac75151da300e50bf020	184128	data/processed/S0235b_paperfaith_C_envelope.npy
1238a3fee4c349393460466743c003c45afa888de3bc477b8e4db3f08ab517be	46128	data/processed/S0235b_paperfaith_C_envelope_valid_samples.npy
3df7832234ab946b0bc54a82454e78b70adcb9902b3619f6ae4629020d23e850	368128	data/processed/S0235b_paperfaith_C_times.npy
534653df160d8befcdae8fed26fedb750e42041dedcf36c90a8c78f285d747eb	184128	data/processed/S0235b_paperfaith_C_waveform.npy
6000221d5e73682bb842bb272e755faa316a6b66d15ad8d3718a5f057a33b327	46128	data/processed/S0235b_paperfaith_C_waveform_valid_samples.npy
3df7832234ab946b0bc54a82454e78b70adcb9902b3619f6ae4629020d23e850	368128	data/processed/S0235b_paperfaith_times.npy
6000221d5e73682bb842bb272e755faa316a6b66d15ad8d3718a5f057a33b327	46128	data/processed/S0235b_paperfaith_valid_samples.npy
6a3395d8d4d9ca80b061912684f061a8602d4204cd143fc5fbfe738675c759da	691200	data/processed/S0290b_ZNE.mseed
2aec1b74b5bbec0bdb303404250f4fa200ed6794f93889652b811be19448d7d0	1010	data/processed/S0290b_ZNE.rotation.json
c30a74884e2c07dd95f38fd5e778728dbf714f761ace7c96c7ab837d3b5f3305	629	data/processed/S0290b_Z_filt.bandpass.json
59300fb14a94af77363f09cb71e4ee84ed5d3a096dd6445696ec1d1e17204346	208896	data/processed/S0290b_Z_filt.mseed
04b84fab9e006009e005b677fc76c28b4396b738056087b8d693a064dfcaa720	230400	data/processed/S0290b_Z_polfilt.mseed
882159384946cfd24adcc72142cb861776eb296d7258f3b08361496e86e38d72	1339	data/processed/S0290b_Z_polfilt.polarization.json
0d307747577f068f7a40ff2fafcc7ce9e5efd81a654535057430492ede4dc4d9	2127	data/processed/S0290b_ablation_A.normalization.json
098018580aa9756852863bb351894048c6177aeaebfe3c0ebb384c4d2b72ea5a	184128	data/processed/S0290b_ablation_A_envelope.npy
c6f1c0bd391c742d62d1cb45854bb1cfa83cc725526409b619042f85a412a2e1	46128	data/processed/S0290b_ablation_A_envelope_valid_samples.npy
3df7832234ab946b0bc54a82454e78b70adcb9902b3619f6ae4629020d23e850	368128	data/processed/S0290b_ablation_A_times.npy
6a3a91699ba0fe1d7574aa4c0155fcf08454840ee89d58c3b3e266b5cf781024	184128	data/processed/S0290b_ablation_A_waveform.npy
2862fa6825b415ccfc7c73d1ab1444a952a84dded4de7d23298db91c736c3f01	46128	data/processed/S0290b_ablation_A_waveform_valid_samples.npy
ebb57e3b6c01daf4cbd3dcb11638d579db9b537e61266eaccd13407349979106	2129	data/processed/S0290b_ablation_B.normalization.json
dca0bf205780582319aeac302c3539022dc03a057d5886a735cd1c20d5fb1b93	184128	data/processed/S0290b_ablation_B_envelope.npy
c6f1c0bd391c742d62d1cb45854bb1cfa83cc725526409b619042f85a412a2e1	46128	data/processed/S0290b_ablation_B_envelope_valid_samples.npy
3df7832234ab946b0bc54a82454e78b70adcb9902b3619f6ae4629020d23e850	368128	data/processed/S0290b_ablation_B_times.npy
b2d946531ff03c5e8fbdbb0535c391e40d8edf3aa8b19eea3c9fc41c88f6ea86	184128	data/processed/S0290b_ablation_B_waveform.npy
2862fa6825b415ccfc7c73d1ab1444a952a84dded4de7d23298db91c736c3f01	46128	data/processed/S0290b_ablation_B_waveform_valid_samples.npy
73aef0c4ff59016ab1b9d95afd718b01ca3e29050d4ab65dc68c1ff01b7a1417	2126	data/processed/S0290b_ablation_C.normalization.json
04662cc05dcd64d5981d4ab8920c911961a003a03a8e15d812106ad40a6fc003	184128	data/processed/S0290b_ablation_C_envelope.npy
c6f1c0bd391c742d62d1cb45854bb1cfa83cc725526409b619042f85a412a2e1	46128	data/processed/S0290b_ablation_C_envelope_valid_samples.npy
3df7832234ab946b0bc54a82454e78b70adcb9902b3619f6ae4629020d23e850	368128	data/processed/S0290b_ablation_C_times.npy
c00b7b6b2d70a4a85104e07556d0c3742343db52f2227f852479823df9082911	184128	data/processed/S0290b_ablation_C_waveform.npy
2862fa6825b415ccfc7c73d1ab1444a952a84dded4de7d23298db91c736c3f01	46128	data/processed/S0290b_ablation_C_waveform_valid_samples.npy
3df7832234ab946b0bc54a82454e78b70adcb9902b3619f6ae4629020d23e850	368128	data/processed/S0290b_ablation_times.npy
2862fa6825b415ccfc7c73d1ab1444a952a84dded4de7d23298db91c736c3f01	46128	data/processed/S0290b_ablation_valid_samples.npy
6c65ce175ef00ac19ba42622c96d179efedea84e39ace6cf7de54665d408eff0	2275	data/processed/S0290b_aligned_ablation.alignment.json
c7604c22d90b62129cbd038718d1562c5e69cbbd450c359caff2b6f3edb0dcde	188416	data/processed/S0290b_aligned_ablation.mseed
243c32715eaa7a93c546ace555e6bda285a2806328b5664af4efc668f069f971	2651	data/processed/S0290b_aligned_paperfaith.alignment.json
845ea81a87bbedf737073d9b05767b584d5addc69316f0da5ec0456d2810ab04	210432	data/processed/S0290b_aligned_paperfaith.mseed
9ee4aea82f2f6028bea79fa7c896d5e33de8f5a214c2df83feba4079b5eb4db5	4350218	data/processed/S0290b_fdpa.npz
6f08517cde937413ce5c0316c5d394971ee372e283f1547dfb2676157e8bb259	1292	data/processed/S0290b_glitch_flags.json
d1f0dae4903c38e3f4315229d773af83aa3570ef862da61fb62ba3956c275129	4237405	data/processed/S0290b_mk_filterbank.npz
b0ef0d051697986a74fdc468c8a1067866ee277535308941a6e355d85b1cf6c6	2137	data/processed/S0290b_paperfaith_A.normalization.json
37ba2cc4b15a0616a827a34ff7f305abf4bc5bcb82dbdf9cbb95927340ee644f	184128	data/processed/S0290b_paperfaith_A_envelope.npy
c6f1c0bd391c742d62d1cb45854bb1cfa83cc725526409b619042f85a412a2e1	46128	data/processed/S0290b_paperfaith_A_envelope_valid_samples.npy
3df7832234ab946b0bc54a82454e78b70adcb9902b3619f6ae4629020d23e850	368128	data/processed/S0290b_paperfaith_A_times.npy
e178cccf78be725dd0b2b7c83c5f89d389171a907c314ab87a4afe26d525738c	184128	data/processed/S0290b_paperfaith_A_waveform.npy
2862fa6825b415ccfc7c73d1ab1444a952a84dded4de7d23298db91c736c3f01	46128	data/processed/S0290b_paperfaith_A_waveform_valid_samples.npy
b6ac5a27c3ccde201bdf41fa690e636e527ab17490f821b2b5beea7d18207b91	2139	data/processed/S0290b_paperfaith_B.normalization.json
82810219e1fef57df0ca203b575f2acac96e3592282ba50a06c53e603b2770ef	184128	data/processed/S0290b_paperfaith_B_envelope.npy
c6f1c0bd391c742d62d1cb45854bb1cfa83cc725526409b619042f85a412a2e1	46128	data/processed/S0290b_paperfaith_B_envelope_valid_samples.npy
3df7832234ab946b0bc54a82454e78b70adcb9902b3619f6ae4629020d23e850	368128	data/processed/S0290b_paperfaith_B_times.npy
901ee8182eae46e068e75c2536aa29417266de3909a94d2476e207e2723c7471	184128	data/processed/S0290b_paperfaith_B_waveform.npy
2862fa6825b415ccfc7c73d1ab1444a952a84dded4de7d23298db91c736c3f01	46128	data/processed/S0290b_paperfaith_B_waveform_valid_samples.npy
856de5f2d142da397c600bc64d423943e462e3236d397061b6273ceba68f3e42	2136	data/processed/S0290b_paperfaith_C.normalization.json
57fbedaa9e871317a553ecafdfee4d41f004bf8224ce98c1eee453f3fe597cd6	184128	data/processed/S0290b_paperfaith_C_envelope.npy
c6f1c0bd391c742d62d1cb45854bb1cfa83cc725526409b619042f85a412a2e1	46128	data/processed/S0290b_paperfaith_C_envelope_valid_samples.npy
3df7832234ab946b0bc54a82454e78b70adcb9902b3619f6ae4629020d23e850	368128	data/processed/S0290b_paperfaith_C_times.npy
f3803a5c8b4b0aa825db7197434d68ec0e3d47e25ca886d0f3bf385f8a274018	184128	data/processed/S0290b_paperfaith_C_waveform.npy
2862fa6825b415ccfc7c73d1ab1444a952a84dded4de7d23298db91c736c3f01	46128	data/processed/S0290b_paperfaith_C_waveform_valid_samples.npy
3df7832234ab946b0bc54a82454e78b70adcb9902b3619f6ae4629020d23e850	368128	data/processed/S0290b_paperfaith_times.npy
2862fa6825b415ccfc7c73d1ab1444a952a84dded4de7d23298db91c736c3f01	46128	data/processed/S0290b_paperfaith_valid_samples.npy
e324d646184c3c1fbffc90756c52334556f5ff478bf8acbc56caca777371c313	691200	data/processed/S0325a_ZNE.mseed
f6d74153f3033d9ae12c551508aa9b250222d88bfd6ceafb7e674b094154d36a	1008	data/processed/S0325a_ZNE.rotation.json
51a8251d48b0ee8c5e3e18dfc42d54c16aba417d43081ac1432be2adf6029031	629	data/processed/S0325a_Z_filt.bandpass.json
71f8196630be35c28ab50c3ef8a2fb47512b2b6128566a94145f56169430ea3f	208896	data/processed/S0325a_Z_filt.mseed
d8e99abeff62cdc35a1bda9cc16cd4ca6435214bec43075c0b7121eeb308c9e7	230400	data/processed/S0325a_Z_polfilt.mseed
b63ec4044b2ef490e9388f018482f725cb394e7637183388cea2f0ac90b0574a	1339	data/processed/S0325a_Z_polfilt.polarization.json
be2ba235d1c7c94b4c2183b75e5bdca1eeca96bd31d4484761397ee8b8112226	2127	data/processed/S0325a_ablation_A.normalization.json
9d177aa969542eaffc8894101f6b7154ab82311d31a38f5b771399697363abe5	184128	data/processed/S0325a_ablation_A_envelope.npy
a801bae68c7ebd6941e0d98ed92d271da863c265ff147114291627ae0abfed8c	46128	data/processed/S0325a_ablation_A_envelope_valid_samples.npy
3df7832234ab946b0bc54a82454e78b70adcb9902b3619f6ae4629020d23e850	368128	data/processed/S0325a_ablation_A_times.npy
1c6e400f19c5a5afd878ce8a8535e0127281d5e0bf327ddac23702727ff54468	184128	data/processed/S0325a_ablation_A_waveform.npy
5732da75f8f70c96e8cc88b44b9efb6e06a77b91c6ff758c91be390409d8d00e	46128	data/processed/S0325a_ablation_A_waveform_valid_samples.npy
d74fe0af5934d594cb4f199bdb168ddced96348a2c9215340573a6f913344efb	2129	data/processed/S0325a_ablation_B.normalization.json
b2257e87f9b363571965ddc87f62aaa07d68d630e515470f0b099a0b25d3b000	184128	data/processed/S0325a_ablation_B_envelope.npy
a801bae68c7ebd6941e0d98ed92d271da863c265ff147114291627ae0abfed8c	46128	data/processed/S0325a_ablation_B_envelope_valid_samples.npy
3df7832234ab946b0bc54a82454e78b70adcb9902b3619f6ae4629020d23e850	368128	data/processed/S0325a_ablation_B_times.npy
002df31c074226ceb0c20f9fb344ccbfc77d446cd0349a7ec3c297829ba5fd12	184128	data/processed/S0325a_ablation_B_waveform.npy
5732da75f8f70c96e8cc88b44b9efb6e06a77b91c6ff758c91be390409d8d00e	46128	data/processed/S0325a_ablation_B_waveform_valid_samples.npy
2857964a3e97d4b174000291fb1b969da4f586209fd5631905660f30a614f2d7	2126	data/processed/S0325a_ablation_C.normalization.json
01a82d1d7b1c2a627be1b9ddb3d3ad8a4730a7312209161f9bcc18c3c9777da3	184128	data/processed/S0325a_ablation_C_envelope.npy
a801bae68c7ebd6941e0d98ed92d271da863c265ff147114291627ae0abfed8c	46128	data/processed/S0325a_ablation_C_envelope_valid_samples.npy
3df7832234ab946b0bc54a82454e78b70adcb9902b3619f6ae4629020d23e850	368128	data/processed/S0325a_ablation_C_times.npy
ec84d8bc827dbf1a33bc824c27f4d639e924146b67afacb8e7914da4c09ed9e3	184128	data/processed/S0325a_ablation_C_waveform.npy
5732da75f8f70c96e8cc88b44b9efb6e06a77b91c6ff758c91be390409d8d00e	46128	data/processed/S0325a_ablation_C_waveform_valid_samples.npy
3df7832234ab946b0bc54a82454e78b70adcb9902b3619f6ae4629020d23e850	368128	data/processed/S0325a_ablation_times.npy
5732da75f8f70c96e8cc88b44b9efb6e06a77b91c6ff758c91be390409d8d00e	46128	data/processed/S0325a_ablation_valid_samples.npy
729fdb8f8ad8ff45ec5abe69ba6c2fe63aa9b002314b94051b0e1ab67b1d4edb	2275	data/processed/S0325a_aligned_ablation.alignment.json
10e58e811ed848537b2abd5698cda68b85c9614a18e4e2c4bb3629df772c5c3f	188416	data/processed/S0325a_aligned_ablation.mseed
124162917765d182c74e4e5c037080abfa81c0cf628f55415f70025fd65d8157	2651	data/processed/S0325a_aligned_paperfaith.alignment.json
778ec98d392945181af607c31a3e071ab24f29f2353bbd623ce375eed7fbd9c5	210432	data/processed/S0325a_aligned_paperfaith.mseed
fe46e762a1c0c42fc28c412223688a0c30a001607c3c321fd6b9fa8a99f6065d	4350502	data/processed/S0325a_fdpa.npz
f0d0dafb42b468572d3d6189ea05f7332296fe2bf3e0a844cd182122c05c2abe	427	data/processed/S0325a_glitch_flags.json
8abfa868a7ac6d6f9f2657ed88d3e65c595c76e0ca5dd41a669dc6f3257f832a	4254367	data/processed/S0325a_mk_filterbank.npz
57ab2cc9621ee4dceaf38f75c8abc7464742749abfbe1582375f068d355d10f9	2137	data/processed/S0325a_paperfaith_A.normalization.json
eb59175d68d790cce43085c0ec1188841dc623f8bb6fd84711d5e02e2d63b48f	184128	data/processed/S0325a_paperfaith_A_envelope.npy
a801bae68c7ebd6941e0d98ed92d271da863c265ff147114291627ae0abfed8c	46128	data/processed/S0325a_paperfaith_A_envelope_valid_samples.npy
3df7832234ab946b0bc54a82454e78b70adcb9902b3619f6ae4629020d23e850	368128	data/processed/S0325a_paperfaith_A_times.npy
86be692706f1e198b25d7642a9d6d68afc51ceb8f2d6b01ac092f2d2845ffca2	184128	data/processed/S0325a_paperfaith_A_waveform.npy
5732da75f8f70c96e8cc88b44b9efb6e06a77b91c6ff758c91be390409d8d00e	46128	data/processed/S0325a_paperfaith_A_waveform_valid_samples.npy
c4570678d0a916d307d9e9b85a2e8bbbb78ddb6e0d35056abffc521a19035f63	2139	data/processed/S0325a_paperfaith_B.normalization.json
1b82bb28449b5a8331d8c9e8df01edf79baa42ae7758bfebe692bda4db8e023f	184128	data/processed/S0325a_paperfaith_B_envelope.npy
a801bae68c7ebd6941e0d98ed92d271da863c265ff147114291627ae0abfed8c	46128	data/processed/S0325a_paperfaith_B_envelope_valid_samples.npy
3df7832234ab946b0bc54a82454e78b70adcb9902b3619f6ae4629020d23e850	368128	data/processed/S0325a_paperfaith_B_times.npy
706549bdc8346c802ad1111184f52a454e0b95c4f74ebdddec51fae577199bde	184128	data/processed/S0325a_paperfaith_B_waveform.npy
5732da75f8f70c96e8cc88b44b9efb6e06a77b91c6ff758c91be390409d8d00e	46128	data/processed/S0325a_paperfaith_B_waveform_valid_samples.npy
f7018e3cf451491028fbe011168a2417179b734cc380bfb4d10c5b02dc8d4742	2136	data/processed/S0325a_paperfaith_C.normalization.json
9d45dfb59828a7177ebb28937a8e4d7469804962aaeee60c10841a2f2bc779b6	184128	data/processed/S0325a_paperfaith_C_envelope.npy
a801bae68c7ebd6941e0d98ed92d271da863c265ff147114291627ae0abfed8c	46128	data/processed/S0325a_paperfaith_C_envelope_valid_samples.npy
3df7832234ab946b0bc54a82454e78b70adcb9902b3619f6ae4629020d23e850	368128	data/processed/S0325a_paperfaith_C_times.npy
d5324cf9f8d480ed5666e748c4739974bd1a5165c1bec85b068d26d9e37a0bab	184128	data/processed/S0325a_paperfaith_C_waveform.npy
5732da75f8f70c96e8cc88b44b9efb6e06a77b91c6ff758c91be390409d8d00e	46128	data/processed/S0325a_paperfaith_C_waveform_valid_samples.npy
3df7832234ab946b0bc54a82454e78b70adcb9902b3619f6ae4629020d23e850	368128	data/processed/S0325a_paperfaith_times.npy
5732da75f8f70c96e8cc88b44b9efb6e06a77b91c6ff758c91be390409d8d00e	46128	data/processed/S0325a_paperfaith_valid_samples.npy
81a20d86c1d154d972c35e3c986dca2c5e5763762ff22adb77d2b7a5a9481356	691200	data/processed/S0474a_ZNE.mseed
57d4c576c40debafb87af2496352dd2fca57ee041b7abbcb3cf4d955d60e4911	1008	data/processed/S0474a_ZNE.rotation.json
bc32113dc835f4ddaf60984d2e94b6da975500b1fa8644d12d5f2ea70c665669	629	data/processed/S0474a_Z_filt.bandpass.json
2dbaaea04a65fe8eb397455dc12565c877304618e2ee83e66ba860fdef5f0997	208896	data/processed/S0474a_Z_filt.mseed
1379dcf30aea9eb3f5bba45838ad0eea797bf6e7d637a70270b1f871e38d2448	230400	data/processed/S0474a_Z_polfilt.mseed
e14465b20110009dba0b78c7e1316dd7a953a8368547a1715431e5ea125341b7	1339	data/processed/S0474a_Z_polfilt.polarization.json
6af57176dc45699d004d3d18e39d1791c24cc905aa73b2ad3d1c4c729e878bb2	2127	data/processed/S0474a_ablation_A.normalization.json
950f891473696e9879f79a217c90f0cdff776d5a5f0c2707114060eb3772a795	184128	data/processed/S0474a_ablation_A_envelope.npy
ee8a955048933cfb99c6c9acdfefb6df91294cf7cb868caa19ad4985385fed55	46128	data/processed/S0474a_ablation_A_envelope_valid_samples.npy
3df7832234ab946b0bc54a82454e78b70adcb9902b3619f6ae4629020d23e850	368128	data/processed/S0474a_ablation_A_times.npy
fe115fe8596a61d9ea80100372048a780e744d78b6129f7af0fae2c3187ca8a5	184128	data/processed/S0474a_ablation_A_waveform.npy
886e78803f786e13502635a56d0c381a80148b37c69a3fd0161df91d4040fd0d	46128	data/processed/S0474a_ablation_A_waveform_valid_samples.npy
dbc82e5a8827d76965d15b8a135d40bc66897c0ea8e2d75d3c235c75b0fda49f	2129	data/processed/S0474a_ablation_B.normalization.json
8955c9a5e6624071afa8fae295df2bde30b54e7bce0568f00ce2407e802e383f	184128	data/processed/S0474a_ablation_B_envelope.npy
ee8a955048933cfb99c6c9acdfefb6df91294cf7cb868caa19ad4985385fed55	46128	data/processed/S0474a_ablation_B_envelope_valid_samples.npy
3df7832234ab946b0bc54a82454e78b70adcb9902b3619f6ae4629020d23e850	368128	data/processed/S0474a_ablation_B_times.npy
e6b7fd3fff49d876e3c2b1e393fc272e71278610a998c8bd404f67150d51160e	184128	data/processed/S0474a_ablation_B_waveform.npy
886e78803f786e13502635a56d0c381a80148b37c69a3fd0161df91d4040fd0d	46128	data/processed/S0474a_ablation_B_waveform_valid_samples.npy
b267a0f46cd0945d236be97e8a64857abbb98738a03495aaaba7316f4314b315	2126	data/processed/S0474a_ablation_C.normalization.json
82aca2623367d1dcb5164ba8a523dda5f7d107a8a8a9a1af29addab9e2931f3d	184128	data/processed/S0474a_ablation_C_envelope.npy
ee8a955048933cfb99c6c9acdfefb6df91294cf7cb868caa19ad4985385fed55	46128	data/processed/S0474a_ablation_C_envelope_valid_samples.npy
3df7832234ab946b0bc54a82454e78b70adcb9902b3619f6ae4629020d23e850	368128	data/processed/S0474a_ablation_C_times.npy
11acc98b8ce42676ba58dfc5826a67ba8aaa03e3e167b4089efb264a712d646f	184128	data/processed/S0474a_ablation_C_waveform.npy
886e78803f786e13502635a56d0c381a80148b37c69a3fd0161df91d4040fd0d	46128	data/processed/S0474a_ablation_C_waveform_valid_samples.npy
3df7832234ab946b0bc54a82454e78b70adcb9902b3619f6ae4629020d23e850	368128	data/processed/S0474a_ablation_times.npy
886e78803f786e13502635a56d0c381a80148b37c69a3fd0161df91d4040fd0d	46128	data/processed/S0474a_ablation_valid_samples.npy
d48f1e66c5f7c9cf267d69b4f3c795a84afbbf73110cddbf30859d14164a1bb8	2258	data/processed/S0474a_aligned_ablation.alignment.json
677e5389ffcd9d587c8d6f8e5a2c63cbb0360fd36ad28612177d0c3e76820114	188416	data/processed/S0474a_aligned_ablation.mseed
02289a422741aa34803c50a0f64e565f59a6155d64e1485c72c1ff7fc8a4d12f	2634	data/processed/S0474a_aligned_paperfaith.alignment.json
7818b78eb7763845caa0b0f0466185cff4ab971f82ff63cbcaddadfcbf3231ec	210432	data/processed/S0474a_aligned_paperfaith.mseed
7a12569275a1ee4163448d06fd433a7bae9972cd2d5af681ede77da983697ed5	4261955	data/processed/S0474a_fdpa.npz
919fbce85cf56efaf791aeaf0cdba57a04f42992583d69a2aa849b20563b9014	1430	data/processed/S0474a_glitch_flags.json
bac0970cca49b67e1ecd93b837dfcb546f541e60dfdacf49d59ce03245ee1334	4203317	data/processed/S0474a_mk_filterbank.npz
dc5145565b424760fa83188d9908efe5ba89f1d7ee37c1d6d88143bbb18ea58d	2137	data/processed/S0474a_paperfaith_A.normalization.json
ec9e59346cffddbfa404ff23b05c8ee9018fe4c999c86430338b32c03289c7be	184128	data/processed/S0474a_paperfaith_A_envelope.npy
ee8a955048933cfb99c6c9acdfefb6df91294cf7cb868caa19ad4985385fed55	46128	data/processed/S0474a_paperfaith_A_envelope_valid_samples.npy
3df7832234ab946b0bc54a82454e78b70adcb9902b3619f6ae4629020d23e850	368128	data/processed/S0474a_paperfaith_A_times.npy
820337112ac11f8bea3a0ae53214d94c06a97eda35e971fd8910e71fb372711c	184128	data/processed/S0474a_paperfaith_A_waveform.npy
886e78803f786e13502635a56d0c381a80148b37c69a3fd0161df91d4040fd0d	46128	data/processed/S0474a_paperfaith_A_waveform_valid_samples.npy
46a2ed7e5d7b3551ee11a33c81edb9f276b12dd366d8e282572d9d9fe777684e	2139	data/processed/S0474a_paperfaith_B.normalization.json
6fa8cd4e28bc24df6b4e186c4c9d85a21e635126903e5eb82356eb4bbdec7919	184128	data/processed/S0474a_paperfaith_B_envelope.npy
ee8a955048933cfb99c6c9acdfefb6df91294cf7cb868caa19ad4985385fed55	46128	data/processed/S0474a_paperfaith_B_envelope_valid_samples.npy
3df7832234ab946b0bc54a82454e78b70adcb9902b3619f6ae4629020d23e850	368128	data/processed/S0474a_paperfaith_B_times.npy
c7406594b088d14de36b11e70cdcdfc0b4a006770fe7c3bb8aa7b05e724e9395	184128	data/processed/S0474a_paperfaith_B_waveform.npy
886e78803f786e13502635a56d0c381a80148b37c69a3fd0161df91d4040fd0d	46128	data/processed/S0474a_paperfaith_B_waveform_valid_samples.npy
bec48b14ced06994f02d9794c9e9c22917c885622f373806337a204203711ee9	2136	data/processed/S0474a_paperfaith_C.normalization.json
6ac112744d230b722de9bab4a3310a79202edb5acabde0786b0379bdce89f7c8	184128	data/processed/S0474a_paperfaith_C_envelope.npy
ee8a955048933cfb99c6c9acdfefb6df91294cf7cb868caa19ad4985385fed55	46128	data/processed/S0474a_paperfaith_C_envelope_valid_samples.npy
3df7832234ab946b0bc54a82454e78b70adcb9902b3619f6ae4629020d23e850	368128	data/processed/S0474a_paperfaith_C_times.npy
5e2746ed524f9f8b106af57ed885ed430161e98b28dcf61bb2a11d3ee048528a	184128	data/processed/S0474a_paperfaith_C_waveform.npy
886e78803f786e13502635a56d0c381a80148b37c69a3fd0161df91d4040fd0d	46128	data/processed/S0474a_paperfaith_C_waveform_valid_samples.npy
3df7832234ab946b0bc54a82454e78b70adcb9902b3619f6ae4629020d23e850	368128	data/processed/S0474a_paperfaith_times.npy
886e78803f786e13502635a56d0c381a80148b37c69a3fd0161df91d4040fd0d	46128	data/processed/S0474a_paperfaith_valid_samples.npy
1205e5c750edc93005df2bb7c0d5d1796b325e1a4a9237a59cc07f7296f25aae	691200	data/processed/S0484b_ZNE.mseed
5ea2dc196a96af4d803fc8020766a62f471e660ee3ce882f7bd3833a38de8a01	1010	data/processed/S0484b_ZNE.rotation.json
bbe2030d1d9a70ed0bebb48d37a5ae41e505d0d3fd716989184c38a9796c3581	629	data/processed/S0484b_Z_filt.bandpass.json
d8bdc8a29ae257ccc5921293238edbae4108e148387a624568093690bb2e8260	208896	data/processed/S0484b_Z_filt.mseed
95b12a5958890334908b93d118ce9ddda1c8ea9be78df0bfc4591b993a2119b4	230400	data/processed/S0484b_Z_polfilt.mseed
bf504dab23e3e864ede4e1032f67b3075a4de57e8f89adc7dfd6b1956b366414	1339	data/processed/S0484b_Z_polfilt.polarization.json
4a324502a816a413b5a7d97ec45b3f55558e87eb99d1ebf10e3eee274d6e1515	2127	data/processed/S0484b_ablation_A.normalization.json
fd6cba5d02eec1a542a2b8f09af42af466534fe119967649d85674a9a1324e0c	184128	data/processed/S0484b_ablation_A_envelope.npy
82bfd8d0023756c318746c5d927fdf358a06901839c01e95a0b334e998eaf45c	46128	data/processed/S0484b_ablation_A_envelope_valid_samples.npy
3df7832234ab946b0bc54a82454e78b70adcb9902b3619f6ae4629020d23e850	368128	data/processed/S0484b_ablation_A_times.npy
0e999009953df3c0e5f9a5fdba2cf0856fc994b0aed445c1b67a06cc5fb24555	184128	data/processed/S0484b_ablation_A_waveform.npy
cd1e8c1ff5866c052235af204fe74bdee782b6ccd879137de28450665e9224f7	46128	data/processed/S0484b_ablation_A_waveform_valid_samples.npy
f2b30dd2db89fc1f8cdc6f96fb1a7ca1e316a6d8d9bbf48bf2d3549e60c0d12b	2129	data/processed/S0484b_ablation_B.normalization.json
7a45ded85b1e4b5978ea54622e8d71fbd22571a22dfe48a9fc00ee94514dd928	184128	data/processed/S0484b_ablation_B_envelope.npy
82bfd8d0023756c318746c5d927fdf358a06901839c01e95a0b334e998eaf45c	46128	data/processed/S0484b_ablation_B_envelope_valid_samples.npy
3df7832234ab946b0bc54a82454e78b70adcb9902b3619f6ae4629020d23e850	368128	data/processed/S0484b_ablation_B_times.npy
73f27301e4df6c5bef5263a61ff77d1a459eb4e5b02c27a5c5008b18b22b29ba	184128	data/processed/S0484b_ablation_B_waveform.npy
cd1e8c1ff5866c052235af204fe74bdee782b6ccd879137de28450665e9224f7	46128	data/processed/S0484b_ablation_B_waveform_valid_samples.npy
d6e88d197204a524f2475c217918bbd8ce9f28cb1562b782a7ecb163231f1d79	2126	data/processed/S0484b_ablation_C.normalization.json
f1330fc6801360d437a8491a6df9b4d5beee5463f9b18ed3a6db3d8541ad5406	184128	data/processed/S0484b_ablation_C_envelope.npy
82bfd8d0023756c318746c5d927fdf358a06901839c01e95a0b334e998eaf45c	46128	data/processed/S0484b_ablation_C_envelope_valid_samples.npy
3df7832234ab946b0bc54a82454e78b70adcb9902b3619f6ae4629020d23e850	368128	data/processed/S0484b_ablation_C_times.npy
b0ed2d0622053f2b0b0a443dc3fb9a6c3e5c9db7680cd28e2bd6d58cec5fc75f	184128	data/processed/S0484b_ablation_C_waveform.npy
cd1e8c1ff5866c052235af204fe74bdee782b6ccd879137de28450665e9224f7	46128	data/processed/S0484b_ablation_C_waveform_valid_samples.npy
3df7832234ab946b0bc54a82454e78b70adcb9902b3619f6ae4629020d23e850	368128	data/processed/S0484b_ablation_times.npy
cd1e8c1ff5866c052235af204fe74bdee782b6ccd879137de28450665e9224f7	46128	data/processed/S0484b_ablation_valid_samples.npy
4016c4d3b3995c972d37e473484f1e1b8a913d3d549a857181048a04eaa2a17f	2275	data/processed/S0484b_aligned_ablation.alignment.json
4ca231188d903577b356a7faafffa2dc427bb3513c396d2b869903b2a5c244ec	188416	data/processed/S0484b_aligned_ablation.mseed
7b51515183e4e2b687f0e52311e5068e0ae0eec1dc52323096fc4243ebb42001	2651	data/processed/S0484b_aligned_paperfaith.alignment.json
cec5c24da81a54a86a8f31cf57c4181e699d5ed8db2e57bd8835bdacc6a65db4	210432	data/processed/S0484b_aligned_paperfaith.mseed
8dfda9b824cef2013c79d2d31973d8e7ae79de5fd9222f8e5b6f43fbcf9f75d7	4278319	data/processed/S0484b_fdpa.npz
086a32959e448f05228da6288a51c92ea261fd3474b9c44ddb168453a7cf9b09	913	data/processed/S0484b_glitch_flags.json
381af1216e0caf4bae2eda9f4f496f1ace72a746f4c81c2d3492af0651a98c0a	4214925	data/processed/S0484b_mk_filterbank.npz
35f389e53dbfe342845ccdb075aba2eaa4a5db50c9da7d67f182add424fdc299	2137	data/processed/S0484b_paperfaith_A.normalization.json
92579e3ce417b05e9495d592e005e04d1d8f9e5e95efb6cbc894e16937f55c8f	184128	data/processed/S0484b_paperfaith_A_envelope.npy
82bfd8d0023756c318746c5d927fdf358a06901839c01e95a0b334e998eaf45c	46128	data/processed/S0484b_paperfaith_A_envelope_valid_samples.npy
3df7832234ab946b0bc54a82454e78b70adcb9902b3619f6ae4629020d23e850	368128	data/processed/S0484b_paperfaith_A_times.npy
35310b72b8f71333e952961da562cb560cc2bef8061291713be16e8e0e233bc7	184128	data/processed/S0484b_paperfaith_A_waveform.npy
cd1e8c1ff5866c052235af204fe74bdee782b6ccd879137de28450665e9224f7	46128	data/processed/S0484b_paperfaith_A_waveform_valid_samples.npy
5be4b438069c67bd45b4a05abf41d69c1e41d0a61461cf8c2fef93a296cec0ee	2139	data/processed/S0484b_paperfaith_B.normalization.json
b9aa48503eaa36737c0e7cf2241c8a0a53b8a20a2fc61c92cc543b72533e6fd0	184128	data/processed/S0484b_paperfaith_B_envelope.npy
82bfd8d0023756c318746c5d927fdf358a06901839c01e95a0b334e998eaf45c	46128	data/processed/S0484b_paperfaith_B_envelope_valid_samples.npy
3df7832234ab946b0bc54a82454e78b70adcb9902b3619f6ae4629020d23e850	368128	data/processed/S0484b_paperfaith_B_times.npy
d7c19930f8648f29ac74ca4a5017829e64ec44b7b55aedb4ec3e7a1548ed282f	184128	data/processed/S0484b_paperfaith_B_waveform.npy
cd1e8c1ff5866c052235af204fe74bdee782b6ccd879137de28450665e9224f7	46128	data/processed/S0484b_paperfaith_B_waveform_valid_samples.npy
cd4fd11e41a4e20620aa79959b489e13d667a97dd755cacfdc46ac007062840b	2136	data/processed/S0484b_paperfaith_C.normalization.json
a8a2aa518f2afb359467fe3ab9e9be6c00fb1b308380ec89b60d51c1c3c53e20	184128	data/processed/S0484b_paperfaith_C_envelope.npy
82bfd8d0023756c318746c5d927fdf358a06901839c01e95a0b334e998eaf45c	46128	data/processed/S0484b_paperfaith_C_envelope_valid_samples.npy
3df7832234ab946b0bc54a82454e78b70adcb9902b3619f6ae4629020d23e850	368128	data/processed/S0484b_paperfaith_C_times.npy
b5444a11f36cb3182720bb6e5fa63fe13e5f0af385a330b3e8971416b397b227	184128	data/processed/S0484b_paperfaith_C_waveform.npy
cd1e8c1ff5866c052235af204fe74bdee782b6ccd879137de28450665e9224f7	46128	data/processed/S0484b_paperfaith_C_waveform_valid_samples.npy
3df7832234ab946b0bc54a82454e78b70adcb9902b3619f6ae4629020d23e850	368128	data/processed/S0484b_paperfaith_times.npy
cd1e8c1ff5866c052235af204fe74bdee782b6ccd879137de28450665e9224f7	46128	data/processed/S0484b_paperfaith_valid_samples.npy
d11bc1900cbed493df605bff0fc9530938cf176aa1eaf502463c83f0ac732540	691200	data/processed/S0802a_ZNE.mseed
85851e9f17bca850c6d182a691b7ed267f30d9c46950155254dab7ad7e057675	1008	data/processed/S0802a_ZNE.rotation.json
1ff953e54683432b548a20dd3013888c4f93440a6b08739352590fe87da8ac53	629	data/processed/S0802a_Z_filt.bandpass.json
4c2c4fd6d265e169efc24b29a29e981f947dd43d6a1cbd42835ea8c79d7d6466	208896	data/processed/S0802a_Z_filt.mseed
3f4167c6cbd706b876d874547e1c0f42aeda00bf53ed66f7c3067e0ff352ee59	230400	data/processed/S0802a_Z_polfilt.mseed
ef9a68531ead12f63955c95dc45f205f563053f8034942635eb44ea4094402c8	1339	data/processed/S0802a_Z_polfilt.polarization.json
123c2c862a22cc1977ff8a5f41293e2e32f559f1964b1699d801c071c737674d	2127	data/processed/S0802a_ablation_A.normalization.json
ce5165adb35ec2773362015dd1c6da5862cff750b3bbb4be4846640d9ed85939	184128	data/processed/S0802a_ablation_A_envelope.npy
f24408d5db9b526d7fbddbe533abd5ad1f216d21327a59e6e2ff3bb7034c51d9	46128	data/processed/S0802a_ablation_A_envelope_valid_samples.npy
3df7832234ab946b0bc54a82454e78b70adcb9902b3619f6ae4629020d23e850	368128	data/processed/S0802a_ablation_A_times.npy
62332c2d02a279d98d8a0ecab9a85be41935757575ea04b6dc4179d06a81dfa3	184128	data/processed/S0802a_ablation_A_waveform.npy
2de27db6a0ccc0270585f8b60faeb92ea435e9f254a596eb5494a050a43260e9	46128	data/processed/S0802a_ablation_A_waveform_valid_samples.npy
6c02bdc79c0e12695729379e48573247abec44141d72d177bfb379bcd9ac60ab	2129	data/processed/S0802a_ablation_B.normalization.json
7014fc6fcdbcfc01c465d11476c0e013977ab10df2e0a1a98621d76eddfd9d87	184128	data/processed/S0802a_ablation_B_envelope.npy
f24408d5db9b526d7fbddbe533abd5ad1f216d21327a59e6e2ff3bb7034c51d9	46128	data/processed/S0802a_ablation_B_envelope_valid_samples.npy
3df7832234ab946b0bc54a82454e78b70adcb9902b3619f6ae4629020d23e850	368128	data/processed/S0802a_ablation_B_times.npy
da7e49c0f82968e22518bba32d3acd51e40d86a910238ffd51a3da78bfd6d9af	184128	data/processed/S0802a_ablation_B_waveform.npy
2de27db6a0ccc0270585f8b60faeb92ea435e9f254a596eb5494a050a43260e9	46128	data/processed/S0802a_ablation_B_waveform_valid_samples.npy
dea3dc3d2c07f2324d48c6c27f2cb0eeb18ec5a9766033348aa194639cb3a466	2126	data/processed/S0802a_ablation_C.normalization.json
9fd0e0570e38d3a3fdcd5ab267f34a1d079ef88a3e19feed78022669eca603e0	184128	data/processed/S0802a_ablation_C_envelope.npy
f24408d5db9b526d7fbddbe533abd5ad1f216d21327a59e6e2ff3bb7034c51d9	46128	data/processed/S0802a_ablation_C_envelope_valid_samples.npy
3df7832234ab946b0bc54a82454e78b70adcb9902b3619f6ae4629020d23e850	368128	data/processed/S0802a_ablation_C_times.npy
05c95b52d2bfa04c7d2aa4a6cab53e48f2d01beb10312fe2ebdbdbcaac202002	184128	data/processed/S0802a_ablation_C_waveform.npy
2de27db6a0ccc0270585f8b60faeb92ea435e9f254a596eb5494a050a43260e9	46128	data/processed/S0802a_ablation_C_waveform_valid_samples.npy
3df7832234ab946b0bc54a82454e78b70adcb9902b3619f6ae4629020d23e850	368128	data/processed/S0802a_ablation_times.npy
2de27db6a0ccc0270585f8b60faeb92ea435e9f254a596eb5494a050a43260e9	46128	data/processed/S0802a_ablation_valid_samples.npy
2c8e455342c26eb18fb87f6216768cbdd144df1b98efd652db1c690f138aa9a0	2275	data/processed/S0802a_aligned_ablation.alignment.json
32dff3bf9a7c2057a8381662ddcc322fc1b69b5fda69f191f39e8f15ab635e0a	188416	data/processed/S0802a_aligned_ablation.mseed
4a88d76bec0b3bedb2fc275e68ae05cd7da2474e84ea1b443580fd4354746856	2651	data/processed/S0802a_aligned_paperfaith.alignment.json
8a82222ec782666775c24f07e789e8cd1652d2264b6e01c93474fb00373a843a	210432	data/processed/S0802a_aligned_paperfaith.mseed
cd6c82040f9f351363a52a9469811ace78dd785756725b9040b4c865665f7838	4310191	data/processed/S0802a_fdpa.npz
cb290f93161f0288ab35f6f4c815893ea2861b8ab3d891d90fa51294c5ff94fe	1092	data/processed/S0802a_glitch_flags.json
da8d60dc4d48f63f139c06e89ebf61aa386d40279bde0ed0b0a7386d249e9c91	4230746	data/processed/S0802a_mk_filterbank.npz
2a4a3a03572492982583fe8cc925ee98f92c10d856105283988d2a88c1963238	2137	data/processed/S0802a_paperfaith_A.normalization.json
e05e16c578023235a803ed25db8a0c241c78dcffd8ccdfefc5208904e098ddb0	184128	data/processed/S0802a_paperfaith_A_envelope.npy
f24408d5db9b526d7fbddbe533abd5ad1f216d21327a59e6e2ff3bb7034c51d9	46128	data/processed/S0802a_paperfaith_A_envelope_valid_samples.npy
3df7832234ab946b0bc54a82454e78b70adcb9902b3619f6ae4629020d23e850	368128	data/processed/S0802a_paperfaith_A_times.npy
0bc653656bf6b25e1e58cd71d1f9ae3900afb60d154fff104bae9d5dc60cc05c	184128	data/processed/S0802a_paperfaith_A_waveform.npy
2de27db6a0ccc0270585f8b60faeb92ea435e9f254a596eb5494a050a43260e9	46128	data/processed/S0802a_paperfaith_A_waveform_valid_samples.npy
b65e2762754ac6dacfeda7185422eb7a75d24410b1ecbf2bafc1a3def89b9d98	2139	data/processed/S0802a_paperfaith_B.normalization.json
f1786171faad1f5eac66595a9ee8f7b66a77422592d102e2306e4f2bc08664b6	184128	data/processed/S0802a_paperfaith_B_envelope.npy
f24408d5db9b526d7fbddbe533abd5ad1f216d21327a59e6e2ff3bb7034c51d9	46128	data/processed/S0802a_paperfaith_B_envelope_valid_samples.npy
3df7832234ab946b0bc54a82454e78b70adcb9902b3619f6ae4629020d23e850	368128	data/processed/S0802a_paperfaith_B_times.npy
6587b88ab59f732350c1d552e8d5c05312a31bf752b1e124b85ab440c552b04a	184128	data/processed/S0802a_paperfaith_B_waveform.npy
2de27db6a0ccc0270585f8b60faeb92ea435e9f254a596eb5494a050a43260e9	46128	data/processed/S0802a_paperfaith_B_waveform_valid_samples.npy
78a4c294b71b3ba5d8fa28c1d7d85c85d3a554cdfea2d681f4b7535fe905d039	2136	data/processed/S0802a_paperfaith_C.normalization.json
655e6042ef76d885272328e3e3093d03eb735dc4c9a791534bc0fc8a8eebe0c2	184128	data/processed/S0802a_paperfaith_C_envelope.npy
f24408d5db9b526d7fbddbe533abd5ad1f216d21327a59e6e2ff3bb7034c51d9	46128	data/processed/S0802a_paperfaith_C_envelope_valid_samples.npy
3df7832234ab946b0bc54a82454e78b70adcb9902b3619f6ae4629020d23e850	368128	data/processed/S0802a_paperfaith_C_times.npy
d058c8bfb80cbeec669317a2c89bc26eb3167f64d88f7843a5e344ad79861928	184128	data/processed/S0802a_paperfaith_C_waveform.npy
2de27db6a0ccc0270585f8b60faeb92ea435e9f254a596eb5494a050a43260e9	46128	data/processed/S0802a_paperfaith_C_waveform_valid_samples.npy
3df7832234ab946b0bc54a82454e78b70adcb9902b3619f6ae4629020d23e850	368128	data/processed/S0802a_paperfaith_times.npy
2de27db6a0ccc0270585f8b60faeb92ea435e9f254a596eb5494a050a43260e9	46128	data/processed/S0802a_paperfaith_valid_samples.npy
2f9dd696ffac9fa3410dd75c5003918de8422a14d7b8dbeed6a5849f8731584b	691200	data/processed/S0820a_ZNE.mseed
5810a78cc63bad0d79bb18472702132ee33c46328009fb3358fb4283c307c989	1008	data/processed/S0820a_ZNE.rotation.json
798fecfba5fa075df1d7d17a905a32e7cbd76915b58e2a3c90238396312913dc	629	data/processed/S0820a_Z_filt.bandpass.json
02d7032a221a56d8d396d028b87a04efa1c5c83e1368c22862922d0eb14d46af	208896	data/processed/S0820a_Z_filt.mseed
3a8e8f02d9030806b1d41e6c8dbe9508e4d241e2480dd7d4d7a6cef756cb6482	230400	data/processed/S0820a_Z_polfilt.mseed
7009e6a50376159214a2b834fb29ce5a4d7b7b8925a425b86d2d7597205b1cc7	1339	data/processed/S0820a_Z_polfilt.polarization.json
288085cbdbdbce7a8eda1f8bc6365fab5e73b53e842eef6b2b95382171f0b6f1	2127	data/processed/S0820a_ablation_A.normalization.json
c542069d0962f3255c74ad0f2839cf3f8ba7d9ba7f4b39f005ff2c5045199b48	184128	data/processed/S0820a_ablation_A_envelope.npy
ee8a955048933cfb99c6c9acdfefb6df91294cf7cb868caa19ad4985385fed55	46128	data/processed/S0820a_ablation_A_envelope_valid_samples.npy
3df7832234ab946b0bc54a82454e78b70adcb9902b3619f6ae4629020d23e850	368128	data/processed/S0820a_ablation_A_times.npy
f86755cfc4c45171c1dcfde7994033ed4251d9d36528e43828129d110a35d633	184128	data/processed/S0820a_ablation_A_waveform.npy
886e78803f786e13502635a56d0c381a80148b37c69a3fd0161df91d4040fd0d	46128	data/processed/S0820a_ablation_A_waveform_valid_samples.npy
e38ed9693fd9569f09249b6efb47f3c8accdb13126828b76b807ec8105d1a2eb	2129	data/processed/S0820a_ablation_B.normalization.json
383f27790753e336bbefb808dbd4234d97bcca7f95f4fa6b52c8e949183b027b	184128	data/processed/S0820a_ablation_B_envelope.npy
ee8a955048933cfb99c6c9acdfefb6df91294cf7cb868caa19ad4985385fed55	46128	data/processed/S0820a_ablation_B_envelope_valid_samples.npy
3df7832234ab946b0bc54a82454e78b70adcb9902b3619f6ae4629020d23e850	368128	data/processed/S0820a_ablation_B_times.npy
491a605363bb3e287edc718274ee030a3730a929ace3e16c3bc4dd5eae0b11aa	184128	data/processed/S0820a_ablation_B_waveform.npy
886e78803f786e13502635a56d0c381a80148b37c69a3fd0161df91d4040fd0d	46128	data/processed/S0820a_ablation_B_waveform_valid_samples.npy
d22b58eb23656131f055e96e5739ed7bcea6b6cabb94b474a707be81fa6ce175	2126	data/processed/S0820a_ablation_C.normalization.json
b2e6f3d9e21f22e65517757a1085b30872d155ac031b1ae30dbdff82ca105ab7	184128	data/processed/S0820a_ablation_C_envelope.npy
ee8a955048933cfb99c6c9acdfefb6df91294cf7cb868caa19ad4985385fed55	46128	data/processed/S0820a_ablation_C_envelope_valid_samples.npy
3df7832234ab946b0bc54a82454e78b70adcb9902b3619f6ae4629020d23e850	368128	data/processed/S0820a_ablation_C_times.npy
5ea2dabc00937cf84ee87c4526d1e6451dee744aab4f68780ec7f7010c0481dc	184128	data/processed/S0820a_ablation_C_waveform.npy
886e78803f786e13502635a56d0c381a80148b37c69a3fd0161df91d4040fd0d	46128	data/processed/S0820a_ablation_C_waveform_valid_samples.npy
3df7832234ab946b0bc54a82454e78b70adcb9902b3619f6ae4629020d23e850	368128	data/processed/S0820a_ablation_times.npy
886e78803f786e13502635a56d0c381a80148b37c69a3fd0161df91d4040fd0d	46128	data/processed/S0820a_ablation_valid_samples.npy
4f2e3c80bd4318388ada315b6f9a13032b83db20df838071f3d29f33cb48f0b8	2259	data/processed/S0820a_aligned_ablation.alignment.json
3f805d72e8e542101fd7a76fa1e8659295e316ef04b8114da05abc76433890a3	188416	data/processed/S0820a_aligned_ablation.mseed
0babc24879907a3c591dc914bbffd0cc0e15258d06fa45cc6153151204ab93f3	2635	data/processed/S0820a_aligned_paperfaith.alignment.json
d3aa95fe8d1791ecc07198e1479300055a690980ac8c0ff31ef8627ad9f95a01	210432	data/processed/S0820a_aligned_paperfaith.mseed
ea435f5d3c93f25f9fcb62bb7c8ca96ac5c07556a106a2cac90d62ba2afe0ad9	4304918	data/processed/S0820a_fdpa.npz
33c5cfa86002526277bafe2b6b3737ea6c8cdbad4f1e406b2ffe908ed3ab718d	1961	data/processed/S0820a_glitch_flags.json
480174e31e9cf3967cfb6842560eb574f8da6b07e2c5a65089c7d902c9877bd6	4210922	data/processed/S0820a_mk_filterbank.npz
61f977930dd89c85d1dbf354493e850d4d22112e3f070654b40bb6076af24677	2137	data/processed/S0820a_paperfaith_A.normalization.json
f348fe919aec96783b4cf06f6604e701b2b005b871a524b7da306186326654c0	184128	data/processed/S0820a_paperfaith_A_envelope.npy
ee8a955048933cfb99c6c9acdfefb6df91294cf7cb868caa19ad4985385fed55	46128	data/processed/S0820a_paperfaith_A_envelope_valid_samples.npy
3df7832234ab946b0bc54a82454e78b70adcb9902b3619f6ae4629020d23e850	368128	data/processed/S0820a_paperfaith_A_times.npy
e68bb565d5ffb1deaf0b8ffee6dca5d501b232b9e1436f4c2dc053f2f4f4240c	184128	data/processed/S0820a_paperfaith_A_waveform.npy
886e78803f786e13502635a56d0c381a80148b37c69a3fd0161df91d4040fd0d	46128	data/processed/S0820a_paperfaith_A_waveform_valid_samples.npy
ca31ff6fe5cb382423b2f1bd4ae520eac2e6d74207d4e28c9bd523c28e26bfdc	2139	data/processed/S0820a_paperfaith_B.normalization.json
e9d4f76b382a008ac81a5832a0cc265422701e8ade06db5917cc59dd6ef25119	184128	data/processed/S0820a_paperfaith_B_envelope.npy
ee8a955048933cfb99c6c9acdfefb6df91294cf7cb868caa19ad4985385fed55	46128	data/processed/S0820a_paperfaith_B_envelope_valid_samples.npy
3df7832234ab946b0bc54a82454e78b70adcb9902b3619f6ae4629020d23e850	368128	data/processed/S0820a_paperfaith_B_times.npy
76cdbab11dd34c44c65f2b04df7f556e91165442572a4f277bf4b0a1361557d0	184128	data/processed/S0820a_paperfaith_B_waveform.npy
886e78803f786e13502635a56d0c381a80148b37c69a3fd0161df91d4040fd0d	46128	data/processed/S0820a_paperfaith_B_waveform_valid_samples.npy
f8b21c9b0c033eb0ced9f2c9940a79b24495b04f512f6b3a681609a3e389c54e	2136	data/processed/S0820a_paperfaith_C.normalization.json
94fce65a3c8d47460e6bc579c01034779807e2fad18aeb1db0849a98931a9a92	184128	data/processed/S0820a_paperfaith_C_envelope.npy
ee8a955048933cfb99c6c9acdfefb6df91294cf7cb868caa19ad4985385fed55	46128	data/processed/S0820a_paperfaith_C_envelope_valid_samples.npy
3df7832234ab946b0bc54a82454e78b70adcb9902b3619f6ae4629020d23e850	368128	data/processed/S0820a_paperfaith_C_times.npy
72e934dc8795a3d0f7da621a581c1a559482a1c38137fe6c4413de503e63f5a1	184128	data/processed/S0820a_paperfaith_C_waveform.npy
886e78803f786e13502635a56d0c381a80148b37c69a3fd0161df91d4040fd0d	46128	data/processed/S0820a_paperfaith_C_waveform_valid_samples.npy
3df7832234ab946b0bc54a82454e78b70adcb9902b3619f6ae4629020d23e850	368128	data/processed/S0820a_paperfaith_times.npy
886e78803f786e13502635a56d0c381a80148b37c69a3fd0161df91d4040fd0d	46128	data/processed/S0820a_paperfaith_valid_samples.npy
ebb3f1207da8970898f120a11430f56b6d01af73b926a1645fad8e59cce35684	691200	data/processed/S0864a_ZNE.mseed
a35fdda73b103fdb7a456257c78934d4eec71a59113b6211af317cc4de451193	1010	data/processed/S0864a_ZNE.rotation.json
ec4822980bc4a4d843596d5680472789368f698063ec10d40f912f6d52290af0	629	data/processed/S0864a_Z_filt.bandpass.json
25fb98c02ca78c5980167151a00bc3731513e53b348a68f58af011ee35bbfdf3	208896	data/processed/S0864a_Z_filt.mseed
75f57ce28905bdd68e79f01d726184ec5f893b89ab401acaaba386d9c3e1ebe9	230400	data/processed/S0864a_Z_polfilt.mseed
fd8c61a9b97637f52cbc7fd90a57f5413b88c104dc1780b3f274f70f90f993ef	1339	data/processed/S0864a_Z_polfilt.polarization.json
52e38aa06037ce00eb265534c27da9c0960d73323f05d56cd57af7ce8d1114c1	2127	data/processed/S0864a_ablation_A.normalization.json
4b4c5aecf28d6601ab8c9498daaf87c6e31dd9dea522b2ff5eff05c9c48d3ddd	184128	data/processed/S0864a_ablation_A_envelope.npy
cc710ad2f198f303524940b506ca26091bb8efbe55e12f35505ca4ddb2ee8883	46128	data/processed/S0864a_ablation_A_envelope_valid_samples.npy
3df7832234ab946b0bc54a82454e78b70adcb9902b3619f6ae4629020d23e850	368128	data/processed/S0864a_ablation_A_times.npy
4379f2abd905d02ee5cb149492b699f47d13435f4af1e3bdbf4d9fde1bf1485e	184128	data/processed/S0864a_ablation_A_waveform.npy
50ad431b73033950a6d02f35e49bc03f6c3296c51b796760f8c4283dd06d18f6	46128	data/processed/S0864a_ablation_A_waveform_valid_samples.npy
1b2f70fdd4adf6ab4ba32ac8cef30874d5b23c5b3df28754c86631be976ec56e	2129	data/processed/S0864a_ablation_B.normalization.json
464918f8d045e7ce4db3bade390a4f8a0719a8f721fafa26aabbe7647d6bb38b	184128	data/processed/S0864a_ablation_B_envelope.npy
cc710ad2f198f303524940b506ca26091bb8efbe55e12f35505ca4ddb2ee8883	46128	data/processed/S0864a_ablation_B_envelope_valid_samples.npy
3df7832234ab946b0bc54a82454e78b70adcb9902b3619f6ae4629020d23e850	368128	data/processed/S0864a_ablation_B_times.npy
daaf636dbe316b5964e34b28a3995aaddcb0c7d804dce0f1b6f8097548897c2a	184128	data/processed/S0864a_ablation_B_waveform.npy
50ad431b73033950a6d02f35e49bc03f6c3296c51b796760f8c4283dd06d18f6	46128	data/processed/S0864a_ablation_B_waveform_valid_samples.npy
fde55c77ef1d3e50c5dae65c3bf4a847cf17f02b87808dc29b1441909628504e	2126	data/processed/S0864a_ablation_C.normalization.json
ad64df002208afdfe7e682782ff1a2a618ae2b82029852ab2762af60fbc1b162	184128	data/processed/S0864a_ablation_C_envelope.npy
cc710ad2f198f303524940b506ca26091bb8efbe55e12f35505ca4ddb2ee8883	46128	data/processed/S0864a_ablation_C_envelope_valid_samples.npy
3df7832234ab946b0bc54a82454e78b70adcb9902b3619f6ae4629020d23e850	368128	data/processed/S0864a_ablation_C_times.npy
de28834f824d8bca4ab5ffeb87a40b67d6b7ad6855e123a6efa3eab143a6c257	184128	data/processed/S0864a_ablation_C_waveform.npy
50ad431b73033950a6d02f35e49bc03f6c3296c51b796760f8c4283dd06d18f6	46128	data/processed/S0864a_ablation_C_waveform_valid_samples.npy
3df7832234ab946b0bc54a82454e78b70adcb9902b3619f6ae4629020d23e850	368128	data/processed/S0864a_ablation_times.npy
50ad431b73033950a6d02f35e49bc03f6c3296c51b796760f8c4283dd06d18f6	46128	data/processed/S0864a_ablation_valid_samples.npy
b15d910c688ab6af449dcac76b0f00363a23d12246da0c8d49e8918e1a3cadd2	2275	data/processed/S0864a_aligned_ablation.alignment.json
d87f59e3de20e400c90925cdd53181d7d171ca299512659c681bcce1a3038919	188416	data/processed/S0864a_aligned_ablation.mseed
c1ef6e21f6f9400f9a111ce32b121ebe266d954c9efaec9b449cceffa11c644b	2651	data/processed/S0864a_aligned_paperfaith.alignment.json
4365c21c95e0e2021ba757c8cd4f4af822658fb655c7bc50e3182830c8da96b7	210432	data/processed/S0864a_aligned_paperfaith.mseed
d2832fd1141f80b79f4e6a0ef0ffc7b23060e6d0f19cc2610671139dab4cc2cb	4336068	data/processed/S0864a_fdpa.npz
da9ae9586bd54de2e3153844f7ec521df5c5ac8bb6bcf0a82ef009f0aa5c743a	579	data/processed/S0864a_glitch_flags.json
603fe02a7a492aa73535dce3793e6132cb20a15dee0bb3f3cf074269dfe91a64	4234995	data/processed/S0864a_mk_filterbank.npz
3ff813513cad4e469f081f29b87ff115f2d61da6b095faf4ea41f0b85c77df61	2137	data/processed/S0864a_paperfaith_A.normalization.json
2763c9100519afbccc7e1ab65ec2c654afcec42c0df3423205dce2fc3d013daf	184128	data/processed/S0864a_paperfaith_A_envelope.npy
cc710ad2f198f303524940b506ca26091bb8efbe55e12f35505ca4ddb2ee8883	46128	data/processed/S0864a_paperfaith_A_envelope_valid_samples.npy
3df7832234ab946b0bc54a82454e78b70adcb9902b3619f6ae4629020d23e850	368128	data/processed/S0864a_paperfaith_A_times.npy
2d60051497176ae347c00e2251a2221147097c72a2a8675430edc99bed810262	184128	data/processed/S0864a_paperfaith_A_waveform.npy
50ad431b73033950a6d02f35e49bc03f6c3296c51b796760f8c4283dd06d18f6	46128	data/processed/S0864a_paperfaith_A_waveform_valid_samples.npy
7c475516a240b31509073c4dc8e57f964eb0b5784b2da93b79c092ef5e5f483f	2139	data/processed/S0864a_paperfaith_B.normalization.json
29306760764828709349df4e8206d9c59ce64f2538518f3c39b0317dc901ca4d	184128	data/processed/S0864a_paperfaith_B_envelope.npy
cc710ad2f198f303524940b506ca26091bb8efbe55e12f35505ca4ddb2ee8883	46128	data/processed/S0864a_paperfaith_B_envelope_valid_samples.npy
3df7832234ab946b0bc54a82454e78b70adcb9902b3619f6ae4629020d23e850	368128	data/processed/S0864a_paperfaith_B_times.npy
bdd204bd90b0cd37ac9a5e9adf6cc86d162d07a706d882b73be081a01cbf29c1	184128	data/processed/S0864a_paperfaith_B_waveform.npy
50ad431b73033950a6d02f35e49bc03f6c3296c51b796760f8c4283dd06d18f6	46128	data/processed/S0864a_paperfaith_B_waveform_valid_samples.npy
6660efb95f3f2a6cb73aaaac87f9ecc32dd8437cb98efe6bde2ddc357a313e03	2136	data/processed/S0864a_paperfaith_C.normalization.json
ce87907d8dc01740ca20646c8b19de62988509ba043746ffb0fa9baed0a06922	184128	data/processed/S0864a_paperfaith_C_envelope.npy
cc710ad2f198f303524940b506ca26091bb8efbe55e12f35505ca4ddb2ee8883	46128	data/processed/S0864a_paperfaith_C_envelope_valid_samples.npy
3df7832234ab946b0bc54a82454e78b70adcb9902b3619f6ae4629020d23e850	368128	data/processed/S0864a_paperfaith_C_times.npy
4a87780d92ce5e11cff360a7d0ab2debcb2ccd69a90e7ccfb430bbb5019032e3	184128	data/processed/S0864a_paperfaith_C_waveform.npy
50ad431b73033950a6d02f35e49bc03f6c3296c51b796760f8c4283dd06d18f6	46128	data/processed/S0864a_paperfaith_C_waveform_valid_samples.npy
3df7832234ab946b0bc54a82454e78b70adcb9902b3619f6ae4629020d23e850	368128	data/processed/S0864a_paperfaith_times.npy
50ad431b73033950a6d02f35e49bc03f6c3296c51b796760f8c4283dd06d18f6	46128	data/processed/S0864a_paperfaith_valid_samples.npy
32a2faff228e9964424a0b864e36677829dfa3ab3acd13399de21852bcdc67f6	691200	data/processed/S0916d_ZNE.mseed
cb25e9ec56d23dc07e1fccd238c8c6724d1dc2e752e33f756f0ba5bc0a069baf	1010	data/processed/S0916d_ZNE.rotation.json
ffc23cd999de3a84bb2ad47f91c46cedb6dd4805db7acec56980cf0ab4241a3a	629	data/processed/S0916d_Z_filt.bandpass.json
cfa406be341de0c38e362a66823ab662aa10afc5986ebe568ea2b481137a4422	208896	data/processed/S0916d_Z_filt.mseed
49a88dd8f13d320aa5daab7bb5ce0cd643f5b714de63ad24bf8f7e06af80df58	230400	data/processed/S0916d_Z_polfilt.mseed
4dd9c9984fa3eb3a1746977d40b15355a7a59677f3762ce1ab906d3eb52ed797	1339	data/processed/S0916d_Z_polfilt.polarization.json
5ff316577750ca8031810cc343673ce333cad8e3bd24a092350cc9bf1582cebf	2127	data/processed/S0916d_ablation_A.normalization.json
d52f268e49b14125f830cc84c6031d5412d52b3fa6b986592b77243a55bb191a	184128	data/processed/S0916d_ablation_A_envelope.npy
e594352ffa96150a7126d463b4635bd0793c65a1f38f4f982fb450776c2dbe48	46128	data/processed/S0916d_ablation_A_envelope_valid_samples.npy
3df7832234ab946b0bc54a82454e78b70adcb9902b3619f6ae4629020d23e850	368128	data/processed/S0916d_ablation_A_times.npy
09b2be0a04a7efb0562678e300af4d761f0c3f60858add3c55116d39018a640a	184128	data/processed/S0916d_ablation_A_waveform.npy
b9cada92e4208d26662638911b30e7b30b9e6646435ea5f0db64c683dee8dfed	46128	data/processed/S0916d_ablation_A_waveform_valid_samples.npy
525c8cb33abdcfe1e0ea12a81b88709f542fe4aa452edf946ded4c75b2797f29	2129	data/processed/S0916d_ablation_B.normalization.json
885862a56ef5417ec0c1dc156fcb0ea7e6ebc100d70b7771a1ee296776c52f41	184128	data/processed/S0916d_ablation_B_envelope.npy
e594352ffa96150a7126d463b4635bd0793c65a1f38f4f982fb450776c2dbe48	46128	data/processed/S0916d_ablation_B_envelope_valid_samples.npy
3df7832234ab946b0bc54a82454e78b70adcb9902b3619f6ae4629020d23e850	368128	data/processed/S0916d_ablation_B_times.npy
2fbb3fb0375a27be9c3cd4e7c0d11d2582d5a1a6691db51e0493a299d3ed9295	184128	data/processed/S0916d_ablation_B_waveform.npy
b9cada92e4208d26662638911b30e7b30b9e6646435ea5f0db64c683dee8dfed	46128	data/processed/S0916d_ablation_B_waveform_valid_samples.npy
f114981ed6726c3807590c3255f2a839c63d1a994e93498c4a227537143ff8ff	2126	data/processed/S0916d_ablation_C.normalization.json
5b3f253cdb687e759fd8c1fe5d767f5f7727578da67b3834caf790247d97f890	184128	data/processed/S0916d_ablation_C_envelope.npy
e594352ffa96150a7126d463b4635bd0793c65a1f38f4f982fb450776c2dbe48	46128	data/processed/S0916d_ablation_C_envelope_valid_samples.npy
3df7832234ab946b0bc54a82454e78b70adcb9902b3619f6ae4629020d23e850	368128	data/processed/S0916d_ablation_C_times.npy
2b40829136cb4165a81b57aa3f43871f4f0a9adc00ad49b8a8318972b8595713	184128	data/processed/S0916d_ablation_C_waveform.npy
b9cada92e4208d26662638911b30e7b30b9e6646435ea5f0db64c683dee8dfed	46128	data/processed/S0916d_ablation_C_waveform_valid_samples.npy
3df7832234ab946b0bc54a82454e78b70adcb9902b3619f6ae4629020d23e850	368128	data/processed/S0916d_ablation_times.npy
b9cada92e4208d26662638911b30e7b30b9e6646435ea5f0db64c683dee8dfed	46128	data/processed/S0916d_ablation_valid_samples.npy
2c493113e674bc90eb433107c529fa632d8aa21082d818422dffbb3933a347b7	2272	data/processed/S0916d_aligned_ablation.alignment.json
1ad527af4f954011c37b880e711c49452fa71646e0faf142efd268d83ca750cc	188416	data/processed/S0916d_aligned_ablation.mseed
3fec5778bac567c8c2792212f9fdf5706b89402b5256e30cdf6a9f4f3c78ea1c	2648	data/processed/S0916d_aligned_paperfaith.alignment.json
2aca3ee2bd6921264b9f5432734663afa3446bca63bb669d2e0959a15fd16fe0	210432	data/processed/S0916d_aligned_paperfaith.mseed
db32bc4c3d7b97f13956f6af9335585b6c8527059b966b220bb4a61ad98b683d	4302601	data/processed/S0916d_fdpa.npz
a1565ba969eb34b45e2ab4a2adc82f99ff27ea19758a188254a123f38c9c1969	1687	data/processed/S0916d_glitch_flags.json
3619996168e0ae679209734b34ceffb975b475f543169db556e1cc1917d714b8	4206081	data/processed/S0916d_mk_filterbank.npz
7d5a08baf84adaa4009e0bd0822ad1916411460e014f2c89dc0feda27d545638	2137	data/processed/S0916d_paperfaith_A.normalization.json
0ed018399b9b996f2d67db73f3b46c775290f06e90d75b39d00dc430b56f05c0	184128	data/processed/S0916d_paperfaith_A_envelope.npy
e594352ffa96150a7126d463b4635bd0793c65a1f38f4f982fb450776c2dbe48	46128	data/processed/S0916d_paperfaith_A_envelope_valid_samples.npy
3df7832234ab946b0bc54a82454e78b70adcb9902b3619f6ae4629020d23e850	368128	data/processed/S0916d_paperfaith_A_times.npy
f13eabecf7da993bf72c49b5b1a23a52f2f20374dd8ac723d0aedccff7585a2a	184128	data/processed/S0916d_paperfaith_A_waveform.npy
b9cada92e4208d26662638911b30e7b30b9e6646435ea5f0db64c683dee8dfed	46128	data/processed/S0916d_paperfaith_A_waveform_valid_samples.npy
4f5b3c84f7d3b0a00049d5d90451ee775b606963a6ff5314942524fad54325df	2139	data/processed/S0916d_paperfaith_B.normalization.json
6077075aa16aee9b8d494e953795d7006db4184f39580633f722c0f7449c24d2	184128	data/processed/S0916d_paperfaith_B_envelope.npy
e594352ffa96150a7126d463b4635bd0793c65a1f38f4f982fb450776c2dbe48	46128	data/processed/S0916d_paperfaith_B_envelope_valid_samples.npy
3df7832234ab946b0bc54a82454e78b70adcb9902b3619f6ae4629020d23e850	368128	data/processed/S0916d_paperfaith_B_times.npy
fd16103a7df4f1913f6d295c324b4993213de54052f888671efe2297ebe09932	184128	data/processed/S0916d_paperfaith_B_waveform.npy
b9cada92e4208d26662638911b30e7b30b9e6646435ea5f0db64c683dee8dfed	46128	data/processed/S0916d_paperfaith_B_waveform_valid_samples.npy
381f8a830f5541f387d169fe1bbde76061089748edbad3c6ff44843c058e58bb	2136	data/processed/S0916d_paperfaith_C.normalization.json
23a147a94a98ca0fee4a7f94745e4bc7c600704b6e0ef8272afd4aa838d151d0	184128	data/processed/S0916d_paperfaith_C_envelope.npy
e594352ffa96150a7126d463b4635bd0793c65a1f38f4f982fb450776c2dbe48	46128	data/processed/S0916d_paperfaith_C_envelope_valid_samples.npy
3df7832234ab946b0bc54a82454e78b70adcb9902b3619f6ae4629020d23e850	368128	data/processed/S0916d_paperfaith_C_times.npy
96e22542de2cd3e5b740649c1f7e622a4130c28f0e1d434635d528da9544cbe8	184128	data/processed/S0916d_paperfaith_C_waveform.npy
b9cada92e4208d26662638911b30e7b30b9e6646435ea5f0db64c683dee8dfed	46128	data/processed/S0916d_paperfaith_C_waveform_valid_samples.npy
3df7832234ab946b0bc54a82454e78b70adcb9902b3619f6ae4629020d23e850	368128	data/processed/S0916d_paperfaith_times.npy
b9cada92e4208d26662638911b30e7b30b9e6646435ea5f0db64c683dee8dfed	46128	data/processed/S0916d_paperfaith_valid_samples.npy
41d0e7657332c90e058aabf6f554d8ded7f060a209f48a11426f4ee6619acae7	691200	data/processed/S0918a_ZNE.mseed
8bc8d45433b383cd2d70018fed94e51d3fa3b6251cf1a45372ddd98a0c1e2c29	1008	data/processed/S0918a_ZNE.rotation.json
9e3c586453a544708e7a8930c76f2712f88dddad7048d04760c0d165485fb58f	629	data/processed/S0918a_Z_filt.bandpass.json
6ffdcd5ed31b90f43e6cb4b09331623c75fd98a429adde4e1eb50b2d6d123877	208896	data/processed/S0918a_Z_filt.mseed
3b4d9759467bb3eeeed6e7c0d43bedaa0aa6c08d01b8f2d1b33cb41a2afd2737	230400	data/processed/S0918a_Z_polfilt.mseed
848c1b4c5841a7fb94c3ab409fdfccada17869da761dead3c13c24473e0ea177	1339	data/processed/S0918a_Z_polfilt.polarization.json
27502a770b128a0f7eca9a20831a965537f05aba56c6101dde5d32eef4d95ef8	2127	data/processed/S0918a_ablation_A.normalization.json
c8596e9a6ebef663095f0f0b9890f95655845ea66f1fcf7dc9500fdefd33f23e	184128	data/processed/S0918a_ablation_A_envelope.npy
e594352ffa96150a7126d463b4635bd0793c65a1f38f4f982fb450776c2dbe48	46128	data/processed/S0918a_ablation_A_envelope_valid_samples.npy
3df7832234ab946b0bc54a82454e78b70adcb9902b3619f6ae4629020d23e850	368128	data/processed/S0918a_ablation_A_times.npy
92a4450996e853a3201d253d7a8b48ca8d5427dee38f3a24ae44f94a71b2f9b4	184128	data/processed/S0918a_ablation_A_waveform.npy
b9cada92e4208d26662638911b30e7b30b9e6646435ea5f0db64c683dee8dfed	46128	data/processed/S0918a_ablation_A_waveform_valid_samples.npy
c938a54c5e75ea9d72ee89602db98dffa84199488090f836b329c50641baa8e4	2129	data/processed/S0918a_ablation_B.normalization.json
e6126d6edfe3dad50f54e160868fbb8a1145ad546be8627d0640d4d6fd1ebb6c	184128	data/processed/S0918a_ablation_B_envelope.npy
e594352ffa96150a7126d463b4635bd0793c65a1f38f4f982fb450776c2dbe48	46128	data/processed/S0918a_ablation_B_envelope_valid_samples.npy
3df7832234ab946b0bc54a82454e78b70adcb9902b3619f6ae4629020d23e850	368128	data/processed/S0918a_ablation_B_times.npy
c5dd22b95ce196ebacf82430dd18e222e95e1e20b4807e5bdbb164f57855ed05	184128	data/processed/S0918a_ablation_B_waveform.npy
b9cada92e4208d26662638911b30e7b30b9e6646435ea5f0db64c683dee8dfed	46128	data/processed/S0918a_ablation_B_waveform_valid_samples.npy
0182d601ebcbd808f8ca91fb720509357a73590d0707ff2a2f7df710838e4181	2126	data/processed/S0918a_ablation_C.normalization.json
2da2c5337d96d5e669ac45ee7a1da608e293458df7cdf7a0c0027bfa5ba08174	184128	data/processed/S0918a_ablation_C_envelope.npy
e594352ffa96150a7126d463b4635bd0793c65a1f38f4f982fb450776c2dbe48	46128	data/processed/S0918a_ablation_C_envelope_valid_samples.npy
3df7832234ab946b0bc54a82454e78b70adcb9902b3619f6ae4629020d23e850	368128	data/processed/S0918a_ablation_C_times.npy
4b068f9b5e90be97cfd59d47bc5d133f52546eaf07e4d49faa6f9c3035af33da	184128	data/processed/S0918a_ablation_C_waveform.npy
b9cada92e4208d26662638911b30e7b30b9e6646435ea5f0db64c683dee8dfed	46128	data/processed/S0918a_ablation_C_waveform_valid_samples.npy
3df7832234ab946b0bc54a82454e78b70adcb9902b3619f6ae4629020d23e850	368128	data/processed/S0918a_ablation_times.npy
b9cada92e4208d26662638911b30e7b30b9e6646435ea5f0db64c683dee8dfed	46128	data/processed/S0918a_ablation_valid_samples.npy
a2d49583116f44a858d0b10aa975f15241aaaa2060acee944865b269207bacc7	2274	data/processed/S0918a_aligned_ablation.alignment.json
7a2f8256c97578e47a73b78e9b1b18061ca5c44f96ce7cc272922a3457ca5b90	188416	data/processed/S0918a_aligned_ablation.mseed
84f74c13e1aefd00de0350e214c7dc04b8e80a085d19d0b17d2760155f8a540f	2650	data/processed/S0918a_aligned_paperfaith.alignment.json
52d43fba6f984fb7de2ea412d33d952beefb69dcbda48e1b1f50f1aa7a036566	210432	data/processed/S0918a_aligned_paperfaith.mseed
c85ed7629a7ff22491a7de895919a80c41f6bb8acda3c92c3896fce939258d95	4347663	data/processed/S0918a_fdpa.npz
308f3f3638df9ec97785dd08039eb5a4603c2f8a1fb75e19219b1a2f51cc423d	1604	data/processed/S0918a_glitch_flags.json
adcd59c925c8960a35dde25c1568c8ad051cc6b0520d58f72063fcecda1d000f	4212788	data/processed/S0918a_mk_filterbank.npz
cb759278389a7638f34c33e9cd5d9509e059ae2d1483081a68398f2faa4f0991	2137	data/processed/S0918a_paperfaith_A.normalization.json
b577e163aede67a887b14bd0f343b36e1d007b8f4ede7042743928eb44fd27d6	184128	data/processed/S0918a_paperfaith_A_envelope.npy
e594352ffa96150a7126d463b4635bd0793c65a1f38f4f982fb450776c2dbe48	46128	data/processed/S0918a_paperfaith_A_envelope_valid_samples.npy
3df7832234ab946b0bc54a82454e78b70adcb9902b3619f6ae4629020d23e850	368128	data/processed/S0918a_paperfaith_A_times.npy
c3c993f73715fa592dd4bd47c17f9fe8cea86f40e024c01c5a3f48e996df452e	184128	data/processed/S0918a_paperfaith_A_waveform.npy
b9cada92e4208d26662638911b30e7b30b9e6646435ea5f0db64c683dee8dfed	46128	data/processed/S0918a_paperfaith_A_waveform_valid_samples.npy
811090f1f0b3726bb330944b7a3698cdfaef73f05f0defd957651c4c848d8a8c	2139	data/processed/S0918a_paperfaith_B.normalization.json
4e724ab1cb2c07edecff06130f47667146ffa09e97b146083260af88650d94bc	184128	data/processed/S0918a_paperfaith_B_envelope.npy
e594352ffa96150a7126d463b4635bd0793c65a1f38f4f982fb450776c2dbe48	46128	data/processed/S0918a_paperfaith_B_envelope_valid_samples.npy
3df7832234ab946b0bc54a82454e78b70adcb9902b3619f6ae4629020d23e850	368128	data/processed/S0918a_paperfaith_B_times.npy
cfa0cb2495fbadfb14f6813ccd344563a83041e2c3895c628afeb1e2c6d913c2	184128	data/processed/S0918a_paperfaith_B_waveform.npy
b9cada92e4208d26662638911b30e7b30b9e6646435ea5f0db64c683dee8dfed	46128	data/processed/S0918a_paperfaith_B_waveform_valid_samples.npy
3ac14c59f0bdb293b3fe1489c82084eb1b6f0da8f68f27d6a52487a01e707a78	2136	data/processed/S0918a_paperfaith_C.normalization.json
fa2003ad024faf5cae3914d250437632a21624faa2b976b593409e94ba8f9d21	184128	data/processed/S0918a_paperfaith_C_envelope.npy
e594352ffa96150a7126d463b4635bd0793c65a1f38f4f982fb450776c2dbe48	46128	data/processed/S0918a_paperfaith_C_envelope_valid_samples.npy
3df7832234ab946b0bc54a82454e78b70adcb9902b3619f6ae4629020d23e850	368128	data/processed/S0918a_paperfaith_C_times.npy
f19993b6a62653b636cb33d5dee349dbbb16f8593d21ecaf2bef14402492a3ad	184128	data/processed/S0918a_paperfaith_C_waveform.npy
b9cada92e4208d26662638911b30e7b30b9e6646435ea5f0db64c683dee8dfed	46128	data/processed/S0918a_paperfaith_C_waveform_valid_samples.npy
3df7832234ab946b0bc54a82454e78b70adcb9902b3619f6ae4629020d23e850	368128	data/processed/S0918a_paperfaith_times.npy
b9cada92e4208d26662638911b30e7b30b9e6646435ea5f0db64c683dee8dfed	46128	data/processed/S0918a_paperfaith_valid_samples.npy
df07e2bb1a73235a3790b7437f40f318f133f035a3b14953aa5a7bc870747c0f	691200	data/processed/S1012d_ZNE.mseed
dbc94cb8592a7e12a080b9b5f9209fe92149a7432cf2ca1b7573a0631e902d2d	1008	data/processed/S1012d_ZNE.rotation.json
04639be2d21203f49803003d92020d717fbc20e7bd50f023de8578879039a7a8	629	data/processed/S1012d_Z_filt.bandpass.json
925abb573ef8dc4c8884bf28549dbceb440ced63b924c8481837970dbffa9e1b	208896	data/processed/S1012d_Z_filt.mseed
5d41390ae49eb2c3bab015395e89bb415ba908d90f3561c17d52a18bc6186418	230400	data/processed/S1012d_Z_polfilt.mseed
a4e449b7f88f2a6b3e3a0a7a39cbb4b5394ef6654825cd0a4b7c453365f07807	1339	data/processed/S1012d_Z_polfilt.polarization.json
35fbc21bd4e93a4760e7708126bfc4f3b82992747889e82dd4e5ca952131ac21	2127	data/processed/S1012d_ablation_A.normalization.json
3b6756f83f348f1e994ac3f8d5c41950f0445c2f5f7a670071ca7d3058c51102	184128	data/processed/S1012d_ablation_A_envelope.npy
fe790ec0c1a8efd8330b4b7c00498cc65ca04710be7210732083235e6623290d	46128	data/processed/S1012d_ablation_A_envelope_valid_samples.npy
3df7832234ab946b0bc54a82454e78b70adcb9902b3619f6ae4629020d23e850	368128	data/processed/S1012d_ablation_A_times.npy
8e4d152c5b5560224645910f8e563a3315ce7a4e71bf531834fbd840282824fd	184128	data/processed/S1012d_ablation_A_waveform.npy
b7d439cbd84fd20aa8243c9f0922842bcac2b453649807348eda852b4f0cfbaa	46128	data/processed/S1012d_ablation_A_waveform_valid_samples.npy
f90a86b20e845e993ef16049ba8d875f1aa0e5fb80f775b50d5e411a75d32915	2129	data/processed/S1012d_ablation_B.normalization.json
fd345c3ad812e6a1f679b3c5c72edbf4ffecc5067f31c8521152e41016e114d5	184128	data/processed/S1012d_ablation_B_envelope.npy
fe790ec0c1a8efd8330b4b7c00498cc65ca04710be7210732083235e6623290d	46128	data/processed/S1012d_ablation_B_envelope_valid_samples.npy
3df7832234ab946b0bc54a82454e78b70adcb9902b3619f6ae4629020d23e850	368128	data/processed/S1012d_ablation_B_times.npy
1cd02ce4dd0c8b81ca93a3e98bf5c7f6b405f7e46f35b06321eb9eee781c16ce	184128	data/processed/S1012d_ablation_B_waveform.npy
b7d439cbd84fd20aa8243c9f0922842bcac2b453649807348eda852b4f0cfbaa	46128	data/processed/S1012d_ablation_B_waveform_valid_samples.npy
c27bb52bbfdc0cf018314855f70f2f9be3571a1e25b35d43abc2b6a8e534f78f	2126	data/processed/S1012d_ablation_C.normalization.json
1edcff5523d8776703d709c2fabfd0e5bbc6185f401836b2cc06bea759c7f2ae	184128	data/processed/S1012d_ablation_C_envelope.npy
fe790ec0c1a8efd8330b4b7c00498cc65ca04710be7210732083235e6623290d	46128	data/processed/S1012d_ablation_C_envelope_valid_samples.npy
3df7832234ab946b0bc54a82454e78b70adcb9902b3619f6ae4629020d23e850	368128	data/processed/S1012d_ablation_C_times.npy
bba20beb28be3fb5a0516d78c9f331ae9bd1ea9a51af767209afacdfeaa584cb	184128	data/processed/S1012d_ablation_C_waveform.npy
b7d439cbd84fd20aa8243c9f0922842bcac2b453649807348eda852b4f0cfbaa	46128	data/processed/S1012d_ablation_C_waveform_valid_samples.npy
3df7832234ab946b0bc54a82454e78b70adcb9902b3619f6ae4629020d23e850	368128	data/processed/S1012d_ablation_times.npy
b7d439cbd84fd20aa8243c9f0922842bcac2b453649807348eda852b4f0cfbaa	46128	data/processed/S1012d_ablation_valid_samples.npy
f5d4736281925ef61d93e880cb32b7af8ef731110c051e0431751d06b1dfe57d	2275	data/processed/S1012d_aligned_ablation.alignment.json
998f833e0dbd13c093f6d3e9141568e10cd0417fb98883a4f5323d6cb5a2f75e	188416	data/processed/S1012d_aligned_ablation.mseed
6725d9cb0653abc89eae6e0e918e0627306357bd7e8733cc9e375accfa680a76	2651	data/processed/S1012d_aligned_paperfaith.alignment.json
54221a205cbc965935d569f46de84df43f26be734169427a3059e38d3032e247	210432	data/processed/S1012d_aligned_paperfaith.mseed
8625e7fd859ba7c799fcb06b3a202b2dea5b20a3d9a30219e9188a1cdf78df50	4299431	data/processed/S1012d_fdpa.npz
ade3851687a265c2ce5b9cfbbfefc984591623777b04b95e7423d4c5f938d5d9	2042	data/processed/S1012d_glitch_flags.json
e08cc16dc865d3454f39fbb9b8334cb9d60a3ee8c73ae16a9e3f8777c6183b08	4232208	data/processed/S1012d_mk_filterbank.npz
6b53e5f5c2047bf048862dadf7e98586ace337af9b637120d37857d27f0c2db8	2137	data/processed/S1012d_paperfaith_A.normalization.json
a0136cf24b8e83f711e50c15d36f59fd57c33401bb95f32bbd852695d150afb9	184128	data/processed/S1012d_paperfaith_A_envelope.npy
fe790ec0c1a8efd8330b4b7c00498cc65ca04710be7210732083235e6623290d	46128	data/processed/S1012d_paperfaith_A_envelope_valid_samples.npy
3df7832234ab946b0bc54a82454e78b70adcb9902b3619f6ae4629020d23e850	368128	data/processed/S1012d_paperfaith_A_times.npy
0d9543e136aef6c841dddb14560e487b12d3cfbda29ffa266e4639950e6c1619	184128	data/processed/S1012d_paperfaith_A_waveform.npy
b7d439cbd84fd20aa8243c9f0922842bcac2b453649807348eda852b4f0cfbaa	46128	data/processed/S1012d_paperfaith_A_waveform_valid_samples.npy
4c69b0f4baa411a9f1bffd39d5674a104a9f781b11e7f78c0e748910bac01189	2139	data/processed/S1012d_paperfaith_B.normalization.json
d689f0118057cf69d3f20f60753b1c447fbbb2b9782ff42291f660ece391dd27	184128	data/processed/S1012d_paperfaith_B_envelope.npy
fe790ec0c1a8efd8330b4b7c00498cc65ca04710be7210732083235e6623290d	46128	data/processed/S1012d_paperfaith_B_envelope_valid_samples.npy
3df7832234ab946b0bc54a82454e78b70adcb9902b3619f6ae4629020d23e850	368128	data/processed/S1012d_paperfaith_B_times.npy
79469edf0d32e2fb327a0b084d432e0f58203dc413c91243ba4da308cec87dca	184128	data/processed/S1012d_paperfaith_B_waveform.npy
b7d439cbd84fd20aa8243c9f0922842bcac2b453649807348eda852b4f0cfbaa	46128	data/processed/S1012d_paperfaith_B_waveform_valid_samples.npy
65044ef49725ea708408a25d29a923a97a1d95452a44c3310e0125596d4f7b79	2136	data/processed/S1012d_paperfaith_C.normalization.json
84f8f481705cf927c3435ddda24687a145d180f70ae68a008e0ed72887ced96f	184128	data/processed/S1012d_paperfaith_C_envelope.npy
fe790ec0c1a8efd8330b4b7c00498cc65ca04710be7210732083235e6623290d	46128	data/processed/S1012d_paperfaith_C_envelope_valid_samples.npy
3df7832234ab946b0bc54a82454e78b70adcb9902b3619f6ae4629020d23e850	368128	data/processed/S1012d_paperfaith_C_times.npy
66da0a7f67740e82464ffe56426fee4d66dbcd2ef1db8e1929947fdd3fe711eb	184128	data/processed/S1012d_paperfaith_C_waveform.npy
b7d439cbd84fd20aa8243c9f0922842bcac2b453649807348eda852b4f0cfbaa	46128	data/processed/S1012d_paperfaith_C_waveform_valid_samples.npy
3df7832234ab946b0bc54a82454e78b70adcb9902b3619f6ae4629020d23e850	368128	data/processed/S1012d_paperfaith_times.npy
b7d439cbd84fd20aa8243c9f0922842bcac2b453649807348eda852b4f0cfbaa	46128	data/processed/S1012d_paperfaith_valid_samples.npy
07224b30fb4996176f85f41d80bb559adada19897b694ef0bf15fca71b662452	691200	data/processed/S1022a_ZNE.mseed
6e1d54b0f49c4511a7f929106117a33ce622feb223ea6f6d445d58bfb617c48e	1008	data/processed/S1022a_ZNE.rotation.json
39e0b34db1ba2ff4a3d4ebc769a65dec1ecc5d8ea25bf3bdb8045bad7d6050fc	629	data/processed/S1022a_Z_filt.bandpass.json
4ad30d9f94720e712838a35962ca3ad6d13362a153966b4a56af3d388bbbe15c	208896	data/processed/S1022a_Z_filt.mseed
7177eeaf651a3cc807a96f830e91eae719e5001c015946501a7a6e8cc7178e74	230400	data/processed/S1022a_Z_polfilt.mseed
3a57c94fdb9e9ae42dc41ab914034d292ee2c18d21320d7115a8721a1db79e9a	1339	data/processed/S1022a_Z_polfilt.polarization.json
33574e1d36cf4603cb2a56944ceb7f426aafa68288ae166ccac20bdc6595c9fb	2127	data/processed/S1022a_ablation_A.normalization.json
91bae5b843c331d54c6f264cdf80b45ef6923b8939685ca04ec5a425da70063e	184128	data/processed/S1022a_ablation_A_envelope.npy
f24408d5db9b526d7fbddbe533abd5ad1f216d21327a59e6e2ff3bb7034c51d9	46128	data/processed/S1022a_ablation_A_envelope_valid_samples.npy
3df7832234ab946b0bc54a82454e78b70adcb9902b3619f6ae4629020d23e850	368128	data/processed/S1022a_ablation_A_times.npy
6337af026f95de4492dbf268c4a1e0d661bdf08ac7e6de21e5a3539bc34865be	184128	data/processed/S1022a_ablation_A_waveform.npy
2de27db6a0ccc0270585f8b60faeb92ea435e9f254a596eb5494a050a43260e9	46128	data/processed/S1022a_ablation_A_waveform_valid_samples.npy
96544cecbd99e62b4414120daa9b8804749c9e317ee630ca2a94bd09343e03f2	2129	data/processed/S1022a_ablation_B.normalization.json
0300cfdd2a337813032971b398f38daeff8b352f5aab544c71bbecd5b4fc57db	184128	data/processed/S1022a_ablation_B_envelope.npy
f24408d5db9b526d7fbddbe533abd5ad1f216d21327a59e6e2ff3bb7034c51d9	46128	data/processed/S1022a_ablation_B_envelope_valid_samples.npy
3df7832234ab946b0bc54a82454e78b70adcb9902b3619f6ae4629020d23e850	368128	data/processed/S1022a_ablation_B_times.npy
2cf72bb4c817a9929521ef5b8143abcb91d5a556c03c388ae409d73a01d57069	184128	data/processed/S1022a_ablation_B_waveform.npy
2de27db6a0ccc0270585f8b60faeb92ea435e9f254a596eb5494a050a43260e9	46128	data/processed/S1022a_ablation_B_waveform_valid_samples.npy
670d777abe1af106067fdb44b113a4df64e7dc8bef7b2e4a2a28b4c69888f743	2126	data/processed/S1022a_ablation_C.normalization.json
5b62d76cd3e9ba551d630ec731236f6bc1f0cdd95ce7529688f6958ea33ae40a	184128	data/processed/S1022a_ablation_C_envelope.npy
f24408d5db9b526d7fbddbe533abd5ad1f216d21327a59e6e2ff3bb7034c51d9	46128	data/processed/S1022a_ablation_C_envelope_valid_samples.npy
3df7832234ab946b0bc54a82454e78b70adcb9902b3619f6ae4629020d23e850	368128	data/processed/S1022a_ablation_C_times.npy
5b12557bd2c094d74dd03d4e7b2b432f46ebd6127e225b03434851eaa48c463c	184128	data/processed/S1022a_ablation_C_waveform.npy
2de27db6a0ccc0270585f8b60faeb92ea435e9f254a596eb5494a050a43260e9	46128	data/processed/S1022a_ablation_C_waveform_valid_samples.npy
3df7832234ab946b0bc54a82454e78b70adcb9902b3619f6ae4629020d23e850	368128	data/processed/S1022a_ablation_times.npy
2de27db6a0ccc0270585f8b60faeb92ea435e9f254a596eb5494a050a43260e9	46128	data/processed/S1022a_ablation_valid_samples.npy
6ad30159373bf86c26e3f2b604fa9d412d8b0d4184a819f6002e8c23c75431e0	2278	data/processed/S1022a_aligned_ablation.alignment.json
e5ce947594c7939f4ee933488ce78cb48c11b5f0cb0e5984ae14e8aae00e1daf	188416	data/processed/S1022a_aligned_ablation.mseed
f2f4729ff0bbe10cbb5b5cc16f6d3b05c2f7c6493b2335565b6cf13ec0f51421	2654	data/processed/S1022a_aligned_paperfaith.alignment.json
0902c6828c0a993308052674f9ae22db8df78e171a2092e8d846b5d955a2c5a2	210432	data/processed/S1022a_aligned_paperfaith.mseed
5326f0dc32b4a11bcf36fff727d4a3142519bec64848463248c53b618841fdaf	4343174	data/processed/S1022a_fdpa.npz
4d02b4e11f8553234e6893c7f69e524b0fb2827ad8fedfafea2a4397ae036ec8	506	data/processed/S1022a_glitch_flags.json
8243af4c8b40feb757ba2f175c32d7e61a6a92e67e23cba40acab546b80a630e	4244302	data/processed/S1022a_mk_filterbank.npz
3818a651301d8642874245f389c268061eb2252f901bb3e6e42eb8a9ced659b9	2137	data/processed/S1022a_paperfaith_A.normalization.json
de05c6302c44c7616447cddfa8591be9b9dca50c329e07b8f6568a2654f5acba	184128	data/processed/S1022a_paperfaith_A_envelope.npy
f24408d5db9b526d7fbddbe533abd5ad1f216d21327a59e6e2ff3bb7034c51d9	46128	data/processed/S1022a_paperfaith_A_envelope_valid_samples.npy
3df7832234ab946b0bc54a82454e78b70adcb9902b3619f6ae4629020d23e850	368128	data/processed/S1022a_paperfaith_A_times.npy
a1b84b3282692b4e61472cf6e09c78b257d3d42dd97bfbc60a2295d642c75eab	184128	data/processed/S1022a_paperfaith_A_waveform.npy
2de27db6a0ccc0270585f8b60faeb92ea435e9f254a596eb5494a050a43260e9	46128	data/processed/S1022a_paperfaith_A_waveform_valid_samples.npy
e4738bd0ff0d530e3a78fbea6d66795cacbf43be88d1afa26b69f7a6f6849caf	2139	data/processed/S1022a_paperfaith_B.normalization.json
7f85bc6f874bc8deddb0507824bb0814fa37c1512d428a6b8c39a92b064eeea5	184128	data/processed/S1022a_paperfaith_B_envelope.npy
f24408d5db9b526d7fbddbe533abd5ad1f216d21327a59e6e2ff3bb7034c51d9	46128	data/processed/S1022a_paperfaith_B_envelope_valid_samples.npy
3df7832234ab946b0bc54a82454e78b70adcb9902b3619f6ae4629020d23e850	368128	data/processed/S1022a_paperfaith_B_times.npy
1c84ca839b47353b1c231e4132d76242d5ba61a994eeb777513e02359a6b35ce	184128	data/processed/S1022a_paperfaith_B_waveform.npy
2de27db6a0ccc0270585f8b60faeb92ea435e9f254a596eb5494a050a43260e9	46128	data/processed/S1022a_paperfaith_B_waveform_valid_samples.npy
25b69909a612468c6c4bd2540731d358ab4bf63362380191efb87bec36fc2c8c	2136	data/processed/S1022a_paperfaith_C.normalization.json
68b346595cd1681c06c6d5bc6d04dc01907db436f36a5ced0afb7dc31ee4e3d9	184128	data/processed/S1022a_paperfaith_C_envelope.npy
f24408d5db9b526d7fbddbe533abd5ad1f216d21327a59e6e2ff3bb7034c51d9	46128	data/processed/S1022a_paperfaith_C_envelope_valid_samples.npy
3df7832234ab946b0bc54a82454e78b70adcb9902b3619f6ae4629020d23e850	368128	data/processed/S1022a_paperfaith_C_times.npy
dc5b4995096b9ac1050189e2135b18fa1e03861eeb78ae9f360db5e5ec7f9f51	184128	data/processed/S1022a_paperfaith_C_waveform.npy
2de27db6a0ccc0270585f8b60faeb92ea435e9f254a596eb5494a050a43260e9	46128	data/processed/S1022a_paperfaith_C_waveform_valid_samples.npy
3df7832234ab946b0bc54a82454e78b70adcb9902b3619f6ae4629020d23e850	368128	data/processed/S1022a_paperfaith_times.npy
2de27db6a0ccc0270585f8b60faeb92ea435e9f254a596eb5494a050a43260e9	46128	data/processed/S1022a_paperfaith_valid_samples.npy
a871d4d38e24c82b874b4c908891abbe036af1f67ef43d707e3f2d7cdfbc439d	691200	data/processed/S1039b_ZNE.mseed
db45b6bab95ea8560964628d1efe1434968dc4ff2f960d6dc9a3bdd3b4fa9fae	1008	data/processed/S1039b_ZNE.rotation.json
626644c8a14cac3130a270800e083dd9c31fc508cdd06688a4e4a815fc732539	629	data/processed/S1039b_Z_filt.bandpass.json
8c017fb1fd81928268cb9467813f12cefa25f0810f5329779d74df26e9ea5659	208896	data/processed/S1039b_Z_filt.mseed
0c3f889a41cd04fd2169073db9455bff92ac9f2f7eb9e2d6e3e8fc5c718322e0	230400	data/processed/S1039b_Z_polfilt.mseed
3fdfac0761a6471b3952012836722f7c77282bb8da1de5a6b666796923641808	1339	data/processed/S1039b_Z_polfilt.polarization.json
a734c7756cda089789c5ae28672bf264e91f6bc78a6abefb61704408d0387988	2127	data/processed/S1039b_ablation_A.normalization.json
fc39c7274c06faef4c80db39777eaab4ae897e2cd2a4a7692ebd1580ca64ccc8	184128	data/processed/S1039b_ablation_A_envelope.npy
ee8a955048933cfb99c6c9acdfefb6df91294cf7cb868caa19ad4985385fed55	46128	data/processed/S1039b_ablation_A_envelope_valid_samples.npy
3df7832234ab946b0bc54a82454e78b70adcb9902b3619f6ae4629020d23e850	368128	data/processed/S1039b_ablation_A_times.npy
147d9dd92679b3ab514044e1a4ede4a59fadee1b22b8c5555cf0112601c76109	184128	data/processed/S1039b_ablation_A_waveform.npy
886e78803f786e13502635a56d0c381a80148b37c69a3fd0161df91d4040fd0d	46128	data/processed/S1039b_ablation_A_waveform_valid_samples.npy
0a94fb747fe5d42437c980592554f7ca282c43e79c30814052ea6f822be65585	2129	data/processed/S1039b_ablation_B.normalization.json
9a73c16ce6b5233e2e2af1dc38bb7bca3792b21f1570c9da3c564a5b9e90745d	184128	data/processed/S1039b_ablation_B_envelope.npy
ee8a955048933cfb99c6c9acdfefb6df91294cf7cb868caa19ad4985385fed55	46128	data/processed/S1039b_ablation_B_envelope_valid_samples.npy
3df7832234ab946b0bc54a82454e78b70adcb9902b3619f6ae4629020d23e850	368128	data/processed/S1039b_ablation_B_times.npy
75f843a7a4f28b28d814df2a675f8bdeb6cd092dba6df75d04767ef02d8e4bd4	184128	data/processed/S1039b_ablation_B_waveform.npy
886e78803f786e13502635a56d0c381a80148b37c69a3fd0161df91d4040fd0d	46128	data/processed/S1039b_ablation_B_waveform_valid_samples.npy
a2c908d9db27625dc5695f72a1930e299c956f4476fb11ee4579e092b54fa357	2126	data/processed/S1039b_ablation_C.normalization.json
45571e95e691917bfe26fa8570cac186cd151943be4ebcb55bf40ca379d84515	184128	data/processed/S1039b_ablation_C_envelope.npy
ee8a955048933cfb99c6c9acdfefb6df91294cf7cb868caa19ad4985385fed55	46128	data/processed/S1039b_ablation_C_envelope_valid_samples.npy
3df7832234ab946b0bc54a82454e78b70adcb9902b3619f6ae4629020d23e850	368128	data/processed/S1039b_ablation_C_times.npy
86506f82571a72614dbf5e31f87254960b1fe8a03ff0f0752195e587f5db3427	184128	data/processed/S1039b_ablation_C_waveform.npy
886e78803f786e13502635a56d0c381a80148b37c69a3fd0161df91d4040fd0d	46128	data/processed/S1039b_ablation_C_waveform_valid_samples.npy
3df7832234ab946b0bc54a82454e78b70adcb9902b3619f6ae4629020d23e850	368128	data/processed/S1039b_ablation_times.npy
886e78803f786e13502635a56d0c381a80148b37c69a3fd0161df91d4040fd0d	46128	data/processed/S1039b_ablation_valid_samples.npy
bb31556fbacba0dab7c6f91649e034fdf3212233bea9ac0175c202ac13cfb1a9	2258	data/processed/S1039b_aligned_ablation.alignment.json
d7dcfd71ef26748368c405b8fcbb7ef8063bd62322ae41eca7e9607b81fc6ff1	188416	data/processed/S1039b_aligned_ablation.mseed
a6f7b0302916140905189182c7828238a813e3f3f772496f08b27257a9c2a385	2634	data/processed/S1039b_aligned_paperfaith.alignment.json
7a57d910b68fbd3964bd8338d0fc5bbb99bfa5193b2e0af8eefb4c7feceaabc1	210432	data/processed/S1039b_aligned_paperfaith.mseed
f2147e4015d33c94ffab53e1d3da079b144dfa116bb732bf1e2dcc997d9c22de	4276149	data/processed/S1039b_fdpa.npz
57f26a289902c854e4107feaf0b900ecdfe9d42171cf13f0727668088364f5c4	2034	data/processed/S1039b_glitch_flags.json
af3350b2d3ab4853938a7629df56752cb2d8eb2bf897258a15f5722d3fb4774b	4218896	data/processed/S1039b_mk_filterbank.npz
e73b0d4dfa1a646d1c1d4f2c9fec59d819db6d91cf189c988253f01b7e14e593	2137	data/processed/S1039b_paperfaith_A.normalization.json
f06eed164fb38efb3824638aa30b3f83b4dcbe0b94de7dfeb37e2a43bc38c569	184128	data/processed/S1039b_paperfaith_A_envelope.npy
ee8a955048933cfb99c6c9acdfefb6df91294cf7cb868caa19ad4985385fed55	46128	data/processed/S1039b_paperfaith_A_envelope_valid_samples.npy
3df7832234ab946b0bc54a82454e78b70adcb9902b3619f6ae4629020d23e850	368128	data/processed/S1039b_paperfaith_A_times.npy
e62ddd6622cc6bc37a5ad305b58207ef9861e2ffbcf74e22269a56a3a2307ccf	184128	data/processed/S1039b_paperfaith_A_waveform.npy
886e78803f786e13502635a56d0c381a80148b37c69a3fd0161df91d4040fd0d	46128	data/processed/S1039b_paperfaith_A_waveform_valid_samples.npy
f7fb9d6e8198d04f958c277b19fd573da965ec8e3624f0363df9be3563a293f3	2139	data/processed/S1039b_paperfaith_B.normalization.json
3e913779f023f2b9a0df3d96fee3eaf009f859f2a441fd8f135b197ba1149ce7	184128	data/processed/S1039b_paperfaith_B_envelope.npy
ee8a955048933cfb99c6c9acdfefb6df91294cf7cb868caa19ad4985385fed55	46128	data/processed/S1039b_paperfaith_B_envelope_valid_samples.npy
3df7832234ab946b0bc54a82454e78b70adcb9902b3619f6ae4629020d23e850	368128	data/processed/S1039b_paperfaith_B_times.npy
6e526e0bc27ce59b31697f6a15a1e88ec790f8e0b148ced73fd9cfb72ff9f7fc	184128	data/processed/S1039b_paperfaith_B_waveform.npy
886e78803f786e13502635a56d0c381a80148b37c69a3fd0161df91d4040fd0d	46128	data/processed/S1039b_paperfaith_B_waveform_valid_samples.npy
5830c540ccbb3054fa4215c2dbfe828bd725c4eaa617abeff4ddbf82dc9cfc44	2136	data/processed/S1039b_paperfaith_C.normalization.json
a68b52a7ff22f44bdd9fbb9b20dbea6195dfbb4946e161ebde98dfe5a4397301	184128	data/processed/S1039b_paperfaith_C_envelope.npy
ee8a955048933cfb99c6c9acdfefb6df91294cf7cb868caa19ad4985385fed55	46128	data/processed/S1039b_paperfaith_C_envelope_valid_samples.npy
3df7832234ab946b0bc54a82454e78b70adcb9902b3619f6ae4629020d23e850	368128	data/processed/S1039b_paperfaith_C_times.npy
94b6dd9449146800495b94ae989fb47b2d86c75149503a443e007f75f2d9a83a	184128	data/processed/S1039b_paperfaith_C_waveform.npy
886e78803f786e13502635a56d0c381a80148b37c69a3fd0161df91d4040fd0d	46128	data/processed/S1039b_paperfaith_C_waveform_valid_samples.npy
3df7832234ab946b0bc54a82454e78b70adcb9902b3619f6ae4629020d23e850	368128	data/processed/S1039b_paperfaith_times.npy
886e78803f786e13502635a56d0c381a80148b37c69a3fd0161df91d4040fd0d	46128	data/processed/S1039b_paperfaith_valid_samples.npy
4d0ad59282a40bdd4c653298a891e3fa4e3fc4d933f498855bee531283aca591	691200	data/processed/S1048d_ZNE.mseed
0ba7e313d5bacb727cec0c73eedd4486f6d01e39718d61ed40f749cb60befe07	1008	data/processed/S1048d_ZNE.rotation.json
23f8ac45a58b553c3a7205438ac2f3c09093a795f547f8183b73a038ffc66f87	629	data/processed/S1048d_Z_filt.bandpass.json
6c88e4834fecc0ec39dadbfadf3023b819ed1d6a3d30735814be945f982b24c8	208896	data/processed/S1048d_Z_filt.mseed
a79362e7964f416acc10ede8909cd7d945dfac9afddc250f8bc44fa2c480359f	230400	data/processed/S1048d_Z_polfilt.mseed
6f566fd205fb98ab23db9a7ddb1a901451734e48f8c07c42b15ca00daf2c5d1f	1339	data/processed/S1048d_Z_polfilt.polarization.json
67c66016224768a8ab34069dac8f05b68c39b2ac37cde7d1a963f2d85061ca37	2127	data/processed/S1048d_ablation_A.normalization.json
bdbfc6bad0edbbb35ea049b0e3396161dff48b621e24c4ef25a165cfc1fb4e54	184128	data/processed/S1048d_ablation_A_envelope.npy
9aee293bf85555fa56e0b7975f5cf3b4809bb5eb9d4972b8052fef7d058e669d	46128	data/processed/S1048d_ablation_A_envelope_valid_samples.npy
3df7832234ab946b0bc54a82454e78b70adcb9902b3619f6ae4629020d23e850	368128	data/processed/S1048d_ablation_A_times.npy
b9112360c337fa76340fc7e36eddedd33e409d5feeb9c59eec0eae8bdd9276e4	184128	data/processed/S1048d_ablation_A_waveform.npy
d3eb6bdf4064d01e2c5245fbdf878b3d2e8f291e69d4781363052dd995180f92	46128	data/processed/S1048d_ablation_A_waveform_valid_samples.npy
78f02ee8358db8f93ef57ae3b19f5739c4f788543ef5879f40a09da3c9472e50	2129	data/processed/S1048d_ablation_B.normalization.json
20567f23f7b6c07d9d9860712679bcf946fb92a15f669c1ddf6338d1521ce21e	184128	data/processed/S1048d_ablation_B_envelope.npy
9aee293bf85555fa56e0b7975f5cf3b4809bb5eb9d4972b8052fef7d058e669d	46128	data/processed/S1048d_ablation_B_envelope_valid_samples.npy
3df7832234ab946b0bc54a82454e78b70adcb9902b3619f6ae4629020d23e850	368128	data/processed/S1048d_ablation_B_times.npy
efcab3210527d4edeecc973a57465b1377070605ce57149e65398e28a102a77a	184128	data/processed/S1048d_ablation_B_waveform.npy
d3eb6bdf4064d01e2c5245fbdf878b3d2e8f291e69d4781363052dd995180f92	46128	data/processed/S1048d_ablation_B_waveform_valid_samples.npy
e48bfe339da524e56f672804c3c3c0c9a22a8883141694d0300bff773a9434a3	2126	data/processed/S1048d_ablation_C.normalization.json
df5ace11fff82f8bcb9424973dd33906616e07445746336c6f63632223a9c401	184128	data/processed/S1048d_ablation_C_envelope.npy
9aee293bf85555fa56e0b7975f5cf3b4809bb5eb9d4972b8052fef7d058e669d	46128	data/processed/S1048d_ablation_C_envelope_valid_samples.npy
3df7832234ab946b0bc54a82454e78b70adcb9902b3619f6ae4629020d23e850	368128	data/processed/S1048d_ablation_C_times.npy
cbb041f5897e4739b070e896aeee69dae24f33fef519287b9b0cd6be980204aa	184128	data/processed/S1048d_ablation_C_waveform.npy
d3eb6bdf4064d01e2c5245fbdf878b3d2e8f291e69d4781363052dd995180f92	46128	data/processed/S1048d_ablation_C_waveform_valid_samples.npy
3df7832234ab946b0bc54a82454e78b70adcb9902b3619f6ae4629020d23e850	368128	data/processed/S1048d_ablation_times.npy
d3eb6bdf4064d01e2c5245fbdf878b3d2e8f291e69d4781363052dd995180f92	46128	data/processed/S1048d_ablation_valid_samples.npy
c0c3f9a82a0765110d3efd7df470b00ddd47ecf2246f74db8574863628bea381	2262	data/processed/S1048d_aligned_ablation.alignment.json
ec16c049ed85193e063f0222831f1f5c90ce0ff44dcd677682b64105bba0542c	188416	data/processed/S1048d_aligned_ablation.mseed
21a89cff835335d75d9f7b4f26adcc54611a67775c3f9f524366a13e85573c05	2638	data/processed/S1048d_aligned_paperfaith.alignment.json
60e5c416359102b954d935fbfa5f38aac62f623cc176823ca4538e799cc0ebda	210432	data/processed/S1048d_aligned_paperfaith.mseed
0c2dd274b511128d3c10335d96166283c4c212eec40581ffa4119f7db39b30f3	4283090	data/processed/S1048d_fdpa.npz
ece9fd3a6879701fd84679eee7614277eaacf44a38f3b29dcb0f171040e44dff	1778	data/processed/S1048d_glitch_flags.json
83cb30c39358350ba3b5e8eac50d4635291925710305282c7dcb2e9a7e23b9ba	4223565	data/processed/S1048d_mk_filterbank.npz
09ad46567bf1d20133ec9015c4703706e2e2d1a6fc06c997b437efcae150484d	2137	data/processed/S1048d_paperfaith_A.normalization.json
72c586da8d971a27bccff9c396becc0c736632bf4ac771ea6ffcc6d73401af8d	184128	data/processed/S1048d_paperfaith_A_envelope.npy
9aee293bf85555fa56e0b7975f5cf3b4809bb5eb9d4972b8052fef7d058e669d	46128	data/processed/S1048d_paperfaith_A_envelope_valid_samples.npy
3df7832234ab946b0bc54a82454e78b70adcb9902b3619f6ae4629020d23e850	368128	data/processed/S1048d_paperfaith_A_times.npy
699c74d38dc74a61c2aab3a0ea04c63f95f0b8f026d5ad794939a3ad4cf52c97	184128	data/processed/S1048d_paperfaith_A_waveform.npy
d3eb6bdf4064d01e2c5245fbdf878b3d2e8f291e69d4781363052dd995180f92	46128	data/processed/S1048d_paperfaith_A_waveform_valid_samples.npy
8f22b5675fb196e7db60283f7cc823910007c7a5797e0d818cc7fdc5169a45a7	2139	data/processed/S1048d_paperfaith_B.normalization.json
d390f06f0a8afd3bfc7ed08a2857fb8f842d1e69af7f7208ab3fb6dc10ace6ce	184128	data/processed/S1048d_paperfaith_B_envelope.npy
9aee293bf85555fa56e0b7975f5cf3b4809bb5eb9d4972b8052fef7d058e669d	46128	data/processed/S1048d_paperfaith_B_envelope_valid_samples.npy
3df7832234ab946b0bc54a82454e78b70adcb9902b3619f6ae4629020d23e850	368128	data/processed/S1048d_paperfaith_B_times.npy
ee338a23e63fdfdc516fa744e0520cff97a84285f3bc55771bd91f901a0b8d3f	184128	data/processed/S1048d_paperfaith_B_waveform.npy
d3eb6bdf4064d01e2c5245fbdf878b3d2e8f291e69d4781363052dd995180f92	46128	data/processed/S1048d_paperfaith_B_waveform_valid_samples.npy
95fd75c7d79406d52acec21c9f6c001e22d6804e74f0f46215c269f5f371b63c	2136	data/processed/S1048d_paperfaith_C.normalization.json
3e51ba0db9b26c3b9a3aa81103ec4a786cf76fe11937e226a4a0911d2465ea31	184128	data/processed/S1048d_paperfaith_C_envelope.npy
9aee293bf85555fa56e0b7975f5cf3b4809bb5eb9d4972b8052fef7d058e669d	46128	data/processed/S1048d_paperfaith_C_envelope_valid_samples.npy
3df7832234ab946b0bc54a82454e78b70adcb9902b3619f6ae4629020d23e850	368128	data/processed/S1048d_paperfaith_C_times.npy
8847c31ebfdfb93823896e77b2a8d18b94957b175267bfd1c1a9a739a07cc5ea	184128	data/processed/S1048d_paperfaith_C_waveform.npy
d3eb6bdf4064d01e2c5245fbdf878b3d2e8f291e69d4781363052dd995180f92	46128	data/processed/S1048d_paperfaith_C_waveform_valid_samples.npy
3df7832234ab946b0bc54a82454e78b70adcb9902b3619f6ae4629020d23e850	368128	data/processed/S1048d_paperfaith_times.npy
d3eb6bdf4064d01e2c5245fbdf878b3d2e8f291e69d4781363052dd995180f92	46128	data/processed/S1048d_paperfaith_valid_samples.npy
d8eb476a844eaa999d4bdea76f4d4e35d09b1d3e52ec21da81064e41bcde7a8d	691200	data/processed/S1102a_ZNE.mseed
e773eaf6fcfbf2f232bed30bbefa79c647f12b8d4270cb823b77f7122aefd695	1010	data/processed/S1102a_ZNE.rotation.json
4ae470be139fb821b86f7623d631d9bdcc13e77f27116e002df02b9121ef7bb3	629	data/processed/S1102a_Z_filt.bandpass.json
353b4ffd3e4f2bd15eb9b52ac57d6f7a439bb506abfa616dc87f04ba09cdde02	208896	data/processed/S1102a_Z_filt.mseed
a6d225a56188eb2244462f5085ea1c51ddcb1646ef2b95159610a976e9f6d749	230400	data/processed/S1102a_Z_polfilt.mseed
f46b7bc326424cce373f15e0c7f4bb21a491f1b858d5bf5eb2ac74cf313a0e94	1339	data/processed/S1102a_Z_polfilt.polarization.json
6faf54dea0c3d87ca40c0e0e5a843dcb646834a58312a8607926ad2f92c1607d	2127	data/processed/S1102a_ablation_A.normalization.json
bb569cd3652f4627cbd2d2642b5629b9e5ba09c69d2e440835d2bf258854bf91	184128	data/processed/S1102a_ablation_A_envelope.npy
81131ed1f10a67a5404ae33feddc4c91e4f24c3009cf7bd785128ef759e28c31	46128	data/processed/S1102a_ablation_A_envelope_valid_samples.npy
3df7832234ab946b0bc54a82454e78b70adcb9902b3619f6ae4629020d23e850	368128	data/processed/S1102a_ablation_A_times.npy
d9ed8ab183f8d09852f67bdc1d695043dbc17cf83f4c28695e7aadd3a69748d4	184128	data/processed/S1102a_ablation_A_waveform.npy
d4ad625093ac0e86a78c1ab7013ccd28b0bc43b436de992886362f5f6d0dc461	46128	data/processed/S1102a_ablation_A_waveform_valid_samples.npy
2d9ebf1fae13ed6b7ce0b43db19f514c3e790bd6d3880741df69ecc355764677	2129	data/processed/S1102a_ablation_B.normalization.json
5ae4050212911df6223f219fa78a58db17122f55b4f40fa473e2e72bb593d78e	184128	data/processed/S1102a_ablation_B_envelope.npy
81131ed1f10a67a5404ae33feddc4c91e4f24c3009cf7bd785128ef759e28c31	46128	data/processed/S1102a_ablation_B_envelope_valid_samples.npy
3df7832234ab946b0bc54a82454e78b70adcb9902b3619f6ae4629020d23e850	368128	data/processed/S1102a_ablation_B_times.npy
9058f4e0a390fc7db344fc0f84d86aba85e26c99845ade3e74352fa8eb6807fd	184128	data/processed/S1102a_ablation_B_waveform.npy
d4ad625093ac0e86a78c1ab7013ccd28b0bc43b436de992886362f5f6d0dc461	46128	data/processed/S1102a_ablation_B_waveform_valid_samples.npy
d07322c9bc6aadb1ff97ca6bf0307ed3d7776325cc455a7cb4cbf65ea98f01ac	2126	data/processed/S1102a_ablation_C.normalization.json
3e43ae1730a225e1a9c17308be805772d798bb0ed074d3740356e3fe2530e5b7	184128	data/processed/S1102a_ablation_C_envelope.npy
81131ed1f10a67a5404ae33feddc4c91e4f24c3009cf7bd785128ef759e28c31	46128	data/processed/S1102a_ablation_C_envelope_valid_samples.npy
3df7832234ab946b0bc54a82454e78b70adcb9902b3619f6ae4629020d23e850	368128	data/processed/S1102a_ablation_C_times.npy
8d06e5d7cf19d179891d64f326acae4a27e2a083551ba7274d33758d088adb98	184128	data/processed/S1102a_ablation_C_waveform.npy
d4ad625093ac0e86a78c1ab7013ccd28b0bc43b436de992886362f5f6d0dc461	46128	data/processed/S1102a_ablation_C_waveform_valid_samples.npy
3df7832234ab946b0bc54a82454e78b70adcb9902b3619f6ae4629020d23e850	368128	data/processed/S1102a_ablation_times.npy
d4ad625093ac0e86a78c1ab7013ccd28b0bc43b436de992886362f5f6d0dc461	46128	data/processed/S1102a_ablation_valid_samples.npy
89a7c0d8df54f2f8e6bce59b3d101ec4d85effcfeda2a04c12fac28044bfb19f	2274	data/processed/S1102a_aligned_ablation.alignment.json
2f16b28e10c26175e3395146084bc1c121e7aeb457ba17cacb6ec54c93479c96	188416	data/processed/S1102a_aligned_ablation.mseed
6b0e353ac90f58ecb05d34447b610dd0c1fc755785e2f4feaf8d6f7ac80fa4a6	2650	data/processed/S1102a_aligned_paperfaith.alignment.json
16a0bbad13dac333fa14af2f32aa7b8ae65f22f50b58bc93a2289cfef2e79ed6	210432	data/processed/S1102a_aligned_paperfaith.mseed
862f8029a6d151ba82da51a8ba0f8d34e0b1a6c4261c0fb42c96953d15736831	4313993	data/processed/S1102a_fdpa.npz
9ca9045836d3805b113496a15a95c31864bce301ef9369e80005e80053a2cac9	1169	data/processed/S1102a_glitch_flags.json
2be969b3396c42555d6438c196d75d7ea005969fd7d51a4ae503bebf478f3cd0	4217664	data/processed/S1102a_mk_filterbank.npz
eed4bbee02a48e6b69805d6fbed61e4574fb37abe83335813949e3c620d44966	2137	data/processed/S1102a_paperfaith_A.normalization.json
762a65cf131a75003a7311096e0f823de369ab685d4c0ccd07eeee9dbc9ded11	184128	data/processed/S1102a_paperfaith_A_envelope.npy
81131ed1f10a67a5404ae33feddc4c91e4f24c3009cf7bd785128ef759e28c31	46128	data/processed/S1102a_paperfaith_A_envelope_valid_samples.npy
3df7832234ab946b0bc54a82454e78b70adcb9902b3619f6ae4629020d23e850	368128	data/processed/S1102a_paperfaith_A_times.npy
064277a92093675f9bcf6dae3f15023d8168efeda452965b0b60c96a269e4591	184128	data/processed/S1102a_paperfaith_A_waveform.npy
d4ad625093ac0e86a78c1ab7013ccd28b0bc43b436de992886362f5f6d0dc461	46128	data/processed/S1102a_paperfaith_A_waveform_valid_samples.npy
8433a1b62b9986af6abb32ba3f4bfcd29f5a06ae3dc6947a9993aafcc9281db8	2139	data/processed/S1102a_paperfaith_B.normalization.json
b9a0fbfc40ec287089168317d0716cbe4a7f15b67239cf1ccf6837bf07cf60b5	184128	data/processed/S1102a_paperfaith_B_envelope.npy
81131ed1f10a67a5404ae33feddc4c91e4f24c3009cf7bd785128ef759e28c31	46128	data/processed/S1102a_paperfaith_B_envelope_valid_samples.npy
3df7832234ab946b0bc54a82454e78b70adcb9902b3619f6ae4629020d23e850	368128	data/processed/S1102a_paperfaith_B_times.npy
b74d2678e3ad260b806bf5f51cd64ba48377b5ea44d3c4c72431d04ca8149ea2	184128	data/processed/S1102a_paperfaith_B_waveform.npy
d4ad625093ac0e86a78c1ab7013ccd28b0bc43b436de992886362f5f6d0dc461	46128	data/processed/S1102a_paperfaith_B_waveform_valid_samples.npy
c14841db70b03593153f2246e442cad4dab8a9efdaaccb0d0d3254a4d9e8fc70	2136	data/processed/S1102a_paperfaith_C.normalization.json
9c771f8e5ca1a65bcfb58dd3a1f8ee43d928985af8ca706c5bcf74b0095e9469	184128	data/processed/S1102a_paperfaith_C_envelope.npy
81131ed1f10a67a5404ae33feddc4c91e4f24c3009cf7bd785128ef759e28c31	46128	data/processed/S1102a_paperfaith_C_envelope_valid_samples.npy
3df7832234ab946b0bc54a82454e78b70adcb9902b3619f6ae4629020d23e850	368128	data/processed/S1102a_paperfaith_C_times.npy
6bfc745277c8b7d9b2ce2c0acc424f9a6e256b5f6ee903617962fa15bf5b77b5	184128	data/processed/S1102a_paperfaith_C_waveform.npy
d4ad625093ac0e86a78c1ab7013ccd28b0bc43b436de992886362f5f6d0dc461	46128	data/processed/S1102a_paperfaith_C_waveform_valid_samples.npy
3df7832234ab946b0bc54a82454e78b70adcb9902b3619f6ae4629020d23e850	368128	data/processed/S1102a_paperfaith_times.npy
d4ad625093ac0e86a78c1ab7013ccd28b0bc43b436de992886362f5f6d0dc461	46128	data/processed/S1102a_paperfaith_valid_samples.npy
a011098e7cb3480748da75df73ba0bba076dfa6588ad2d210f34d6b11c2f7557	691200	data/processed/S1133c_ZNE.mseed
285a4d91e85fe9f914a55ca9bf6bbb3b439ccc25f9f5b24e8c87f2dbb9c5d5e6	1010	data/processed/S1133c_ZNE.rotation.json
435918a1568cfd8aef9d90aa4c250d1e1c14d2842c2ee4ebf08d3ce16fa096f1	629	data/processed/S1133c_Z_filt.bandpass.json
36edcd13afa98edaae64ecd88a3011bb16aed799779e39c45ea3291dced81c7a	208896	data/processed/S1133c_Z_filt.mseed
52becf93c95653db8545882b269681279ce60b34649d1cb32e1fe7bdeccdbb55	230400	data/processed/S1133c_Z_polfilt.mseed
b4c2d961941a89f3651a82ef56ae7b37e769b96e8600ea150daf7cf9d0b0a2a4	1339	data/processed/S1133c_Z_polfilt.polarization.json
5b7f926f24fbac81957af64d5d3e99e0a5510c79d1f90f28ad7d98379d6c1d76	2127	data/processed/S1133c_ablation_A.normalization.json
21e4d8978df9f622b6a6e6eb40e98762773a3d7ea1524ae623dbe0dbdb91f907	184128	data/processed/S1133c_ablation_A_envelope.npy
2087aec328ad2ea4084710543f4a2e2bb78d93ce701b11e695a37097a19059e7	46128	data/processed/S1133c_ablation_A_envelope_valid_samples.npy
3df7832234ab946b0bc54a82454e78b70adcb9902b3619f6ae4629020d23e850	368128	data/processed/S1133c_ablation_A_times.npy
e5ee05d4b0081d501bc265d86ef80f691e2bbb990b32a206f760adb14f407015	184128	data/processed/S1133c_ablation_A_waveform.npy
e3c29cb4ff9ff08e48df9a4bd9c2ec5be9a65b85fae13d1ada4c6a7c875240e8	46128	data/processed/S1133c_ablation_A_waveform_valid_samples.npy
7a8e9c0f4c90903f8aeb6ef955445d93e3539eb3f511309c410b5e4ff3794721	2129	data/processed/S1133c_ablation_B.normalization.json
01a6ebfe200056b378bc2c18c30c2d29cc5566e36dd2a9a15f046536620891a7	184128	data/processed/S1133c_ablation_B_envelope.npy
2087aec328ad2ea4084710543f4a2e2bb78d93ce701b11e695a37097a19059e7	46128	data/processed/S1133c_ablation_B_envelope_valid_samples.npy
3df7832234ab946b0bc54a82454e78b70adcb9902b3619f6ae4629020d23e850	368128	data/processed/S1133c_ablation_B_times.npy
45fea8e221241a96c84470286a45915924aec59039f25b1ae387d7ce8d44bda6	184128	data/processed/S1133c_ablation_B_waveform.npy
e3c29cb4ff9ff08e48df9a4bd9c2ec5be9a65b85fae13d1ada4c6a7c875240e8	46128	data/processed/S1133c_ablation_B_waveform_valid_samples.npy
a7b2bca9d47877765fc565e258805962b386af0f84ad21272bbbfd4dc9a0fd3c	2126	data/processed/S1133c_ablation_C.normalization.json
bb25417efb9b6bc4af32644febd6b4a5a8199cbaabd7dda3295ae9d767f7fb3e	184128	data/processed/S1133c_ablation_C_envelope.npy
2087aec328ad2ea4084710543f4a2e2bb78d93ce701b11e695a37097a19059e7	46128	data/processed/S1133c_ablation_C_envelope_valid_samples.npy
3df7832234ab946b0bc54a82454e78b70adcb9902b3619f6ae4629020d23e850	368128	data/processed/S1133c_ablation_C_times.npy
94fd8ee694046c8fca702e7b892475464ee98b327cbaef17fcff818952030b7e	184128	data/processed/S1133c_ablation_C_waveform.npy
e3c29cb4ff9ff08e48df9a4bd9c2ec5be9a65b85fae13d1ada4c6a7c875240e8	46128	data/processed/S1133c_ablation_C_waveform_valid_samples.npy
3df7832234ab946b0bc54a82454e78b70adcb9902b3619f6ae4629020d23e850	368128	data/processed/S1133c_ablation_times.npy
e3c29cb4ff9ff08e48df9a4bd9c2ec5be9a65b85fae13d1ada4c6a7c875240e8	46128	data/processed/S1133c_ablation_valid_samples.npy
6ff7371009914e1e2a3a2c735fc59f28f74e88662442d17d84a1750bbd432666	2274	data/processed/S1133c_aligned_ablation.alignment.json
416a856ac21947f67c8d5ca40c8718da7d0c5b29528f0c2c8d0a7846af10f02b	188416	data/processed/S1133c_aligned_ablation.mseed
68e98d5dddb794815caa853ffe8fbc8d53170902fe7c7c8759b91cfe7df61d3e	2650	data/processed/S1133c_aligned_paperfaith.alignment.json
fed71783667456d4ead6e9d50b3cddb06db24b16c849cb0b6281335296fd39d7	210432	data/processed/S1133c_aligned_paperfaith.mseed
12f29f286323bd7107bd00cd0ae2be84a5b26e8e205f45af6d727e56564a04c6	4308880	data/processed/S1133c_fdpa.npz
6bd182f76d90e7a4fd7039448a082973d0ebb183a536ff51823a0571b86bb9af	17137	data/processed/S1133c_glitch_flags.json
d9dd7386fca5c443e86972bc2eafe94a7a6137dfff5dd1aaee8027fed0ac67f1	4243128	data/processed/S1133c_mk_filterbank.npz
1c0e90094e91a3b4b4d4473fbe391296d5a4cfc28473976d6b47b60d602de2c9	2137	data/processed/S1133c_paperfaith_A.normalization.json
c02aace7f5a447783f7e0e6b77510ec3c0f66dcbb6596f47166dce78b1d0e133	184128	data/processed/S1133c_paperfaith_A_envelope.npy
2087aec328ad2ea4084710543f4a2e2bb78d93ce701b11e695a37097a19059e7	46128	data/processed/S1133c_paperfaith_A_envelope_valid_samples.npy
3df7832234ab946b0bc54a82454e78b70adcb9902b3619f6ae4629020d23e850	368128	data/processed/S1133c_paperfaith_A_times.npy
8b9fc13c5e2b1843a993387db8bd8d4d95c3ade33d8a51af9316c20be374a16d	184128	data/processed/S1133c_paperfaith_A_waveform.npy
e3c29cb4ff9ff08e48df9a4bd9c2ec5be9a65b85fae13d1ada4c6a7c875240e8	46128	data/processed/S1133c_paperfaith_A_waveform_valid_samples.npy
8e5dc21e4d368a0fe4c06e1394beaa554c37a90df56ba45d098d17848aa5e6d1	2139	data/processed/S1133c_paperfaith_B.normalization.json
642a8a83815b56646688d80c3c3880554c2cdbaeadc24aaba7a3f9f418e8b6fa	184128	data/processed/S1133c_paperfaith_B_envelope.npy
2087aec328ad2ea4084710543f4a2e2bb78d93ce701b11e695a37097a19059e7	46128	data/processed/S1133c_paperfaith_B_envelope_valid_samples.npy
3df7832234ab946b0bc54a82454e78b70adcb9902b3619f6ae4629020d23e850	368128	data/processed/S1133c_paperfaith_B_times.npy
9a6e410e984b6fbf13a0b5ee3753748facba5e9d86cb61662bca0b985e7484ce	184128	data/processed/S1133c_paperfaith_B_waveform.npy
e3c29cb4ff9ff08e48df9a4bd9c2ec5be9a65b85fae13d1ada4c6a7c875240e8	46128	data/processed/S1133c_paperfaith_B_waveform_valid_samples.npy
0c7cc01195962fbc32a4daead2f11e0f11bdf821ab21bf80448c4729647d69a7	2136	data/processed/S1133c_paperfaith_C.normalization.json
f49ed018398bac1956e8c53019e9398b33d8d40d51c796ec14b80b8241aeac3e	184128	data/processed/S1133c_paperfaith_C_envelope.npy
2087aec328ad2ea4084710543f4a2e2bb78d93ce701b11e695a37097a19059e7	46128	data/processed/S1133c_paperfaith_C_envelope_valid_samples.npy
3df7832234ab946b0bc54a82454e78b70adcb9902b3619f6ae4629020d23e850	368128	data/processed/S1133c_paperfaith_C_times.npy
892ec331e6ae39cc7f06d94b2acbc56530b9f49c442c80afe03b65e1aa9eefd1	184128	data/processed/S1133c_paperfaith_C_waveform.npy
e3c29cb4ff9ff08e48df9a4bd9c2ec5be9a65b85fae13d1ada4c6a7c875240e8	46128	data/processed/S1133c_paperfaith_C_waveform_valid_samples.npy
3df7832234ab946b0bc54a82454e78b70adcb9902b3619f6ae4629020d23e850	368128	data/processed/S1133c_paperfaith_times.npy
e3c29cb4ff9ff08e48df9a4bd9c2ec5be9a65b85fae13d1ada4c6a7c875240e8	46128	data/processed/S1133c_paperfaith_valid_samples.npy
2d13ba84aa4d24c1338a013e69f2d7fd6d50efb579a216867c7dfebcbc6dca7b	691200	data/processed/S1153a_ZNE.mseed
7669bc1ff693b234dfac29302afccb270ce1fa991cf0d19377e9adb31d2d9613	1010	data/processed/S1153a_ZNE.rotation.json
03501125948b6abb757f9f69bc9be7811687e104f01032145588a66e332b2c29	629	data/processed/S1153a_Z_filt.bandpass.json
62272c18c57fdd125109a99a96f14efea293d7c570ff2ccd7572a49d177af81e	208896	data/processed/S1153a_Z_filt.mseed
cdbab6b7fbfa2a73dfb9204e9ae34b9a496cde59844496f3ddc61b74ceeaa94a	230400	data/processed/S1153a_Z_polfilt.mseed
d43b7cc915c7dfeb15b181ecd5276253f5bd66f14feb14cdfc3ae746cfd2e018	1339	data/processed/S1153a_Z_polfilt.polarization.json
7bbbd26e7dd3ba9addd704fcc6b3f7da3042d72ce391dacf3fbc9269545751de	2127	data/processed/S1153a_ablation_A.normalization.json
0a9143017a3c994bc9e8240f906e3c8f8a4738071e86be7b72c73fd8454567a6	184128	data/processed/S1153a_ablation_A_envelope.npy
ec98f621e1c000fbbed07660a357eaa39a19c6b71e17f7900b58514829dc5146	46128	data/processed/S1153a_ablation_A_envelope_valid_samples.npy
3df7832234ab946b0bc54a82454e78b70adcb9902b3619f6ae4629020d23e850	368128	data/processed/S1153a_ablation_A_times.npy
a35b608526de7b785475d1631bdcab1afe8219b47ee6ccf296d3006bf899e2d4	184128	data/processed/S1153a_ablation_A_waveform.npy
d5aa35d18eb906a669bb31aca7416c37c8f59ee4d76042a0abf14aeaedd2a29e	46128	data/processed/S1153a_ablation_A_waveform_valid_samples.npy
8cab2aa055155f9dc1f2b5c0fcc629e01a7c2944987fbb0f43916536bbe63965	2129	data/processed/S1153a_ablation_B.normalization.json
800f10b2a33731daf89df47c8d8d5215d0a785bb117d99d360ecfa90e80495ac	184128	data/processed/S1153a_ablation_B_envelope.npy
ec98f621e1c000fbbed07660a357eaa39a19c6b71e17f7900b58514829dc5146	46128	data/processed/S1153a_ablation_B_envelope_valid_samples.npy
3df7832234ab946b0bc54a82454e78b70adcb9902b3619f6ae4629020d23e850	368128	data/processed/S1153a_ablation_B_times.npy
690217ea6b21cac94929383b0f049309506e18bf66a3d1ab54e83a8e5fa243ab	184128	data/processed/S1153a_ablation_B_waveform.npy
d5aa35d18eb906a669bb31aca7416c37c8f59ee4d76042a0abf14aeaedd2a29e	46128	data/processed/S1153a_ablation_B_waveform_valid_samples.npy
a4dac909bbe574274c1251d00c19cf9eab5b5a0f6d58ad607c44a3cab83faf90	2126	data/processed/S1153a_ablation_C.normalization.json
566439231e2a6543602356fca2113e47a96ad7b4d32a9ce591aaf7693d565cb3	184128	data/processed/S1153a_ablation_C_envelope.npy
ec98f621e1c000fbbed07660a357eaa39a19c6b71e17f7900b58514829dc5146	46128	data/processed/S1153a_ablation_C_envelope_valid_samples.npy
3df7832234ab946b0bc54a82454e78b70adcb9902b3619f6ae4629020d23e850	368128	data/processed/S1153a_ablation_C_times.npy
36235dcb8f73df018db033fc22a5460883f6354aa6ac7a6a2122c47fdd10cff6	184128	data/processed/S1153a_ablation_C_waveform.npy
d5aa35d18eb906a669bb31aca7416c37c8f59ee4d76042a0abf14aeaedd2a29e	46128	data/processed/S1153a_ablation_C_waveform_valid_samples.npy
3df7832234ab946b0bc54a82454e78b70adcb9902b3619f6ae4629020d23e850	368128	data/processed/S1153a_ablation_times.npy
d5aa35d18eb906a669bb31aca7416c37c8f59ee4d76042a0abf14aeaedd2a29e	46128	data/processed/S1153a_ablation_valid_samples.npy
79091b6605ee208858ae800e4ce6b604780661d0256ca4fddf252b3a15a1f737	2274	data/processed/S1153a_aligned_ablation.alignment.json
6b47523f0b2a16697decb4be113a49e2c6870b569f9b5cb6e18167a294c821da	188416	data/processed/S1153a_aligned_ablation.mseed
7cb0de0be44e8ddf05c20ea3bc7b6d81c4075e3b4f5b6138f6fd6adda3f6ba00	2650	data/processed/S1153a_aligned_paperfaith.alignment.json
b8f4119169337b9dc23b28fed45d964347e1df142ecb3083e9b128e60d2dbf51	210432	data/processed/S1153a_aligned_paperfaith.mseed
f5bc9ad3ecee30d49f257f814c3d7c3dce5c765589777fb73520d62a24e6acc1	4297839	data/processed/S1153a_fdpa.npz
a3e62f478a78fd9ac5d8dc8c6f9862522a349ee58119dc904911f3eaaedddcd2	913	data/processed/S1153a_glitch_flags.json
5520387c86b2f5d7f8c732b7be451cbc5a25f4a32f5aa15871acc2e14fecef89	4227420	data/processed/S1153a_mk_filterbank.npz
d5cc91a318244277ffa910912d570a2e8863cad2b996e362360d7b0a8a384f2e	2137	data/processed/S1153a_paperfaith_A.normalization.json
9028fac19fb853ab5c4791e95a2df9e400911f41154d7933f207035729f8761c	184128	data/processed/S1153a_paperfaith_A_envelope.npy
ec98f621e1c000fbbed07660a357eaa39a19c6b71e17f7900b58514829dc5146	46128	data/processed/S1153a_paperfaith_A_envelope_valid_samples.npy
3df7832234ab946b0bc54a82454e78b70adcb9902b3619f6ae4629020d23e850	368128	data/processed/S1153a_paperfaith_A_times.npy
f0dcddaf00bbadb962b1f615fb351e4040f95adf4d6657d500946618084d7766	184128	data/processed/S1153a_paperfaith_A_waveform.npy
d5aa35d18eb906a669bb31aca7416c37c8f59ee4d76042a0abf14aeaedd2a29e	46128	data/processed/S1153a_paperfaith_A_waveform_valid_samples.npy
d8d98b3a261460a7cd14f5a4c3340dc9742341e1f79c1cc40fdfa1f63a14a1b3	2139	data/processed/S1153a_paperfaith_B.normalization.json
c82587cf070eaab7d303d1e71134b78967c5b240d3546f8c92d58abebee15ee5	184128	data/processed/S1153a_paperfaith_B_envelope.npy
ec98f621e1c000fbbed07660a357eaa39a19c6b71e17f7900b58514829dc5146	46128	data/processed/S1153a_paperfaith_B_envelope_valid_samples.npy
3df7832234ab946b0bc54a82454e78b70adcb9902b3619f6ae4629020d23e850	368128	data/processed/S1153a_paperfaith_B_times.npy
2afea6ddef0c728dfcdcf4d373d094168d52209a54f4d855215bcbfad4f22cdd	184128	data/processed/S1153a_paperfaith_B_waveform.npy
d5aa35d18eb906a669bb31aca7416c37c8f59ee4d76042a0abf14aeaedd2a29e	46128	data/processed/S1153a_paperfaith_B_waveform_valid_samples.npy
dd2bcefdf7416fc3c0b095e27abdcd255f14f827c5e88fdc7e4e50228473a1b0	2136	data/processed/S1153a_paperfaith_C.normalization.json
14d4b6b2205e7bf47d617ea6f81f6a4072ae1d784622ea1e69eb1da44fb16d97	184128	data/processed/S1153a_paperfaith_C_envelope.npy
ec98f621e1c000fbbed07660a357eaa39a19c6b71e17f7900b58514829dc5146	46128	data/processed/S1153a_paperfaith_C_envelope_valid_samples.npy
3df7832234ab946b0bc54a82454e78b70adcb9902b3619f6ae4629020d23e850	368128	data/processed/S1153a_paperfaith_C_times.npy
02b71c55ad4156991eeb76e2df95f6bb2c4a8578ebbf5898620745d869f0bf24	184128	data/processed/S1153a_paperfaith_C_waveform.npy
d5aa35d18eb906a669bb31aca7416c37c8f59ee4d76042a0abf14aeaedd2a29e	46128	data/processed/S1153a_paperfaith_C_waveform_valid_samples.npy
3df7832234ab946b0bc54a82454e78b70adcb9902b3619f6ae4629020d23e850	368128	data/processed/S1153a_paperfaith_times.npy
d5aa35d18eb906a669bb31aca7416c37c8f59ee4d76042a0abf14aeaedd2a29e	46128	data/processed/S1153a_paperfaith_valid_samples.npy
31688b652f2b78622e57834ff2facf46b8ebf50463db419e936c1bf23f9d27d6	691200	data/processed/S1157a_ZNE.mseed
92916a0eeeff9a95197e1c001424f701706e7c7516bf9d716a27cc4969b00ed6	1008	data/processed/S1157a_ZNE.rotation.json
3a4740633521b9802c21fea4e6c9e54c960ab07781758f494ec81c811616609d	629	data/processed/S1157a_Z_filt.bandpass.json
c32c3d6ebcefc14012af2d361a395920647fbfa377e73d015bef13eff2ac2e8e	208896	data/processed/S1157a_Z_filt.mseed
5b3cfece9dee51909b10539570da5c9634312adcd99bbae2182d216ac2d201b3	230400	data/processed/S1157a_Z_polfilt.mseed
e24ec7fac887c5f1557ae891b3249cfb00ff7dfcf5518cf2f09c18f5602c91b1	1339	data/processed/S1157a_Z_polfilt.polarization.json
eb39f56e7231ddfa2d4ec5b57d606a93ba91b9f94f93ce9140c741a4c9ad5354	2127	data/processed/S1157a_ablation_A.normalization.json
5c8569d3923ac0ec5885d5d09497062b0827015fcd6dd866b9bc3b0470ad5f30	184128	data/processed/S1157a_ablation_A_envelope.npy
6fa61a9554aa889ab58d6c8bcebbacbe05dfb0b40e965e7b75818742e45702e3	46128	data/processed/S1157a_ablation_A_envelope_valid_samples.npy
3df7832234ab946b0bc54a82454e78b70adcb9902b3619f6ae4629020d23e850	368128	data/processed/S1157a_ablation_A_times.npy
c133ba2f0ee7e547ebeee3a98bd0a9099fc542ecfef2218b80ba9e30f68be896	184128	data/processed/S1157a_ablation_A_waveform.npy
b8847902f5d1db9575e144ef012f950375ab85cfd979b0e1b2663a41ed385e72	46128	data/processed/S1157a_ablation_A_waveform_valid_samples.npy
ba41ec49979582b90fcb238a079ef5b51da87fb2fd40862b85acb042d4e8adb6	2129	data/processed/S1157a_ablation_B.normalization.json
434ba9ca9ea73fb59def4dc2309e94bbbd239266cac277397f355e25b8362cbe	184128	data/processed/S1157a_ablation_B_envelope.npy
6fa61a9554aa889ab58d6c8bcebbacbe05dfb0b40e965e7b75818742e45702e3	46128	data/processed/S1157a_ablation_B_envelope_valid_samples.npy
3df7832234ab946b0bc54a82454e78b70adcb9902b3619f6ae4629020d23e850	368128	data/processed/S1157a_ablation_B_times.npy
73c7016c23a1f818249fd4c4c0ce638e2476127ce9ba7081faa57d019259fa41	184128	data/processed/S1157a_ablation_B_waveform.npy
b8847902f5d1db9575e144ef012f950375ab85cfd979b0e1b2663a41ed385e72	46128	data/processed/S1157a_ablation_B_waveform_valid_samples.npy
7a4ad042481e0e814869c268e4eb69cc546540050303699cd434599fe6bf2add	2126	data/processed/S1157a_ablation_C.normalization.json
fa278af2390a96fa0cd1f255af9a8ef44cba5505da3f0ede36c21c3ea5fec5c6	184128	data/processed/S1157a_ablation_C_envelope.npy
6fa61a9554aa889ab58d6c8bcebbacbe05dfb0b40e965e7b75818742e45702e3	46128	data/processed/S1157a_ablation_C_envelope_valid_samples.npy
3df7832234ab946b0bc54a82454e78b70adcb9902b3619f6ae4629020d23e850	368128	data/processed/S1157a_ablation_C_times.npy
e3e78a9e9afcb6c336700cd95b2f274e78adc4890888511ec920438601adceca	184128	data/processed/S1157a_ablation_C_waveform.npy
b8847902f5d1db9575e144ef012f950375ab85cfd979b0e1b2663a41ed385e72	46128	data/processed/S1157a_ablation_C_waveform_valid_samples.npy
3df7832234ab946b0bc54a82454e78b70adcb9902b3619f6ae4629020d23e850	368128	data/processed/S1157a_ablation_times.npy
b8847902f5d1db9575e144ef012f950375ab85cfd979b0e1b2663a41ed385e72	46128	data/processed/S1157a_ablation_valid_samples.npy
3a4491166c20d9e619d002c9ab5840c94be411adf94688db8d93d1672cba4b4e	2275	data/processed/S1157a_aligned_ablation.alignment.json
275749c5b4bdb0a8aa7c5e7e4e1370133906edfdf77f58af56d08a651f39c2fd	188416	data/processed/S1157a_aligned_ablation.mseed
13af11794d75c9b595012cc648065f6ddc595ae77a0bd49ecfbdecb0dfd5dedc	2651	data/processed/S1157a_aligned_paperfaith.alignment.json
e175692c89f2540294824ce1f30f5f14fcb6efca41625405f948eb29d5552a50	210432	data/processed/S1157a_aligned_paperfaith.mseed
9aacc63bc3bd63a337d228724b413fec85760dd665db3d7f063ebf33a9ebccb4	4292664	data/processed/S1157a_fdpa.npz
f7525b8be6b0ae1cfd4681a6277ff8c3492d47489df2d33f4a4578aae4ca352b	85	data/processed/S1157a_glitch_flags.json
58d547ae879a5db34eaef15e69f6f00e555b1e30ce3f0c466f771b175c7feeb9	4253390	data/processed/S1157a_mk_filterbank.npz
6805536ea65fa6da0821e56acb6aea3f1377009420ec78f399c7ec6ff875e8c6	2137	data/processed/S1157a_paperfaith_A.normalization.json
a934910af83e3164d91d7b7128bfba29613e50a7cedfe2c7921b5f3fc16bcc7a	184128	data/processed/S1157a_paperfaith_A_envelope.npy
6fa61a9554aa889ab58d6c8bcebbacbe05dfb0b40e965e7b75818742e45702e3	46128	data/processed/S1157a_paperfaith_A_envelope_valid_samples.npy
3df7832234ab946b0bc54a82454e78b70adcb9902b3619f6ae4629020d23e850	368128	data/processed/S1157a_paperfaith_A_times.npy
5ab7f790debd9ca79ad06938f53e80042d547f594f8be1d8bcc43dbbcbe03483	184128	data/processed/S1157a_paperfaith_A_waveform.npy
b8847902f5d1db9575e144ef012f950375ab85cfd979b0e1b2663a41ed385e72	46128	data/processed/S1157a_paperfaith_A_waveform_valid_samples.npy
f2bc074d3fa7bc5f05b716f98a4701976ee1b6c5be0555fa9274aaae82420507	2139	data/processed/S1157a_paperfaith_B.normalization.json
812f3034596820580eb97220df207258535a95233cf98a1a0ef78030e88e6add	184128	data/processed/S1157a_paperfaith_B_envelope.npy
6fa61a9554aa889ab58d6c8bcebbacbe05dfb0b40e965e7b75818742e45702e3	46128	data/processed/S1157a_paperfaith_B_envelope_valid_samples.npy
3df7832234ab946b0bc54a82454e78b70adcb9902b3619f6ae4629020d23e850	368128	data/processed/S1157a_paperfaith_B_times.npy
06f8f686ab37652f3d29ecc6bbaf9ed61beb5189755967e8aa8b2d1e6d82a52d	184128	data/processed/S1157a_paperfaith_B_waveform.npy
b8847902f5d1db9575e144ef012f950375ab85cfd979b0e1b2663a41ed385e72	46128	data/processed/S1157a_paperfaith_B_waveform_valid_samples.npy
97bf9b3eac72f11fc8a31d4bd6e6754857f8cffcde521e6e46f2cd663252965a	2136	data/processed/S1157a_paperfaith_C.normalization.json
d18375ef7e4bbd2288c4faa09676f79930668c0681789a68b2af1bdeb3ae5c0c	184128	data/processed/S1157a_paperfaith_C_envelope.npy
6fa61a9554aa889ab58d6c8bcebbacbe05dfb0b40e965e7b75818742e45702e3	46128	data/processed/S1157a_paperfaith_C_envelope_valid_samples.npy
3df7832234ab946b0bc54a82454e78b70adcb9902b3619f6ae4629020d23e850	368128	data/processed/S1157a_paperfaith_C_times.npy
f42562f16d01177cf660e6be775beb50450065761b6392bd8177d6f9f22a3402	184128	data/processed/S1157a_paperfaith_C_waveform.npy
b8847902f5d1db9575e144ef012f950375ab85cfd979b0e1b2663a41ed385e72	46128	data/processed/S1157a_paperfaith_C_waveform_valid_samples.npy
3df7832234ab946b0bc54a82454e78b70adcb9902b3619f6ae4629020d23e850	368128	data/processed/S1157a_paperfaith_times.npy
b8847902f5d1db9575e144ef012f950375ab85cfd979b0e1b2663a41ed385e72	46128	data/processed/S1157a_paperfaith_valid_samples.npy
79da0a0e3242b46511d442b085a599776161ac3ec6eef9668d999a9f08d1147e	691200	data/processed/S1415a_ZNE.mseed
36dfb377fafd249d8fdd98ecdd76430415f2aee82e5f29a4064f362c82616a1c	1010	data/processed/S1415a_ZNE.rotation.json
4d6bbc07092ae76472ca694c7a602c6ec4dca1638087daccfd5ade224f4af9d9	629	data/processed/S1415a_Z_filt.bandpass.json
db7bf7c2f27bcf5094ddcc9bfa23ef8574f72e090c6cf705d972af54d4a2f0f7	208896	data/processed/S1415a_Z_filt.mseed
e0feaa2f0f4503b31d4a0ce6232564a8838caf610d6ee9f751da79f61fcb3182	230400	data/processed/S1415a_Z_polfilt.mseed
cb23a378453cbddc99f7d484b92d54c5074199c63f947018dcac9ffd6ff1a5ef	1339	data/processed/S1415a_Z_polfilt.polarization.json
3d03c500c769df81fd9bc4ef9d72314554daf0b2abbfc4a5bff8810b2b1c42ca	2127	data/processed/S1415a_ablation_A.normalization.json
713a87c530776471d7d96f9709e7936af8d495b00b687e90efb47cab5ed84194	184128	data/processed/S1415a_ablation_A_envelope.npy
ba81efbee6827e6b89310362d9745e77bd3c768723a0bf302c92b695b1785b26	46128	data/processed/S1415a_ablation_A_envelope_valid_samples.npy
3df7832234ab946b0bc54a82454e78b70adcb9902b3619f6ae4629020d23e850	368128	data/processed/S1415a_ablation_A_times.npy
d8af175d30f8acceedb2fe40a9aab024fab30fa67384e4c6dfa25af8818a27a2	184128	data/processed/S1415a_ablation_A_waveform.npy
22a4f448489affbcd418c5a7b0545bff19e1af43205f69dbcad7f4e01eeaf6f6	46128	data/processed/S1415a_ablation_A_waveform_valid_samples.npy
f196e87e34da5dfce633a23c2732f2a959a4895b598ce546e5533ebd28541e5d	2129	data/processed/S1415a_ablation_B.normalization.json
af2c1471c8b4b7089322f477e6f95bad8e10d79465fe97fdbe61a168187cb533	184128	data/processed/S1415a_ablation_B_envelope.npy
ba81efbee6827e6b89310362d9745e77bd3c768723a0bf302c92b695b1785b26	46128	data/processed/S1415a_ablation_B_envelope_valid_samples.npy
3df7832234ab946b0bc54a82454e78b70adcb9902b3619f6ae4629020d23e850	368128	data/processed/S1415a_ablation_B_times.npy
1445dcd55417bf42edb1f6ba20d929302e3a452598fbac694513697ef05425f1	184128	data/processed/S1415a_ablation_B_waveform.npy
22a4f448489affbcd418c5a7b0545bff19e1af43205f69dbcad7f4e01eeaf6f6	46128	data/processed/S1415a_ablation_B_waveform_valid_samples.npy
05963813d270eb48fefb836835452ab70bccf16058076e04c77c7fc26271559b	2126	data/processed/S1415a_ablation_C.normalization.json
31d31a6cbf0ceb2373993498e269dc68bcab295698bab6291fbdff0f0a2481ca	184128	data/processed/S1415a_ablation_C_envelope.npy
ba81efbee6827e6b89310362d9745e77bd3c768723a0bf302c92b695b1785b26	46128	data/processed/S1415a_ablation_C_envelope_valid_samples.npy
3df7832234ab946b0bc54a82454e78b70adcb9902b3619f6ae4629020d23e850	368128	data/processed/S1415a_ablation_C_times.npy
dcc0c15700f60a43454e95f33c90aad1523edefee8bfc4ee201d69243f40903c	184128	data/processed/S1415a_ablation_C_waveform.npy
22a4f448489affbcd418c5a7b0545bff19e1af43205f69dbcad7f4e01eeaf6f6	46128	data/processed/S1415a_ablation_C_waveform_valid_samples.npy
3df7832234ab946b0bc54a82454e78b70adcb9902b3619f6ae4629020d23e850	368128	data/processed/S1415a_ablation_times.npy
22a4f448489affbcd418c5a7b0545bff19e1af43205f69dbcad7f4e01eeaf6f6	46128	data/processed/S1415a_ablation_valid_samples.npy
efb9d3a90ab108501cf232a7940f2a23ec208d898fdc8887c59bd5ddcee7ba35	2270	data/processed/S1415a_aligned_ablation.alignment.json
944bf858b5c45e182748e21a5697e766a4dd14254040bc56e91d7f119946ae52	188416	data/processed/S1415a_aligned_ablation.mseed
a958db259a90157fc423112ba1f682ff3f988a7aab0afef8785ccf607c507d17	2646	data/processed/S1415a_aligned_paperfaith.alignment.json
fb89e68eb42ab911b6bb9126f8fe8694a69abb03c06bc1864fa7211442b98d6f	210432	data/processed/S1415a_aligned_paperfaith.mseed
9646eae091861b1e6e44f7ffbc814ff8f8e411a65ae81d3b99f34ee4e357f61e	4271482	data/processed/S1415a_fdpa.npz
80762e2493e6f3ddd5d3d31b7454b20562661213cc7c19df3546dc5d9ca79cb6	913	data/processed/S1415a_glitch_flags.json
258da1335098825b7e972679e38cea43e0c4b87f69cbb07ae7d7ae9f749bdf67	4214756	data/processed/S1415a_mk_filterbank.npz
cdbe06372d0e3ef22fc19f340b5ae4ddb458ee49808a6af3cad9814ad210c06f	2137	data/processed/S1415a_paperfaith_A.normalization.json
8294dec5e45b6de4ca2f85c2a806fdd0562e0390c3d7d22d0e4b51403be20411	184128	data/processed/S1415a_paperfaith_A_envelope.npy
ba81efbee6827e6b89310362d9745e77bd3c768723a0bf302c92b695b1785b26	46128	data/processed/S1415a_paperfaith_A_envelope_valid_samples.npy
3df7832234ab946b0bc54a82454e78b70adcb9902b3619f6ae4629020d23e850	368128	data/processed/S1415a_paperfaith_A_times.npy
ec8ca519ecaaf031558e1a7fb52647b100ef445b3e213bd99881397985a43746	184128	data/processed/S1415a_paperfaith_A_waveform.npy
22a4f448489affbcd418c5a7b0545bff19e1af43205f69dbcad7f4e01eeaf6f6	46128	data/processed/S1415a_paperfaith_A_waveform_valid_samples.npy
2a9ffc3690fb8968dd2daa3469714ae56ae7e113c399727980212b15592582f1	2139	data/processed/S1415a_paperfaith_B.normalization.json
90446e9e39b222eb41034d09881a632534594910981bc44a2b1af53d6ab44d85	184128	data/processed/S1415a_paperfaith_B_envelope.npy
ba81efbee6827e6b89310362d9745e77bd3c768723a0bf302c92b695b1785b26	46128	data/processed/S1415a_paperfaith_B_envelope_valid_samples.npy
3df7832234ab946b0bc54a82454e78b70adcb9902b3619f6ae4629020d23e850	368128	data/processed/S1415a_paperfaith_B_times.npy
467d6f1e827254f98c2f97d47cf7307f97041b1d5b2660452b52289ee02fe547	184128	data/processed/S1415a_paperfaith_B_waveform.npy
22a4f448489affbcd418c5a7b0545bff19e1af43205f69dbcad7f4e01eeaf6f6	46128	data/processed/S1415a_paperfaith_B_waveform_valid_samples.npy
cd3a4828e336e9ed33cce1a78075784065e7ff5f5a5dcaf556219b7aef8a2bce	2136	data/processed/S1415a_paperfaith_C.normalization.json
dbd0c78e28ab80ec656765c3a44b88d734c11b1346a70ec6db68f4b32ae3d465	184128	data/processed/S1415a_paperfaith_C_envelope.npy
ba81efbee6827e6b89310362d9745e77bd3c768723a0bf302c92b695b1785b26	46128	data/processed/S1415a_paperfaith_C_envelope_valid_samples.npy
3df7832234ab946b0bc54a82454e78b70adcb9902b3619f6ae4629020d23e850	368128	data/processed/S1415a_paperfaith_C_times.npy
06e3ae159f26b09de128e50fd96b02161842ee35cba4adc9e44525ce12a9db28	184128	data/processed/S1415a_paperfaith_C_waveform.npy
22a4f448489affbcd418c5a7b0545bff19e1af43205f69dbcad7f4e01eeaf6f6	46128	data/processed/S1415a_paperfaith_C_waveform_valid_samples.npy
3df7832234ab946b0bc54a82454e78b70adcb9902b3619f6ae4629020d23e850	368128	data/processed/S1415a_paperfaith_times.npy
22a4f448489affbcd418c5a7b0545bff19e1af43205f69dbcad7f4e01eeaf6f6	46128	data/processed/S1415a_paperfaith_valid_samples.npy
21bf6844a5fe59821e892c23994ae9567e115d3e70c13b45cc359e93871b22f4	19054	data/processed/alignment_locked_manifest.json
84f193c321c853dfa2784d83b1d07645a40a9c8b919dae3208c5c46392edda36	2709	data/processed/alignment_run_summary.json
ffaac66830175871cb1284824082e8f618332930c24f53c1b4be3977259765e6	189952	data/processed/deglitch_work/S0105a/S0105a.mseed
1ef1b4a2f9409cb42dae0d55d15a82166130eaaabb894d3e22ff9e5b502ca5e0	691200	data/processed/deglitch_work/S0105a/S0105a_deglitched.mseed
4d9072eff6c97196b3d575f489ef15f2d21ace64a0329a2e29d19c92472f8ee7	1380864	data/processed/deglitch_work/S0105a/S0105a_glitches.mseed
8a5c5a0393126d7bb62f6d487dbb12339b349433a752a60ce1228d81b92aed8a	13297	data/processed/deglitch_work/S0105a/glitches_S0105a.txt
7ab4ad4047a34e2b087dd89641be417c44344a20f20ed6af505e7421ee807a5b	2241	data/processed/deglitch_work/S0105a/seisglitch_config.yml
a4dd5cd1718ae40f7f3c4f94fd2afca83cd6a3d5589f74f1640bab274d5cfe19	202752	data/processed/deglitch_work/S0173a/S0173a.mseed
c01aeebe0032b878758ae2c5c3a697dd6efb9a5f00c99ef681c89e69f3e8a84c	691200	data/processed/deglitch_work/S0173a/S0173a_deglitched.mseed
8c58b4bbefc9694faa7ecbab3619e1d5203256472c614b651a83abb9635d32fd	1380864	data/processed/deglitch_work/S0173a/S0173a_glitches.mseed
02421f0a9377fd9ff267b28c96406645b83c9b0d85b27739a7562fbecd690530	8112	data/processed/deglitch_work/S0173a/glitches_S0173a.txt
1581eb6533aa79e8b76c6f2c378e74faa300ea9e0374a1c2e8d09305c3b0e45a	2241	data/processed/deglitch_work/S0173a/seisglitch_config.yml
d14a3159f775eaa623ed9eabe714a656ba8604703edfcdc3eb304af3b7e682ac	185344	data/processed/deglitch_work/S0189a/S0189a.mseed
f7a32c0daf05b187d88e51ebab0768efee0686899c8c55c3002f4ccd3ec6f55b	691200	data/processed/deglitch_work/S0189a/S0189a_deglitched.mseed
adecb2103c13742dafceea09089e9fb969939af6601852585eef89be3d7b176a	1380864	data/processed/deglitch_work/S0189a/S0189a_glitches.mseed
8969f6ef600b50b7b3bb5b10198bc7c5bb9e8db9a0640bf808b990264974757d	7807	data/processed/deglitch_work/S0189a/glitches_S0189a.txt
77ddd491d54081faa37cc51cc797c0f633f15a3e2f793e32f9b268a7f45eac72	2241	data/processed/deglitch_work/S0189a/seisglitch_config.yml
3ecde9902877ddd77cc4ecd4858cf0c85815744af80cf954acc3e85d8ea7ab89	183808	data/processed/deglitch_work/S0235b/S0235b.mseed
73410b11b144b944872c7a1acfce9cb5d1141ea4e35bbde95880a56180207cff	691200	data/processed/deglitch_work/S0235b/S0235b_deglitched.mseed
22b1b387bad6112228f4328be405707163119ac7e06fd22232844cf1d284e503	1380864	data/processed/deglitch_work/S0235b/S0235b_glitches.mseed
ae3198ecc0bb47cf7b62ec6226a26709c314a82b37d0dc13b66501a49fbb39e3	7502	data/processed/deglitch_work/S0235b/glitches_S0235b.txt
3b4e36d71802df4c446bb7927a382eb7607427f1b285f7989433ad9f06a1ce7f	2241	data/processed/deglitch_work/S0235b/seisglitch_config.yml
3347ddc4b1109af234282844b5888e58f07415fdb12f50c0d223cbf346cd902a	209408	data/processed/deglitch_work/S0290b/S0290b.mseed
9a103a75f693822d0a928035315964c631c9256e6d18964a154af4cd39e68841	691200	data/processed/deglitch_work/S0290b/S0290b_deglitched.mseed
e1d8b6207217c3066ddc46e9910b83a48e611a266cc176fe1f94756664b22b6f	1380864	data/processed/deglitch_work/S0290b/S0290b_glitches.mseed
3755f5de83f2e68fbfb7f7f5a0fff06bb424b45ba3da49fd8eef8e49049d6615	6587	data/processed/deglitch_work/S0290b/glitches_S0290b.txt
9dd7f348e56a879a3b848b60946ccc3d8d06d3cff551ce75a3e69f8f31bfd069	2241	data/processed/deglitch_work/S0290b/seisglitch_config.yml
659c5d5ac1be53176b150770f6d7479b431ca2a6ab80039cb184880ca6d5c539	243200	data/processed/deglitch_work/S0325a/S0325a.mseed
75a872fe7b83596639ad3aecd5292cfd24df30c1bc5e5555f858baf9d4619a78	691200	data/processed/deglitch_work/S0325a/S0325a_deglitched.mseed
9cfb35a0ec1d3481cbce396ad4fee6a84c6a50e98b43669aefe1af642cac369f	1380864	data/processed/deglitch_work/S0325a/S0325a_glitches.mseed
f4bd0b7e9f8f8cc62d7795a89427b395a5826f6364ff0b6c2ffadc45e4769de4	9332	data/processed/deglitch_work/S0325a/glitches_S0325a.txt
cb0ef61d0a53160089c967939fbb68f2dec35318e95884360d41e55daac689e8	2241	data/processed/deglitch_work/S0325a/seisglitch_config.yml
474518969b80ac38ad9ff96c3939ce58ca1ad706a4c8f1e3c65fb84027582805	189952	data/processed/deglitch_work/S0474a/S0474a.mseed
3c05bf4e8f1c86366b55773ae94819d1f26bdbcde01dfab218912df2099f6416	691200	data/processed/deglitch_work/S0474a/S0474a_deglitched.mseed
4aa2db1ab08a40e71461f924a6eb7be9253191249a89f39484e783cef922d726	1380864	data/processed/deglitch_work/S0474a/S0474a_glitches.mseed
a2581561fe074d97dfad90cd0851b29645f8f8483ef2316e6ae58395bf6fd3ee	6892	data/processed/deglitch_work/S0474a/glitches_S0474a.txt
1a853852857f2f0b829c3ac95844d6771ef7b824d23a79317debf2a40c5db3d7	2241	data/processed/deglitch_work/S0474a/seisglitch_config.yml
d66e8a81f055963a016b57243b1419630d2c9c7d324693c3282c479aa8215ae5	192512	data/processed/deglitch_work/S0484b/S0484b.mseed
0c95e46f1a1de4c15ac1d28e3f97b615f561e9b7defc05b4fe1f782e5c7d4d70	691200	data/processed/deglitch_work/S0484b/S0484b_deglitched.mseed
0fea1c8101c01ff89259076350376fbfbb5578e0cdd808142a3a3a30e3d6af85	1380864	data/processed/deglitch_work/S0484b/S0484b_glitches.mseed
0ca02b9f4772ed1217955ad9ce1be57d19e6354703ffbbef9e0463a1c2e5d8e5	7197	data/processed/deglitch_work/S0484b/glitches_S0484b.txt
8d351310d3192b6b5a094c06176e7cb1d01ece4fba6728f9ab80a5ab6e357555	2241	data/processed/deglitch_work/S0484b/seisglitch_config.yml
9617e0f5cf487c273c918c5acee59cb6a906102107ab7a485f26ef003beeec88	187904	data/processed/deglitch_work/S0802a/S0802a.mseed
5c4c5067e2e52f2f1a5ad823346eb1210dea96f1fea99f66549a4a7021c6b62a	691200	data/processed/deglitch_work/S0802a/S0802a_deglitched.mseed
aa7ded24788699870966775f9a34d1e9adc4cf00f08c52bc92a87ce2682b52e5	1380864	data/processed/deglitch_work/S0802a/S0802a_glitches.mseed
b2d58e68679f4202c47d5c5c23e376e7a40bcd85a9a69f47004ed66ef140f239	8417	data/processed/deglitch_work/S0802a/glitches_S0802a.txt
e6581ea4a3ca635eb042861c077aac3a19e202df81488d64f00434b86a095c22	2241	data/processed/deglitch_work/S0802a/seisglitch_config.yml
d07eed87cb4da9acb7f9e3afabaea92d43eea4fcc5d2852a9a3f2297777980b3	182272	data/processed/deglitch_work/S0820a/S0820a.mseed
258b40b90ac70b69ddf37a9e1fc3cab1dabd87f467066fc5e59cd211b45aef23	691200	data/processed/deglitch_work/S0820a/S0820a_deglitched.mseed
a42eeb7929d760016279c2d32b8a67983012338a562781cd85c8637042cb2ab4	1380864	data/processed/deglitch_work/S0820a/S0820a_glitches.mseed
6de7c6ed20b5405b8dd0068f4cc269641fff27f30293befa5f06371d8455f710	7197	data/processed/deglitch_work/S0820a/glitches_S0820a.txt
2cfe6f33bf153e5a15823f303b5a24bf28bf3af291723b407a1fc184c7d2586c	2241	data/processed/deglitch_work/S0820a/seisglitch_config.yml
53f136f5e77efaeb14ab3f07e90178ea4d881e60eb67a327ad9d6c827157ae4a	213504	data/processed/deglitch_work/S0864a/S0864a.mseed
ceca867047b3a7a8edac1ecd61eb02d8e58cbc87bee232f99d6dadf0d891d514	691200	data/processed/deglitch_work/S0864a/S0864a_deglitched.mseed
f5ad889521fe57a115d93c55f248488702dd8cc7639bc952fb1209112c4f8d3d	1380864	data/processed/deglitch_work/S0864a/S0864a_glitches.mseed
be75eb64c8b59121436133cece1010d5ec62eb5c5ed9cacaa9dc9fb34a4ffe9a	8417	data/processed/deglitch_work/S0864a/glitches_S0864a.txt
b5c15625c5666d0981bc7890654235ed9cda032af5a5990213506127b7bdedf3	2241	data/processed/deglitch_work/S0864a/seisglitch_config.yml
d67d8e9586352908212bd07fa778ee3518370a77fb80631b89877fd95fbc91f2	180224	data/processed/deglitch_work/S0916d/S0916d.mseed
07bb137b03a1efb4e7951bdbb4fab29613fb6adb5766d381586e1e638614412a	691200	data/processed/deglitch_work/S0916d/S0916d_deglitched.mseed
ffd39c1ee3e57223bffccec9cebb6c46b553a17caf3d3a15d65ce49257f9a4c8	1380864	data/processed/deglitch_work/S0916d/S0916d_glitches.mseed
68128ac5ad4724d931236b4350217443011bc6de78bc2adbefa7250b9857f3e6	7807	data/processed/deglitch_work/S0916d/glitches_S0916d.txt
739ff213883f382bc4f5f891fad3eb2e286352726b6c43912dda0f314d838ebf	2241	data/processed/deglitch_work/S0916d/seisglitch_config.yml
84a5fe149f671ced00deff642cdc5e1afe7e26944b0100f18e7d6425e3b1e16f	181760	data/processed/deglitch_work/S0918a/S0918a.mseed
94c6dbdd1e2fec359afc1a445ef3e57873a8c7fa283cc30720e3312bda723568	691200	data/processed/deglitch_work/S0918a/S0918a_deglitched.mseed
fcd87d7d872e466571b4c198572bdc5e65f74a75b3a57ee025cd545847b6805f	1380864	data/processed/deglitch_work/S0918a/S0918a_glitches.mseed
28664227a0f2aa7f11b8d186bce0c3bf965486145f7e42e27626df0649641ada	8112	data/processed/deglitch_work/S0918a/glitches_S0918a.txt
86b5a7cd3947e1e106b8795dc127d50fd383b159078c27d46192611ec3c7664a	2241	data/processed/deglitch_work/S0918a/seisglitch_config.yml
7cca30eeb7b413897520033905958e893e78c0ccbe5e4f09a196261cd44d78d3	182272	data/processed/deglitch_work/S1012d/S1012d.mseed
847bc7c29a880334b4f16d24928465db8139f8ccfb18682c8ae69d2b4e6c6ead	691200	data/processed/deglitch_work/S1012d/S1012d_deglitched.mseed
50d4a0fcf587a3774c13b01ffe801ceede7fd3d46c3bba9013511bb3e667ea04	1380864	data/processed/deglitch_work/S1012d/S1012d_glitches.mseed
9213fccf755f000ddcb5a131fff5a1c3f507db74bff7ef7bb1feba562a408703	9027	data/processed/deglitch_work/S1012d/glitches_S1012d.txt
f94a04e522c6214fab53148698e6edf740412475fee5ffae8868243f1b7368ad	2241	data/processed/deglitch_work/S1012d/seisglitch_config.yml
df9c3583c6c347998b5fc684e0be6ad61bb938ef1cce6dd7e69d72b05911cfcd	241152	data/processed/deglitch_work/S1022a/S1022a.mseed
477608a1370b89e0ae61de8d1b1f76591173d6ed3295c57921a85ffa3f29a10a	6282	data/processed/deglitch_work/S1022a/glitches_S1022a.txt
1a200a5a62b1d2c8f5cb11f255357142dfce23616b32fab51cd51538d23fab85	2241	data/processed/deglitch_work/S1022a/seisglitch_config.yml
8db285b3a9ea22753fa46228ef7ab0f5b6205751f01d6b9118e3fc4a9f70e802	181760	data/processed/deglitch_work/S1039b/S1039b.mseed
dc153ab0c70ead70661f1ef7c922ea03d8d99125cd2d062f4099f1939e659ac5	691200	data/processed/deglitch_work/S1039b/S1039b_deglitched.mseed
1f7bc0047ed0fac4196ed2d5c6d1ac4d89d49b483dc82e322f15821d31951e27	1380864	data/processed/deglitch_work/S1039b/S1039b_glitches.mseed
5ea9d781d44dfe30279634fb429d974392ddb4c47b46e0f2c9dafa4067313a01	7197	data/processed/deglitch_work/S1039b/glitches_S1039b.txt
40876c1a7c9c4307982051f1910ec98d09debd17ea8824031f8f0b98fa72c4cb	2241	data/processed/deglitch_work/S1039b/seisglitch_config.yml
ba8228acc15ed4753db95bd3c60252a64137118b58ee298695a945631dc08803	181248	data/processed/deglitch_work/S1048d/S1048d.mseed
e30ec8c0392987a016a038b693dbba842ec1645497d13e2735cd8b55b58824a8	691200	data/processed/deglitch_work/S1048d/S1048d_deglitched.mseed
01790e3dac22734a1f9c0033d11544804a7f551b218dbc3034695b19149bc123	1380864	data/processed/deglitch_work/S1048d/S1048d_glitches.mseed
89bcdeb9a325e1d27c5b299cc7e126ba8f330e7d19d7fd578b238f84531205b6	7807	data/processed/deglitch_work/S1048d/glitches_S1048d.txt
93f23c369baaf9777e73da34def1cc4c105f202bb9bfb1c7338e7a75f0f9823a	2241	data/processed/deglitch_work/S1048d/seisglitch_config.yml
bf0bf57dee0d7eca09e8ba13602c29b691a8d61e4c72c406b27648a11d320829	209920	data/processed/deglitch_work/S1102a/S1102a.mseed
c4fbbc1842933b707346171d545c4d684d4a912d9fcfc026cc03b9f4daa19e29	6282	data/processed/deglitch_work/S1102a/glitches_S1102a.txt
5ad679dcd2bebc90e3209415a1c31d040276f29c8d9848baaafd050847deac98	2241	data/processed/deglitch_work/S1102a/seisglitch_config.yml
8f45b11eb24fb5ff2f20415b2725e558c2cb375ab824a3dd1a67f3bebd48eea9	191488	data/processed/deglitch_work/S1133c/S1133c.mseed
66f6fc46db62c3ec661bd24ec68c3b6c9a5ac821e80d7756a41acdff858c2738	691200	data/processed/deglitch_work/S1133c/S1133c_deglitched.mseed
b0a256776e48fa2806a0a550f401f49623bc76a9fda52e4cf15221a3ac275bf8	1380864	data/processed/deglitch_work/S1133c/S1133c_glitches.mseed
a35ef87ea44a3ef475a0f019cbaa4c174530093d43f1a691b05e875add443e5b	8417	data/processed/deglitch_work/S1133c/glitches_S1133c.txt
cef64fedc44d6c7eeba99d61d5e13679b4556ba760773d78f3a3a6188fe683cb	2241	data/processed/deglitch_work/S1133c/seisglitch_config.yml
d1d2a7e404fb8e91bafb759516217ecb3b9e9c10035d7dd48f36c713456b530d	190976	data/processed/deglitch_work/S1153a/S1153a.mseed
1d58bc5830bf715677e95ba332f8611ac1f8ada212459864542098980338e173	691200	data/processed/deglitch_work/S1153a/S1153a_deglitched.mseed
501a9b64bc5cc8910afc9a3650b1505325e6f9f897e37ea8bab637bc240bd9c3	1380864	data/processed/deglitch_work/S1153a/S1153a_glitches.mseed
256d53116340c7d548d73f253114ff788f87fa82bf8575cc2d7f5fea643571f9	7502	data/processed/deglitch_work/S1153a/glitches_S1153a.txt
b84a887390809c90fa8f9cde39ce6fd1d8aaae751359fb9a2ec1e2cdf0d2b1e4	2241	data/processed/deglitch_work/S1153a/seisglitch_config.yml
4d73b79500b8682ab9bda4a0835b06d957c4a3be516cdb2c88637ea0e91b70c9	265728	data/processed/deglitch_work/S1157a/S1157a.mseed
84a41e0b63fbd26ee4c13c80a81f0b232f405746dbc5b2a89010ea584f6dbe7f	691200	data/processed/deglitch_work/S1157a/S1157a_deglitched.mseed
ed912974c2f4a5755a4463d04e612a854105b6162100f6ac520897dfd64a55af	1380864	data/processed/deglitch_work/S1157a/S1157a_glitches.mseed
2b25583c4d7b3df742a269d2550f7338397c84200eb7042967b17f7a7ffc0395	7807	data/processed/deglitch_work/S1157a/glitches_S1157a.txt
18406fbefb4eb29dab87de53670cc53383f3e1a4e1c71a8537ac5e86e006ae21	2241	data/processed/deglitch_work/S1157a/seisglitch_config.yml
a3cf6692bc188b25ee52eaa2f7068970d1d3396b9002cf7f949f86bfc64625dc	204288	data/processed/deglitch_work/S1415a/S1415a.mseed
f94e06d9925ad1a7f6bd6e041870af3e894834dd02f17b0c2424f1974c21ca0a	691200	data/processed/deglitch_work/S1415a/S1415a_deglitched.mseed
76447db43e325d56721825adcd2d0fc5a129a11f74e8e887278378a8360b0c72	1380864	data/processed/deglitch_work/S1415a/S1415a_glitches.mseed
9b78c499675ef54f8339213815a76d6ace5e6187d7b6e1f3ca387eb9211db6bf	6892	data/processed/deglitch_work/S1415a/glitches_S1415a.txt
0c9d353e23696b30ae864c20bbd2f9264c7997d39437b3e17f58a2022127e07e	2241	data/processed/deglitch_work/S1415a/seisglitch_config.yml
c6a2cb06caa2496995864ebc247532f32c223a79baeae1b0160dc3a9f9a233e2	613994	results/bootstrap/type1_pkikp_occupancy.npz
0ed3c565520daf587459a59c837a86a447a737af16be165e4ea48647e8518252	806473	results/bootstrap/type1_pkkp_occupancy.npz
2fa207129a2099ef2f5c6fe012a9f097eafea1e26e3a190db7ab28c13884fc12	589744	results/bootstrap/type2_pkikp_distance_stratified_occupancy.npz
b33a9fc1f3856d5eee697050caa3ff9bdcf24ef6d8ee20f6b25974ed65376865	782552	results/bootstrap/type2_pkkp_distance_stratified_occupancy.npz
0711b15f88f5efd411a1b2d934bc25df97226be1a329513e62c5a2bb6c0ebd8a	666215	results/bootstrap/type3_pkikp_p_pick_jitter.npz
ad3d0f0a35f864e2183c3ebccc6fcd65fcf52071d03716219065fbd96839a6f1	897244	results/bootstrap/type3_pkkp_p_pick_jitter.npz
d464b28e05e5a86e63550998526db4e7ddf1004ee0c5ef8f10b6e317b6ebd7e2	2535	results/tables/bootstrap_picks.csv
dc9e579af59d818769dbea277f8f1ef8e1b2c3ba7b9d4054085a61fe6bb21eab	74559	results/tables/peak_comparison.csv
76c9a14693bec543920f99f4fc1b8066c7ef326668070b33825a7d7cbea2e1c0	291927	results/validation/figures/S0173a_preprocessing_gallery.png
2bc9737eaa4c894c2701f1d13e802300c2c1ce7aa2bb7944f73afcc82c37d1a7	199249	results/validation/figures/S0235b_preprocessing_gallery.png
ad3a4015794e770a56bd9ee307d1d7c8182b659535161d61371cc2573eb80557	170790	results/validation/figures/S0918a_preprocessing_gallery.png
0a85ab269425df37f3c9f0006720b80c54036dcdbabfe894beb939f3c3359573	904930	results/validation/figures/alignment_ablation_waveform_C.png
357aee571dd9f8648f272ee1aafe72a0db10c11461012067c78464c3cbc72f8d	871005	results/validation/figures/alignment_paperfaith_envelope_C.png
3f332889d6d09893b581ce00e898588887645d6f697b88e9789265881f8dd7e4	791286	results/validation/figures/alignment_paperfaith_waveform_C.png
696064a54b099088a15b18bc0f4d58bc26155604d51b92a751d40a34cee92eae	120992	results/validation/figures/benchmark_vespagram_validation.png
6c864ba888bb33c1dffadf843cba1a412582e2290770320887e9f4a0791795e7	69380	results/validation/figures/bootstrap_pkikp_diagnostic.png
cb2a35eb25eb52dee0cdbdaa7a943e0275b4a1367bb49cbd35138592ba2c5f79	81476	results/validation/figures/bootstrap_pkkp_diagnostic.png
10592e43014283a4296218406cc7fb4afa42f7c3dd4c6577be2f0ab8f5eacaf4	84434	results/validation/figures/model_profile_validation.png
d423208755d93c47bf02e3783b76c263db539a676c2dac193188a57816f3a311	1369	results/validation/incremental_validation/alignment.json
ae27ec44a1969f94410d795500adf2b30b00df17381b965f22f08ecb988b32d5	42	results/validation/incremental_validation/alignment.md
1e7c890baca6bf7f96e06a40eb68119ca8576d9fb10b65dad66c39cd7aceffb6	6221	results/validation/incremental_validation/benchmark.json
33570df715b073e400369302dcc99ce619e7099760055f8551b6e29d6c6aafaa	42	results/validation/incremental_validation/benchmark.md
77b42105de460c7df5b6ad6b4f2837c5187716fedd88fcc85375d2c270ce571a	5187	results/validation/incremental_validation/bootstrap.json
90899ab8755b2e6bb6987e0bcb83ab346596310bfdae8b048d453f59ae1ba9f1	42	results/validation/incremental_validation/bootstrap.md
501b327b410ad0e83ff9a8c54ae3587f0624378cd9740c528fe8e78bbcc86495	754	results/validation/incremental_validation/deglitch.json
c941e9ff6e299d46d96dee6b1057fb97c843e83278bd80d934c833fcbb634a63	41	results/validation/incremental_validation/deglitch.md
6025a4a3fdc5fe9d2c3253b9f6e6db7c888376bbec5d118fdde02ab74154d6dc	19792	results/validation/incremental_validation/inventory.json
6c717acc8e237ac9d6cdbe7843f2a499d3945bb4b383a92dada919721fc91e6d	42	results/validation/incremental_validation/inventory.md
9c85148950e37f6f3e612c93ac2cb161ab11de7d0f359c9824b1e5045c4f554e	1249	results/validation/incremental_validation/model.json
5108e4d872517d5cf9c28f3970f6ad0c8c3acf3a2eaa12cb14ff390f5340af9a	38	results/validation/incremental_validation/model.md
892aaef9062c336edf06a8025ed68eb1cc3cb939fb3628b33f25d9d4a6167f88	1173	results/validation/incremental_validation/preprocessing.json
d8187788b5d47b854b3c74e504054e4f1a6a88ac70f228f96ee289fa4fd5193e	46	results/validation/incremental_validation/preprocessing.md
e7f9a196f2e9f22bad175e49db4a06ce5485449891878360dd3d3f432d0d0ce3	1161	results/validation/incremental_validation/type2_distance_stratified.json
da07b7448480ad4051101005cf3006c48f9d9fb03b00e4264f2be72860b45718	58	results/validation/incremental_validation/type2_distance_stratified.md
23acdb5034bea3331b92e7e7fb24696beec59f267ca47c433dfec34a723d7c33	1377	results/validation/incremental_validation/type3_alignment_jitter.json
2a06013f5bd7c9bbad226adcd011f81a0858ca2e486e29fd644c07d0560231be	55	results/validation/incremental_validation/type3_alignment_jitter.md
8af8062344fd3c4ad7a395c7266a7538725fb9ebb9ef52df189a8d2276d5c17c	58609	results/validation/paper0_run_manifest.json
0cd200ae19de283d42e7a9aee7575e3c107f373ebdbe508e33d65cef83b652f7	5389	results/validation/tables/event_inventory.csv
da6464d2dce5f7c9ceb73b9cf172762c4b94296fa60340cbd5b6d90be69be4e8	36745	results/validation/validation_summary.json
44c936804b0076ad6e2a0c9c9f67df2c18eadb8a277634e143d79339dd22d272	2477	results/validation/validation_summary.md
92446aca8b3691e095018ef14249a68214458191840235a02a956caea1878858	56320408	results/vespagrams/ablation/envelope/C/nth_root_win1.npz
86b1d9d6d22054c86adf7b72b82c102bca8304ed766c6e1c2b4652d3946fa1c9	56320408	results/vespagrams/ablation/envelope/C/nth_root_win10.npz
d0a2f30ef14996471fbf3b3a4cf96d5a8465672fdbf26f5baf9cc0b00c8eda69	3657954	results/vespagrams/ablation/envelope/C/nth_root_win10_pkikp_sub.npz
1f8c3f469866dbebfa57872e9eb6b21f0d81720240f48b57d54ecff491ea4cc6	7281954	results/vespagrams/ablation/envelope/C/nth_root_win10_pkkp_sub.npz
6d7a949f9b7a3c874d6934406b2c056f2abc72a80c3f2ad4732de47af09c6285	3657954	results/vespagrams/ablation/envelope/C/nth_root_win1_pkikp_sub.npz
5db246075b0138d41ffbd1a1c13200017561328fee5550eb25050903c692dd04	7281954	results/vespagrams/ablation/envelope/C/nth_root_win1_pkkp_sub.npz
f3bd97d6b8e928b2e2700a28c7bc3f6d4226a64b48211636945536e75a6de691	56320408	results/vespagrams/ablation/envelope/C/nth_root_win20.npz
37d4f3d5dd6d6d5b8194b1c1360c507026c7f9e51a0753c89e3ba2cf76bb5fbc	3657954	results/vespagrams/ablation/envelope/C/nth_root_win20_pkikp_sub.npz
2795d3720f8f7d020c645e19abbd6351988d53839920731c6958511b72eb063d	7281954	results/vespagrams/ablation/envelope/C/nth_root_win20_pkkp_sub.npz
c84223d188c61b417ae9f2ee11fcf6529bb16676a27c5612e180273f9d30b682	56320408	results/vespagrams/ablation/envelope/C/nth_root_win5.npz
67e493f866ec7ccaf94552688550bf5c48e42fcdf7049dfd2f678b9537542c4a	3657954	results/vespagrams/ablation/envelope/C/nth_root_win5_pkikp_sub.npz
ab531a2a63ecaa7614a8f20d70ee37bc8626aa659df74febb81c5579375498b5	7281954	results/vespagrams/ablation/envelope/C/nth_root_win5_pkkp_sub.npz
28ce739ee324e7d3c1d8ba8ac5e0a6e0c57458cb8870fa6e50f433322773014d	56320388	results/vespagrams/ablation/envelope/C/pws_win1.npz
64b2a8d7a919c43dcc0c8e93d8dd6503807ab0ef7c0752238c4a8227b71d48a1	56320388	results/vespagrams/ablation/envelope/C/pws_win10.npz
05a6e3b0eb37764c2dfae652fb74899f7e0f4e03408cf2688b872e338d434651	3657954	results/vespagrams/ablation/envelope/C/pws_win10_pkikp_sub.npz
8155bf104fbc07f5f7764a0bcbbf81539c53f0505cd74f65fe12311f8542b219	7281954	results/vespagrams/ablation/envelope/C/pws_win10_pkkp_sub.npz
27748f35203c15c87616d6915b03f2a0118c51326660c37366639c17ce0e054b	3657954	results/vespagrams/ablation/envelope/C/pws_win1_pkikp_sub.npz
23fda5c8242e5cc7201363d1cc8c3e4c3ab883869081d2b0e1dc990597251522	7281954	results/vespagrams/ablation/envelope/C/pws_win1_pkkp_sub.npz
d7d289af36cd09a544d20a1aebf0b3d584c42bdcd19824697ffbfe960d3697ed	56320388	results/vespagrams/ablation/envelope/C/pws_win20.npz
2e5395c1d06fdbbb4da3ac2a3dea53b8119c1a2ae07a60969ae926cfb2e6a3e9	3657954	results/vespagrams/ablation/envelope/C/pws_win20_pkikp_sub.npz
c14defdbb0ee7b217d5640c30e5dde88b13736f915443a0fd6af620d0fd43937	7281954	results/vespagrams/ablation/envelope/C/pws_win20_pkkp_sub.npz
c8e0c67636dc379174542ae0aa462b1519990a4db0174e821005b75662aad270	56320388	results/vespagrams/ablation/envelope/C/pws_win5.npz
2320014869dab4e2cb5a160e996ad2ebe0dd9325fcf70b9e4dceeb1d937c2339	3657954	results/vespagrams/ablation/envelope/C/pws_win5_pkikp_sub.npz
851e6697c2cbd83279e1491f84133b8cab481c0304436610a97705f74c882197	7281954	results/vespagrams/ablation/envelope/C/pws_win5_pkkp_sub.npz
8fb4035b40711b0238a95eec7c9cf8167d9383943ee781731743313523c13db1	56320408	results/vespagrams/ablation/waveform/C/nth_root_win1.npz
f183b32b4e5fb45125caf5974a553adbd343f4ac61963266e405d2a2428d9c69	56320408	results/vespagrams/ablation/waveform/C/nth_root_win10.npz
3af364e9531493ddfe8dbba02c97b35aad5dda403e0157f97dab08efdb67d22f	3657954	results/vespagrams/ablation/waveform/C/nth_root_win10_pkikp_sub.npz
bdf71c1623081b2c506ccbb0bfa819e713027f7d4f81ff20444b809c3ad1b565	7281954	results/vespagrams/ablation/waveform/C/nth_root_win10_pkkp_sub.npz
849916593eedb2d6bfdc9534e96f149333c234223319d63fd08d3cae9e3e8240	3657954	results/vespagrams/ablation/waveform/C/nth_root_win1_pkikp_sub.npz
4f03630b357e06cd0632ffafcd9406fca1872e5f79804a090d40a5b875e98791	7281954	results/vespagrams/ablation/waveform/C/nth_root_win1_pkkp_sub.npz
d6ef471f88013e30ffd4ed6ad44f7b20860dbd2e00fa425af65d231a62fb00c8	56320408	results/vespagrams/ablation/waveform/C/nth_root_win20.npz
5cccb4a6b74c33af5da3f3964f088458bcfc13932076d58daa098f472914b7ae	3657954	results/vespagrams/ablation/waveform/C/nth_root_win20_pkikp_sub.npz
f9305a1e9dbfd4e2e77077643fbcebfe8b2b0a6383f257f09af533b020162f3c	7281954	results/vespagrams/ablation/waveform/C/nth_root_win20_pkkp_sub.npz
761e7f861fdff7f9d8e686834dd4630e9538f3211bbea63892e7c95124f4bd67	56320408	results/vespagrams/ablation/waveform/C/nth_root_win5.npz
1295fadf0c4793b493752738d4cda15bc9f870d6a9991d95b4b1eac188a1413e	3657954	results/vespagrams/ablation/waveform/C/nth_root_win5_pkikp_sub.npz
84a63813310f173d957a32ff79f729349f87f14604001acbcedbb576f1f09df9	7281954	results/vespagrams/ablation/waveform/C/nth_root_win5_pkkp_sub.npz
096e231ca7b023de39c08af151d818d037ac95bb33859f56ce7999747f02ce5d	56320388	results/vespagrams/ablation/waveform/C/pws_win1.npz
f47292017b90277955cef58860cf93fafaf7f11d840030b8bf9f391390e1906c	56320388	results/vespagrams/ablation/waveform/C/pws_win10.npz
50893a9a8b24419b7aa806eb8baa0f6e3735061f8a1f4df92166f44e0677efe1	3657954	results/vespagrams/ablation/waveform/C/pws_win10_pkikp_sub.npz
b6d7af7e9d4ddf1a9626800e3c49fae23e5eb571f05016b062a3c721446f24df	7281954	results/vespagrams/ablation/waveform/C/pws_win10_pkkp_sub.npz
947cfb72357eeebe78d0ed088f727c37b6c8099e6e368e8f6fc24930cbc2a334	3657954	results/vespagrams/ablation/waveform/C/pws_win1_pkikp_sub.npz
638b0b677a47e95a046632b59bd666ff5de81c483fd5031d02d6858e0a0fa628	7281954	results/vespagrams/ablation/waveform/C/pws_win1_pkkp_sub.npz
123ed2f95670cdfd50f39fd1b81fee61490a4ec02cfa6715a8b94cf83d29e7f9	56320388	results/vespagrams/ablation/waveform/C/pws_win20.npz
720e5a80bc1fb795116a9f224054a7c6d33a4be6650b82f70804d759a611bfd0	3657954	results/vespagrams/ablation/waveform/C/pws_win20_pkikp_sub.npz
eb891aefcf9b00cd1acc64ba424983908626b44382445cd3211a745776117da0	7281954	results/vespagrams/ablation/waveform/C/pws_win20_pkkp_sub.npz
7c9c1d0b486a620c18c366ea7e097679308b74b023ba040c735af8c73cd06765	56320388	results/vespagrams/ablation/waveform/C/pws_win5.npz
ddbb943c86bc87b8428c9d2a168503745bda01064ac0561b9028538fb63e3945	3657954	results/vespagrams/ablation/waveform/C/pws_win5_pkikp_sub.npz
35c611bb4f0aa83ded5c231152950e44666c0cc7121cbecebc40f1f244c7a2fd	7281954	results/vespagrams/ablation/waveform/C/pws_win5_pkkp_sub.npz
b7db3d469b3c79870bb936e5c71584e5139cf577544c7d65c1f4b3b60c53bbf9	56439332	results/vespagrams/paperfaith/envelope/A/nth_root_win1.npz
fefa1a5e7975f461034137a999e18707c79170b68492df0049b0d761b5da4b39	56439332	results/vespagrams/paperfaith/envelope/A/nth_root_win10.npz
37773a2888b5dea154b243983e04a271f3d2f5e4cc44db07930e99cc36cc1d1f	3659002	results/vespagrams/paperfaith/envelope/A/nth_root_win10_pkikp_sub.npz
5cfd5b9ee9d421d2bd1addc23a6ac5ed2e61b1f88a9756ebbe02ffccf4ded64c	7283002	results/vespagrams/paperfaith/envelope/A/nth_root_win10_pkkp_sub.npz
22112d3e1925786004b0b0f4c5924afa77dde663ff9671e01d78d2da5bbdec23	3659002	results/vespagrams/paperfaith/envelope/A/nth_root_win1_pkikp_sub.npz
925644bdc69cf2f1c1f5e52e079c3f68cab5bc2bb5d5819e331fdfe9214663db	7283002	results/vespagrams/paperfaith/envelope/A/nth_root_win1_pkkp_sub.npz
b4a2ef39476ba5182710688d2bdd65fa81304e15932aa501e2c8135528416ed4	56439332	results/vespagrams/paperfaith/envelope/A/nth_root_win20.npz
4d63285159734b895273851a77be874bb8708a23184f90ee54da690e86669624	3659002	results/vespagrams/paperfaith/envelope/A/nth_root_win20_pkikp_sub.npz
f59a0be0e45e9f5c19c4fd957b70e5e91e876edd7393d2bd0bf633f3d7057859	7283002	results/vespagrams/paperfaith/envelope/A/nth_root_win20_pkkp_sub.npz
33d8bafdb862d33c75dd3aa899600dc9a4b30be5fac75fc8f7a2e24535ae364a	56439332	results/vespagrams/paperfaith/envelope/A/nth_root_win5.npz
53dd5eeed5aba1b8ed800df829caa5296c31d5b0e563fd827ecff34c5dedbbec	3659002	results/vespagrams/paperfaith/envelope/A/nth_root_win5_pkikp_sub.npz
14b71ded81563b6fe10078385d154c25aa54d7f8ef6ea525a6a18feb18aa9c66	7283002	results/vespagrams/paperfaith/envelope/A/nth_root_win5_pkkp_sub.npz
1dde40578a2f571d211c99c65bc89827d237b86611310bfdebc67c319551417c	56439312	results/vespagrams/paperfaith/envelope/A/pws_win1.npz
e105ccf90a594d084a5a99aa61f54bc44cb2e95eeb52eff85e3c4d7de5e50d89	56439312	results/vespagrams/paperfaith/envelope/A/pws_win10.npz
98164c4971a8d227311e902ac20aecef3ecf1d0c034aebb5939b01a82f4483d5	3659002	results/vespagrams/paperfaith/envelope/A/pws_win10_pkikp_sub.npz
7367246f125b8042d1cb0f6bcbae0c0d47d4105c45e115b4981ffff9e5c7c58e	7283002	results/vespagrams/paperfaith/envelope/A/pws_win10_pkkp_sub.npz
9d01f161f62ebbb06c172f53da940253b136aad4d744299f62491768d4f98702	3659002	results/vespagrams/paperfaith/envelope/A/pws_win1_pkikp_sub.npz
35845a2d962a95a999d09136a3220e4ac5c936a9f94c132f084127d4b023f135	7283002	results/vespagrams/paperfaith/envelope/A/pws_win1_pkkp_sub.npz
816e9310d24f60e37cfd0c515b15d9e086dea9824d191ea3c2ecc0b3891e6702	56439312	results/vespagrams/paperfaith/envelope/A/pws_win20.npz
692a56b8769603f938254a00d2602b83047f3289df78b160e461a9bf1854b176	3659002	results/vespagrams/paperfaith/envelope/A/pws_win20_pkikp_sub.npz
cd8beae32136c44d308932d12894cbcf862664863a6689c84b4ad1d6efa7e9a6	7283002	results/vespagrams/paperfaith/envelope/A/pws_win20_pkkp_sub.npz
f0820bec885362d39ecdbfe574de01b3e6c97969cc03069f5dea9d4a2cd2bb17	56439312	results/vespagrams/paperfaith/envelope/A/pws_win5.npz
9c217863a4189c34a6e47cd1668a0037a26dfb9fe0446469e94f9ce508f3ed74	3659002	results/vespagrams/paperfaith/envelope/A/pws_win5_pkikp_sub.npz
4f4e2517067a1683919d6caf04fada993cd00054746144aeba4e328aa57d73ad	7283002	results/vespagrams/paperfaith/envelope/A/pws_win5_pkkp_sub.npz
c496c009cc8fa913d927caa8daa1f26eff81702aefee7d1bd5838f91448e25ee	56439484	results/vespagrams/paperfaith/envelope/B/nth_root_win1.npz
46b07155fbbdbe2fff5a82871422dd404de3c9411a272cca4e4ffa066421ac53	56439484	results/vespagrams/paperfaith/envelope/B/nth_root_win10.npz
4bc6a2592f9928743bd4b386ea3daba5e456749f66d4773fc261070370c29431	3659002	results/vespagrams/paperfaith/envelope/B/nth_root_win10_pkikp_sub.npz
728d65a4325cfaf111e6e76beb9256d118da24aac8cf408132c894172b8b69eb	7283002	results/vespagrams/paperfaith/envelope/B/nth_root_win10_pkkp_sub.npz
9e5a9c755b33bbb9213c8eeaeed91cbd772e62b5c53c035657ff9d8e33701333	3659002	results/vespagrams/paperfaith/envelope/B/nth_root_win1_pkikp_sub.npz
66ffb356452f0494651933ced32f4503fd501407ceaf3c2942ed769353b7bbc7	7283002	results/vespagrams/paperfaith/envelope/B/nth_root_win1_pkkp_sub.npz
6defa8e9ec556e85c4435cb92b5cd088f90acc4b2ee781cc3d1cd7e47a8c22d8	56439484	results/vespagrams/paperfaith/envelope/B/nth_root_win20.npz
f32f5d4db7b481918da44db8731734d13944d1f4e41cec315e196824be62cc92	3659002	results/vespagrams/paperfaith/envelope/B/nth_root_win20_pkikp_sub.npz
cc064dafcce1e1cba72c540af11fa7b51f90a601b968eebc1a70021cb75daf00	7283002	results/vespagrams/paperfaith/envelope/B/nth_root_win20_pkkp_sub.npz
5f5c84bc9a02502fffebd074997bb12161427da9ca5beaa550ef951d79a0657b	56439484	results/vespagrams/paperfaith/envelope/B/nth_root_win5.npz
2c114df9601a608a80852422b7fd8e502cc72d74139060934af2adb39d25c0ad	3659002	results/vespagrams/paperfaith/envelope/B/nth_root_win5_pkikp_sub.npz
341bbaab4fe365d3eede53bea6fd43445ab7d83242685244a358674c19d24ead	7283002	results/vespagrams/paperfaith/envelope/B/nth_root_win5_pkkp_sub.npz
b1e5f638439a8bc12b8c559afeba67fd205488b4a2e943013edf967abd1a0a4f	56439464	results/vespagrams/paperfaith/envelope/B/pws_win1.npz
46802c6028c51deb305a78e11f58383bc01da5035422497a3c4b89f07b22d7c3	56439464	results/vespagrams/paperfaith/envelope/B/pws_win10.npz
dba9849ebf8b684e5832e571c340863dfec56037443bf04d4715f6c16edecd9b	3659002	results/vespagrams/paperfaith/envelope/B/pws_win10_pkikp_sub.npz
9bb2bce74aea7936139cc0e7bc7ee38040ea8b13f839f7c93ed73ee90e9f99e0	7283002	results/vespagrams/paperfaith/envelope/B/pws_win10_pkkp_sub.npz
837ba51aec7beb1d8ec5a5d08d8f8c472c5c6f6b2d590f85d35d8709a0e5ca41	3659002	results/vespagrams/paperfaith/envelope/B/pws_win1_pkikp_sub.npz
8907234c60181337042c241879705f3ce8df3cf1afb3dc1c602081af1845c6af	7283002	results/vespagrams/paperfaith/envelope/B/pws_win1_pkkp_sub.npz
be307b6a8d9b4893844dd4521c3935f7dcc373f2de12bf47f4e5e1de339f3bdf	56439464	results/vespagrams/paperfaith/envelope/B/pws_win20.npz
9196b15a9ad55bfa8aadbb7ae4eb5f9929196ebcc2515e2f34bef6e6732606f6	3659002	results/vespagrams/paperfaith/envelope/B/pws_win20_pkikp_sub.npz
c98d98e14b51f1bb4233ea452335daa21b8942f74dd027e5aa45a2ecbc383f0c	7283002	results/vespagrams/paperfaith/envelope/B/pws_win20_pkkp_sub.npz
510ed06ee955d2e80f81ee21cbef980801e1a9fccf754fbe7347a33fe73d4735	56439464	results/vespagrams/paperfaith/envelope/B/pws_win5.npz
acd2adad49059de893387b8031f25bd87bd775c097a22509810d53d882b752ef	3659002	results/vespagrams/paperfaith/envelope/B/pws_win5_pkikp_sub.npz
8567ffc14673bb85bf43f71dd418943f554bc3b0de2cc2091b3d267771a1808c	7283002	results/vespagrams/paperfaith/envelope/B/pws_win5_pkkp_sub.npz
dd379b2135517fabbe7ccea004475fb70609f09ccf39d0a2f0e72fd338467de1	56439256	results/vespagrams/paperfaith/envelope/C/nth_root_win1.npz
142f89714bffde9a57ee899d3bab395285e1111139ae1e0352d503d02b50917e	56439256	results/vespagrams/paperfaith/envelope/C/nth_root_win10.npz
ee34d2650b8c3f12a45b987a68c20d8b1ead2a3256855ab8bf27c5b2673292b8	3659002	results/vespagrams/paperfaith/envelope/C/nth_root_win10_pkikp_sub.npz
26dec7be13864aae148572d6869338a4e184f85435cac0deaada38d4910d6cb3	7283002	results/vespagrams/paperfaith/envelope/C/nth_root_win10_pkkp_sub.npz
46b77df4b1ac5a75226cabd9180f116fb23bc0b825bb11b843e8aa4cbbcd4c49	3659002	results/vespagrams/paperfaith/envelope/C/nth_root_win1_pkikp_sub.npz
41cac036e1c4c454ef8d90b24c72079b70987f7365df0593ed2ec3e3dfe89819	7283002	results/vespagrams/paperfaith/envelope/C/nth_root_win1_pkkp_sub.npz
d72150d3e3e8f9bbc5e1efa515684476d330b545ea95c47f18297e37570c7168	56439256	results/vespagrams/paperfaith/envelope/C/nth_root_win20.npz
58e19fce0b69b89159b4588b1e662579aad14e7dd1f0ec9f09fc3b8c95ec8bd5	3659002	results/vespagrams/paperfaith/envelope/C/nth_root_win20_pkikp_sub.npz
9a84a7ff74aef1c5959d5b42d3dd56890d899d48016cae74532e6c4cecb63a9f	7283002	results/vespagrams/paperfaith/envelope/C/nth_root_win20_pkkp_sub.npz
98868b439745b078624983017977ead9963d01a1a504531792c4c61a0972416b	56439256	results/vespagrams/paperfaith/envelope/C/nth_root_win5.npz
1642bd2a4baa765d1f9cbdf691cf1dfd3dcbfc11d8ab9f3f09ff0779aabe0ec4	3659002	results/vespagrams/paperfaith/envelope/C/nth_root_win5_pkikp_sub.npz
18ed2410ed53f12d6ffae39e3f47b4027595b69f0e5964c1f80a219688f51f3f	7283002	results/vespagrams/paperfaith/envelope/C/nth_root_win5_pkkp_sub.npz
2acab9bc0d96f04c967161a1d85c7348a60809cf424679705984b90bb6d1e5ff	56439236	results/vespagrams/paperfaith/envelope/C/pws_win1.npz
c3e78fd467a6ada48b9dfcdb7c25d730aa720e23b6ffff5bebaba1142e99a325	56439236	results/vespagrams/paperfaith/envelope/C/pws_win10.npz
91a45ac97b14fef09f2dea4342175a22bdb990c75928701f0310d2db012250d8	3659002	results/vespagrams/paperfaith/envelope/C/pws_win10_pkikp_sub.npz
1b8bfbd3ad1c7c5329a57352f1f41c164608c2916b0cd1b6c594c0c74a22be9b	7283002	results/vespagrams/paperfaith/envelope/C/pws_win10_pkkp_sub.npz
2e4282ccae45f55eb20a7e16743428d29bc62678d720c393f517c222492ad169	3659002	results/vespagrams/paperfaith/envelope/C/pws_win1_pkikp_sub.npz
a937106200e283699a3bf5485c8f1db853d2e1a6d5e6e1ecbc1b40161b4acb46	7283002	results/vespagrams/paperfaith/envelope/C/pws_win1_pkkp_sub.npz
611a9e12e32abd358f8bcf904eea8bc08b9b37065f86137b994c8e32354f94f4	56439236	results/vespagrams/paperfaith/envelope/C/pws_win20.npz
618fc9134f56784d8382788f832812cdda52ec5dd6849dd59533babab8f15535	3659002	results/vespagrams/paperfaith/envelope/C/pws_win20_pkikp_sub.npz
d81944f15e13a40847e2e5e1363b049301de0e312bfef3dbfedbcbc21e5504fb	7283002	results/vespagrams/paperfaith/envelope/C/pws_win20_pkkp_sub.npz
9afd208c878610560e08c819aa49521050fb72bb62b5bda5b5489934e2db233f	56439236	results/vespagrams/paperfaith/envelope/C/pws_win5.npz
ed01fdd5887ccfd9226a62bde5ee6746d33080dcfa0325522f2c166ace80e58b	3659002	results/vespagrams/paperfaith/envelope/C/pws_win5_pkikp_sub.npz
b02353f60cd377d00dad7b0c4c54f23827b2e1f6d0128f053f30a7ac5a7add39	7283002	results/vespagrams/paperfaith/envelope/C/pws_win5_pkkp_sub.npz
7310b1cc47d9c02648810d5977373f3e342c967e6bb6598a24f340f041c23696	56439256	results/vespagrams/paperfaith/waveform/C/nth_root_win1.npz
783250d8c0dc125e8204ccccbb2cf95b5e60c97c20b305e8c0e9bbaef848bd84	56439256	results/vespagrams/paperfaith/waveform/C/nth_root_win10.npz
f26b2e3be397b5aaf04bc9db4ae764e0ffbcd2e43baebd0a9a9dab255ff80c0e	3659002	results/vespagrams/paperfaith/waveform/C/nth_root_win10_pkikp_sub.npz
7e349fd0868ca03367df6c1662cb05fb2aa3d6cd00ace1b4e69fd97080b641dd	7283002	results/vespagrams/paperfaith/waveform/C/nth_root_win10_pkkp_sub.npz
369317bb1f9e0b8510ff9e937924a5cafdd37ca57f2d23eaa87eff042917bb12	3659002	results/vespagrams/paperfaith/waveform/C/nth_root_win1_pkikp_sub.npz
735dc959a255a1af8041deaca708774a5dc4034fc61ce5d5d465c04045f7b511	7283002	results/vespagrams/paperfaith/waveform/C/nth_root_win1_pkkp_sub.npz
94e51693a2c774ede10a9e56c3863363cb9008363aa927f0ad54b3347301863a	56439256	results/vespagrams/paperfaith/waveform/C/nth_root_win20.npz
7850bd386bf58474a3d9156b3415025cef93550ba66f548b6a1c57c29ffcbc74	3659002	results/vespagrams/paperfaith/waveform/C/nth_root_win20_pkikp_sub.npz
2698d2c2c50ce53eb8c96e2dabd761a618651356f1fa83bf87851c3619360b08	7283002	results/vespagrams/paperfaith/waveform/C/nth_root_win20_pkkp_sub.npz
a50b159940a01a0cf55e3d640e9098d12a47815768547386a5df9109ec4e8cbf	56439256	results/vespagrams/paperfaith/waveform/C/nth_root_win5.npz
946c210715901b7153ccf98a40c1ffb9aad2651ac65a435f46474aa3242a816d	3659002	results/vespagrams/paperfaith/waveform/C/nth_root_win5_pkikp_sub.npz
45b9edb3457554dc3147a4cf528165f4b083591a513a4d5954110d9b7a1dcda2	7283002	results/vespagrams/paperfaith/waveform/C/nth_root_win5_pkkp_sub.npz
9ef6cb60f424a5f255ee6771af9d3bf006145bc48c6c86b8fb41c5e843790dd0	56439236	results/vespagrams/paperfaith/waveform/C/pws_win1.npz
4e9ad8b04f54818cc47789f84a8e730e34bf92eacb8a532d445140aa441af1d5	56439236	results/vespagrams/paperfaith/waveform/C/pws_win10.npz
ebe986bc169eb70b60ae24994b141027b08e31d7ef359d47437391641b5cc51c	3659002	results/vespagrams/paperfaith/waveform/C/pws_win10_pkikp_sub.npz
36e846f0f61f48983b5ef0dd239c3cae0d7ed85f9b025f386bfa85901416f256	7283002	results/vespagrams/paperfaith/waveform/C/pws_win10_pkkp_sub.npz
0241603609d477093e1c33fb266971c5957d715a34e2611eefe76dbd77c294db	3659002	results/vespagrams/paperfaith/waveform/C/pws_win1_pkikp_sub.npz
2042bb60234ea373a49e9028dd3dfed097c6b2b3f7a9f185c8f0aad27d2a2b21	7283002	results/vespagrams/paperfaith/waveform/C/pws_win1_pkkp_sub.npz
17f4270c063bef73a5ad29ac592aa20cdbc195ff997d0805f0739e6baa19b92f	56439236	results/vespagrams/paperfaith/waveform/C/pws_win20.npz
3f75702c4eef885f74ee9defcddd711b90e88186d4e5856cb620fd9264107557	3659002	results/vespagrams/paperfaith/waveform/C/pws_win20_pkikp_sub.npz
252227d5764291f19f4848fc0ea9423f50b79f9bd8b6b756c4deee5d59a5e0e4	7283002	results/vespagrams/paperfaith/waveform/C/pws_win20_pkkp_sub.npz
425588ed0e929ff9edc056ce7cc55897ad6af72b9f42ebefdb5c587bab3a2cb8	56439236	results/vespagrams/paperfaith/waveform/C/pws_win5.npz
ff9f1585be615eb5d426f763271377c80ed9005ee836872af432f43fd31157e3	3659002	results/vespagrams/paperfaith/waveform/C/pws_win5_pkikp_sub.npz
6f7d50c5315d19a8f2b8bf2071a868e0e2646d3b428823620e65c83ce2c5625d	7283002	results/vespagrams/paperfaith/waveform/C/pws_win5_pkkp_sub.npz
